1.736493594779733840e+01	2.292044563748795838e+00	-3.243219134762755829e+01	1.952290949142046017e+01	-2.170557014101328175e+00	1.424801740580547538e+00	-5.731934461207004450e-01	3.469943764652243967e+00	-1.503155978453123431e+00	-7.089890799161263635e-01	7.628479661883955654e-01	-4.447776531587420479e+00	4.976215425266070191e+00	-4.338426617810686725e-01
4.424398727637265694e+01	9.252023418031461333e+00	-1.079814998155349137e+01	3.765950193423292180e+00	5.536824302591927704e+00	2.935236335016159437e+00	8.738228249691376348e+00	1.994063048898804258e+00	-1.062979563011278117e+01	5.918291729448217353e+00	-1.293947156187114533e+00	-1.142370142808386291e+01	2.673999404890180509e-01	-1.037166858118700186e-01
6.688023604185021398e+00	6.852556243879222464e+00	-3.526488532127278575e+01	2.053555091859549364e+01	-5.470372776249234903e+00	5.838748105330395788e-01	2.912464058455300986e+00	3.702680354839897880e+00	-2.592282776677381051e+00	3.753036304028668724e+00	-1.916590365285057773e+00	-8.192087825871469775e+00	3.206363841931659575e+00	3.280744526475904532e+00
1.512417244212473122e+01	-1.429755985515815730e+00	-3.042506478797517389e+01	2.542212223200094812e+01	-1.756440693594073732e+00	1.379161522111456817e+00	-5.359384818994119115e+00	1.359386111698769883e-01	-1.724005939339711357e+00	1.043461003187940994e+00	2.134203308486174677e+00	-4.134146912993446499e+00	3.151046496535148567e+00	-3.601204178732105021e-02
4.849869675068318742e+01	1.728626633047142036e+01	1.834732967262639791e+00	-5.933072665698950310e+00	-1.268878926171043364e+00	-1.996010559489068026e+00	1.182397850721539356e+00	-1.673161351136449371e+00	-1.179406798294379222e+01	3.205505334237421788e+00	-5.753048258787278435e+00	-5.668422149298256052e+00	2.111899059156460368e+00	3.599013814643107878e+00
5.655497323886572048e+01	2.039341841209966333e+01	1.139942308456884312e+01	-1.219914358563501899e+01	4.053348405073941008e-01	-3.521963314275422530e-01	1.073614418224412681e+01	-1.975361810094085735e+00	-6.823882380537637182e+00	4.536244921939426966e+00	-4.700453611817798638e+00	-8.236359104769578110e+00	1.131703419272438865e-01	-6.490265763109556163e-01
6.779122283573691732e+01	1.817039804251757218e+01	1.788926732917679630e+01	-1.792600101680170965e+01	4.736665799176336122e+00	-1.786694439849394689e+00	1.522063636213711568e+01	-4.905550160790570935e+00	1.538588498063248933e+00	5.428547566765761445e+00	2.446068409026571189e+00	-8.709660350726924349e+00	2.321365359233785508e+00	1.149013202858093941e+00
5.492716961844383405e+01	2.132375977099915332e+01	1.235452685505023496e+01	-1.283473416289905877e+01	-6.600818344491643508e+00	-2.016192611317374261e+00	7.486341990300394045e+00	-7.410477848964039715e+00	5.874641619549162641e+00	-8.816760167103719681e+00	4.265878431836972240e+00	-1.163379736414106302e+00	-3.888655995918336217e+00	-5.225078211276950491e+00
5.025734861170955270e+01	2.221982312823279315e+01	6.638192705223997514e+00	-1.012708140452579997e+01	-8.282209574983651734e+00	-3.512180938051209900e+00	7.121661750241723432e+00	-3.680473531400250575e+00	-1.442206562687676330e+00	-1.204648488279225482e+01	4.501165199040577214e+00	-2.276958010997045978e+00	-3.578499807672647748e+00	-8.422017879287619024e+00
4.214142310006189263e+01	2.671752097233519763e+01	6.819521055705036972e+00	-9.424685472797882824e+00	-9.423870078510477200e+00	-3.266014607897245181e+00	9.990659911285272088e+00	-3.609339262918683566e+00	9.225832631795622518e+00	-5.542949539538973625e+00	7.898044660527268945e+00	-4.067754728817692289e+00	-2.702422351274689660e+00	-7.241768116139794209e+00
3.996205827649609432e+01	2.734979679797767460e+01	6.411071857492962600e+00	-5.928228886110608720e+00	-8.514644521160278146e+00	-4.515873201645349333e+00	1.130715693054592386e+01	3.986665954328925565e+00	8.112461020817594459e+00	1.048324187587956935e+01	4.059132732697357526e-01	-6.729044852882420713e+00	-2.426909821500738695e-01	1.112234609408993879e+00
3.301251201337232288e+01	2.420677337904504611e+01	-4.506510096733588711e+00	-6.193320776671973685e-03	-8.560595225435955413e+00	-1.120797423174774377e+00	-5.571978754741962803e+00	4.417902334017316690e+00	-3.359512300220660386e+00	1.118794715017695651e+01	-5.899911677601511251e+00	-4.173688621728198100e+00	4.162711062610577883e+00	2.748665552602579165e+00
2.406266975490969529e+01	2.099809728547258558e+01	-6.713132791183777037e+00	8.169452880359360236e-01	-1.181637532426476689e+01	-8.822412071911248432e+00	1.026334547501792649e+01	4.119170212328292280e+00	8.030626351324656298e+00	4.217862918157655905e+00	-5.001799691224190214e-01	-2.939608266634676781e+00	4.868828635798636562e+00	6.950356211096044845e+00
-5.593288514648399001e+01	-3.990882885615646636e+00	-3.873369618513423429e+00	-1.041211548718260493e+00	-2.463810637468573095e+00	1.473163545613036529e+00	-4.728504963725706389e+00	-6.015776987136079335e+00	-8.558247145416205015e+00	3.828564848045154512e-01	2.531585865443574335e+00	1.786060664721033975e+00	4.109278133687586099e+00	3.705167906750599816e+00
-4.968232420430162932e+01	8.886013262505727539e+00	-1.663805692371355560e+00	-3.181018785465446364e+00	-1.400234668349297884e+00	2.058710171984413417e+00	-1.333608230310193488e+00	-4.982212010724209605e+00	-6.310246880258475244e+00	2.560526849410160732e+00	4.775978993493484204e+00	-2.860279330876791093e+00	2.456243513349707364e+00	-2.535371338220453463e+00
-1.443533020808756540e+01	-1.738465699407278908e+00	3.169279774911580105e+01	9.895867423790672746e+00	1.261468509377241753e+00	-2.143941219117665042e+01	-2.662577747539642825e-01	-6.961478035168762180e-01	-1.261093677350073161e+00	3.060498835278498753e+00	-9.217417010507059416e+00	-4.886293355537297822e-01	-4.457313062224978140e+00	1.848930340507564996e+00
-1.491880354448943891e+01	-2.777118097598686441e-01	3.382013832555724520e+01	1.224297895491141830e+01	2.027492161531589066e+00	-2.367416542202363061e+01	4.462499993032792212e+00	-5.747723920893235139e-01	-4.959830913841558164e+00	5.148464009800046703e-01	-9.962976342407671382e+00	-8.887612868683202327e-01	-4.685043322878912342e+00	-3.711277383607366476e-01
-2.304004746506405255e+01	-9.154204552422902097e+00	2.951998898682279204e+01	1.880067360091280904e+01	-3.014878579716126605e+00	-2.908732250834173527e+01	2.313465987202307783e+00	5.703500777954156886e-01	1.376299701476070281e+00	-8.980520340601496621e-01	-3.198226060704174145e+00	9.570749885394942424e-01	-2.669654708642114738e+00	3.240518671807162576e+00
-3.545328996244742825e+01	-1.068689837178819424e+01	-2.026105951061063060e+00	7.516249479042037551e-01	-1.642769657360373392e+00	-1.178660809119928876e+00	-5.262417549753297230e+00	-7.053185933098744087e+00	-1.017765172486280317e-01	-3.551025512399402562e+00	5.446501191664122388e+00	2.907046028186145659e+00	2.685927817893550618e+00	3.264117446102500875e+00
-1.508398939414956352e+01	-9.937940752999152139e+00	1.180371367208250355e+01	5.250646363456945576e-01	3.170290138633357735e+00	-1.268430995793973004e+00	-9.508792531917730884e+00	-1.158801197399207972e+01	1.093627590956709472e+00	-8.628363991295864288e-01	2.175324611656104690e+00	1.527086628822500680e+00	3.035158675896280300e+00	5.090977278189772193e+00
-2.942002110552228089e+01	2.501075910302596839e+01	3.214310839349007853e+00	5.786001652265163608e-01	1.044026496437887452e+01	-7.064118075164152799e+00	-3.703891616530385456e+00	3.354374903790681817e+00	-3.955498324599001858e+00	-5.731443951081825361e+00	-4.562246990286719317e+00	-6.543111301949676717e-01	-3.678212588770965574e+00	4.190542712429840222e+00
-2.072604897125769696e+01	2.319872720604681859e+01	9.907937951903473817e+00	-1.993458977850071312e+00	1.322041847986595364e+01	-1.041488737490763761e+01	5.587725833823620647e+00	8.453018424367282346e-01	3.382960820963420989e-01	-8.622213425798825881e+00	-3.781827533521473050e+00	-9.400880047980976206e-01	-4.197822210291463740e+00	3.798798238571230446e+00
2.139686502360914133e+01	4.251710191001908612e+01	1.053878549534768450e+00	-7.044274413023904557e+00	-1.762847114346915589e+01	1.940935682838342280e-01	-3.100923940988098870e+00	9.574592709294581283e+00	-1.550534668191823284e+00	-1.078277313572946872e+00	1.362661279704484585e+00	1.048042592656028837e+01	-7.105179441788405548e+00	-3.299792917107173817e+00
3.158347602993281100e+01	3.722932006108111125e+01	5.026753359353237194e+00	-1.410164261290365317e+01	-1.295583693558575789e+01	2.698559194435361519e+00	-1.084920032891601771e+01	5.899202129436503128e+00	-6.235067418838280418e+00	3.531173923250426672e+00	4.000535891186673965e+00	1.234805868302661658e+01	-5.521671868479291589e+00	-8.599165795598184836e-01
5.895786245889319588e+01	3.419494060540532843e+01	1.821654564430841106e+01	-2.016189690369886733e+01	-2.873843217595357213e+00	4.884615533614786287e+00	-1.042069688697240615e+01	2.328148666712444470e+00	-3.142760151391763124e+00	2.390773370950161514e+00	-3.129615553750292545e+00	1.112539468356693639e+01	-7.568724310974868530e+00	-9.025244794854885289e-01
3.094348089528151746e+01	3.658200397785380886e+01	3.655111183029412292e+00	-1.273152857546229200e+01	-1.307004434662898085e+01	7.794709170462222891e-01	-8.085399008602921711e+00	6.925692713961641545e+00	-1.692257727690256397e+00	-6.492359520878400181e-01	3.254887476911823896e+00	1.076889098261329103e+01	-4.937762125174429251e+00	2.293029815334977559e-02
5.325868667448811067e+01	3.224895919744064088e+01	1.201900020068205421e+01	-1.968236022919661110e+01	-6.992953850896188150e+00	1.493026382748672054e+00	-1.059121869614899936e+01	5.316926516339876230e+00	-6.966865457085738456e+00	-2.644360019088372482e+00	7.140806776559266433e-01	1.135550783188054069e+01	-7.154184985340788394e+00	5.625232925751179058e-01
9.311073756841742011e+01	-1.492577676871818859e+01	5.275711325032624188e+00	-3.939538759028537562e+00	1.995928444839409721e+01	2.379548213815648072e+00	-9.790443129052169624e+00	-1.056872823673986517e+01	-1.617754242532997822e+00	1.584974816181188961e+00	2.957933019465870839e+00	1.461002518662936289e+00	-1.911863301206818466e+00	1.044972832163771237e+01
5.731698383901813543e+01	-1.109966158793671731e+01	-1.425476212735994253e+01	1.331224723591339654e+01	9.448824467655326131e+00	1.006248494171670504e+00	4.050842857093337024e+00	-6.061911697853298975e+00	-1.015229868160627769e+00	4.241748287664531825e-01	1.904071298061783546e+00	7.506596855739058327e-01	-7.010029742529364505e+00	9.453172903365902879e-01
-5.159230107918748587e+01	-2.620752776271508822e+01	-4.997312954104709881e+00	-7.338941882368910541e+00	-1.131324470247958303e+01	2.781773950124591277e+00	-2.177473166071127952e+00	5.408092350660824721e-01	-1.521344212269003959e+00	1.611517310050947227e+00	-9.327825413604922122e-01	-6.049682298006527681e+00	-4.133684529362016136e+00	-2.798432548993624369e+00
-4.434299503953936039e+01	-2.436035694054034906e+01	-1.182913568467487408e+00	-5.698640776788875151e+00	-5.594247678351147890e+00	2.986021425773325966e+00	-2.423188095552936350e+00	-4.367178090586772754e+00	9.590216736565452260e-01	1.918387212828042143e+00	-8.670349995912448593e-01	-2.145027916242374655e+00	-2.356164012806737151e+00	1.904920648187970134e+00
4.531169135884140786e+01	1.983975573633237843e+01	-9.813773155430675077e-01	-5.338836084890294487e+00	-3.690383588933096259e+00	-4.723170424899149289e+00	-9.254634748667953659e+00	4.910745565857115302e+00	-6.331336039647918135e+00	5.989816927116649481e+00	-1.373799396827567021e+00	-5.002889786490834823e+00	9.698509030314657053e+00	4.132976521132246006e+00
4.169597650794564458e+01	2.405612846513858472e+01	-1.721637873738677049e+00	-1.179261164551871666e+01	-8.302693725359887367e+00	-1.806254346358500962e-01	-2.197682568137412140e+00	-1.023932047826953573e+00	-3.106276051710499253e+00	-7.175654791381392172e+00	-6.212067499517827329e+00	7.753917022673361137e-01	-3.741644501362205055e+00	-5.780091444348690599e-01
2.631474603696932135e+01	2.216658199593079459e+01	-9.088994681989959190e+00	-6.848244287824731380e+00	-9.811271423956098303e+00	-3.469392196380307603e+00	-1.026163354829658036e+00	-2.400906954626598200e-01	-1.069691634922522949e+00	-8.944207675397169766e+00	-5.845145049172208118e+00	9.952837026257579378e-01	2.407305104974360455e-01	1.032844969188344564e+00
1.566212911895390114e+01	2.392638581163742728e+01	-7.261308526914246109e+00	-1.822842773297978614e+00	-1.414766492914226603e+01	-5.785554053149112086e+00	2.402473767282102557e+01	2.190601305455550651e+00	1.352886102966053627e+01	-3.604142825398533034e+00	6.878550950718133272e+00	-6.342795606571404399e+00	-6.370794375520520691e-02	-9.464976221867759110e-01
5.332795326959782045e+01	1.719002112109215474e+01	3.852707115874527855e+00	-5.749680375901434992e+00	4.679064374067959386e-01	-2.819545402565131642e+00	-9.943921718211587546e+00	2.635575896491867631e+00	-2.829070575219025940e-01	3.962553140632039561e+00	-4.129268987423938775e+00	-5.321901204506191974e+00	1.088742905783615633e+01	4.358153737120874283e+00
-2.585201861797801470e+01	2.892342538096484894e+00	5.934601705131706595e+00	-5.713132563805258357e+00	2.044559259592008260e+01	5.664147146815660783e+00	-1.538876110545368903e+01	3.907297139049791035e+00	7.906884242690770392e+00	-6.117454136870430048e+00	4.749485582719448651e+00	-3.058200657187291949e+00	8.218472568080841256e+00	-6.687537033994730429e+00
-8.181173274077462310e+00	5.060766650392543031e-01	1.718845763658111281e+01	-6.499931776627154711e+00	2.133873750343287412e+01	2.041952363732559839e+00	-8.683660123351273796e+00	-2.740555553661399024e+00	1.307860517189677196e+01	-1.022203079815539972e+01	2.087281631653835401e+00	-1.573053658092852025e+00	6.226087865600814730e+00	-8.239241968543224104e+00
1.389222320130034127e+01	-3.198626804254380218e+01	1.528679639862060391e+01	-1.952125676400907039e+01	2.870169445343255354e+00	6.395000538873585327e+00	-4.944345177773316280e+00	-7.902613352003183600e+00	1.029775343522501885e+01	4.463605401541717588e-01	-8.165877802343274539e+00	-2.088541966460508437e-01	2.911864475160148125e+00	5.838753635910074458e+00
5.277496853926055831e-01	-3.011221744598487504e+01	1.080904389578793001e+01	-1.482933056440139552e+01	6.843632969111336228e-01	4.485643103076471405e+00	-8.783413193558399001e+00	-6.112875526577622232e+00	7.053213241914091824e+00	-3.746481838097370343e+00	2.636749429137028589e-01	-2.664156731022275348e+00	2.523293606038085723e+00	-4.101512121381552411e+00
1.703438288867296313e+00	-3.713020251877033928e+01	1.061525376224564710e+01	-1.227267012119044587e+01	-5.509965637388295256e+00	4.828500782569365768e+00	-6.427908701422281545e+00	-9.688545442968120369e+00	1.317913079027085921e+01	-4.139407897443481588e+00	-6.057431893501295406e+00	4.110682520445574362e+00	7.666258644723368931e+00	6.700074771390659656e+00
-1.225269734427507418e+00	-2.923536353976551183e+01	7.463327928055356608e+00	-1.235793155503457896e+01	-5.612774061462122432e+00	-5.247144606476684681e-01	1.305341098894109564e+01	-4.967876975049256849e+00	1.477579336382516750e+01	-2.965623378665216858e+00	-6.165795379868561632e+00	-1.860450585429270554e+00	4.611835387213802484e+00	6.603214634074960898e+00
-9.374450167845672865e+00	-3.140057204472314467e+01	-1.637857899252175997e+01	-1.309184886922899027e+00	-1.048658918477378066e+01	-2.189385395851484617e+00	1.539827530635930408e+01	2.354818636101402074e+00	-2.412547581689549414e+00	-1.077564497638918262e+01	-3.121752013447948837e+00	6.274479035379515679e+00	1.145133690906020263e+01	2.065222098317470500e+00
-1.004195148222645884e+01	-2.947641174298941991e+01	-1.600218127809033675e+01	-1.099518996036177043e+01	-1.024002535198476949e+01	4.506895791058661338e+00	1.117479411525787469e+01	9.693256886212159529e+00	-1.116875096844997906e+01	-1.978027222138322383e+00	-7.291161777599660887e+00	-6.618280155216768046e-01	4.709862594950108949e+00	-4.066582802467078039e+00
5.015812977377804849e+00	-3.084751462496336316e+01	-8.875661566338262531e+00	-1.210125312746956183e+01	-9.711428605594395691e+00	4.467815049467309230e+00	1.275854687653614228e+01	2.307662276889055342e+00	-7.308989321091685198e+00	-2.627398010156101194e+00	-7.549384081444962646e+00	-9.686179134737763485e-01	4.032458653752442501e+00	-3.582814932566404487e+00
-1.213381909521396018e+01	-1.157177426647889362e+01	5.348717705890596363e+00	1.213708677206579623e+01	6.734320599624048498e+00	-9.605693647295888482e+00	-4.955058207334080755e+00	-1.921667944619838142e+00	2.464284104698474920e+00	-2.504262788868030221e+00	-1.504378361306602185e+00	2.417348878381428090e+00	3.994313943736223393e+00	2.578952053620438001e+00
-3.402416941997624633e+01	-1.234863572589642011e+01	-8.306439542969055623e+00	-4.039959688011546035e+00	-3.946928064761432431e+00	2.745914368560665508e+00	3.956857021203973979e+00	-9.878709788933379699e+00	-8.355866108546239346e+00	-1.389640998075013234e-01	1.861120642445419082e-01	6.160361049084470686e+00	8.451203991502962865e+00	1.904990350740267457e+00
-3.968085683595344904e+01	-1.319461570598852873e+01	-6.769804688347112354e+00	-4.248956044684801370e+00	-4.064632195139074256e+00	2.406175060253600950e+00	2.136002898061313271e+00	-1.035566776589302940e+01	-9.293837104779912650e+00	-2.679419777770835065e+00	-4.399572202758308959e-01	5.782882812660028904e+00	8.935409497752823782e+00	1.014526742095625655e+00
-8.688912516582546175e+01	1.787685204161824615e+01	1.882706971101411497e+00	1.501549020273482782e+01	-2.568158897259058548e+00	-6.517846969768109844e+00	3.217748264498036637e+00	-4.952213998404638495e+00	-2.333073964385478316e+00	-6.297150175685838347e-01	2.042552843652949424e+00	2.199085976016242228e+00	-3.447725218519228196e+00	-1.759880680437750700e+00
-6.173964280740969457e+01	1.910985976578088597e+01	1.424034972035429947e+00	3.969138560174718666e+00	7.413235719105204957e+00	-1.771092141328341363e+00	1.216818495121465915e+01	-1.196913581863675358e+00	-1.034656120788442202e+01	-1.153386654168398140e+00	-9.163162823479503727e-01	-1.825480879239350207e+00	-6.679425274700961701e+00	-3.959157892103968734e+00
-6.682652526771978785e+01	1.452796067354285192e+01	-1.040019998875922003e+00	1.041019526542746876e+00	2.550672485700137493e+00	-8.403888785278937235e+00	1.702314372941804876e+01	4.301126698730652009e+00	-7.926351393336695139e+00	-1.365681581305809189e+00	7.331319682390740944e+00	-8.306065689532785568e-01	-3.115918024053756952e+00	-9.246508957113120930e-01
-6.793896724121755426e+01	1.884693285839697552e+01	-2.734264746049607098e+01	-1.609056512127862826e+00	1.415932132037323576e+01	1.157394654615926122e+01	-1.146004909924757120e+00	1.755470206342390682e+01	6.604095331259412838e+00	-8.736100219476437445e+00	4.523478048537180607e-01	-8.002362095670262354e-01	-5.655018237789384727e+00	1.113386169996943664e+01
-5.868622405643892037e+00	-7.899316532469119245e+00	5.665920192019482471e+01	4.461009979356518329e+01	-1.989722935362236456e+01	3.585346527165409469e+01	8.429129068045462247e+00	1.037601041200108476e+01	1.034228045974987520e+00	-4.312772286671515687e+00	3.705736192822331798e+00	1.502781906896181852e+00	4.339451612222926080e+00	6.008814481930680351e+00
-6.504185761342633043e+01	-9.420825743392455820e+00	2.870464475051485920e+01	3.007228130686359435e+01	-8.665101938771959666e+00	-2.923056663362811136e+01	-1.083853879519216612e+01	-1.251244681528689284e-01	7.456638968478540797e+00	-1.487513924117632058e+00	-1.012445454688086599e+01	2.050433766756798892e+00	-3.184518079502090870e+00	5.524184227277780801e-01
-2.645164497422794980e+01	-2.718914857592960388e+01	5.608011019990799539e+00	-9.293410133120877603e+00	-4.956499181409697918e+00	1.752276083586197464e+00	2.984953324354964632e+00	-5.233456313696629891e+00	6.331728963646130914e+00	1.834408878382294938e+00	-5.943980098764653164e+00	-2.238040195682740485e+00	-2.691061156116238529e+00	-3.165495192698238869e-01
5.928553264477543827e+00	-2.934880190405489842e+01	8.760334525196821431e+00	-5.269856695248476441e+00	1.308241332884023445e+00	3.426770705500933989e+00	-8.080754102765455471e+00	-2.502729694468166954e+00	4.010072732899012671e+00	6.707991261484363754e+00	3.462500421595635203e+00	-1.616151055114029900e+00	-4.780785936030227390e+00	-1.019067023649266268e+00
-3.428738159368965199e+01	-2.896805991254714385e+01	-2.094481164210249702e+01	-8.850424308372939919e+00	-1.400339294249972433e+01	5.700123363752473971e+00	2.993053860111727804e+00	9.861086158448159722e+00	1.048504149470679936e+00	-2.837668949008394836e+00	-3.772872890158493475e-01	-3.639669375616500613e+00	-5.504213774737343634e+00	-5.429779206126926994e+00
-1.801156830937895137e+01	-3.636836058535556049e+01	-1.535937081231406864e+01	-6.385709933585515863e+00	-1.222064371554144735e+01	4.352737539547363532e+00	-3.794736765794503697e+00	6.966088915978128959e+00	6.269790251286875282e-01	2.994836511574878735e-01	-2.196895512098386849e+00	-1.559641584144046300e+00	-1.246489263516137758e+00	-2.370003040510239689e+00
3.968350540796215142e+01	-1.187965097821517935e+00	6.655060294457809000e+00	-2.980811072586253996e+00	8.154835137955641855e+00	-8.567343616935083617e+00	-5.178538932601748357e+00	-4.674271514194678900e+00	-8.374008458089555518e+00	-4.291900211393089748e+00	1.621217909394941969e+01	5.582670419720006549e+00	-4.373169229087503496e+00	8.808558615198416319e+00
3.715700383100185178e+01	-1.138257602918659828e+01	-1.976339572398060440e+01	1.627762994307767030e+01	6.677432180002949025e-01	-7.466821989292871997e+00	-1.917260367828464429e-01	2.529731200829038240e+00	-1.068455705884861118e+01	1.665367964736258255e+00	2.035705739908908463e+00	-6.598175078232310087e-01	4.380486564704219599e-01	4.633176337178938731e+00
3.472552689642852464e+00	-3.080071106665511138e+01	1.298595337421127915e+01	-1.482196681881526779e+01	-1.697812431000944589e-01	-8.661556968007093696e-03	-3.877839154754298523e+00	-6.400619991480750670e+00	-3.787211821301154302e+00	-2.636659135041176771e+00	2.553131783619611572e-01	-3.687426122433552056e+00	2.572893088679578444e+00	-1.667873238193216201e+00
-3.383966212128369477e+01	-3.653974502995551177e+01	5.130274556192286894e+00	-3.795043221555624680e+00	-1.114641855122226843e+01	-3.077236028614822594e+00	-8.537250223478755728e+00	2.571760970284937997e+00	-3.270915234711710973e+00	3.585963239735698860e-01	-1.938537581283869660e+00	-2.327940478132553448e+00	8.186556805896480493e-02	-5.620628486435894189e+00
-3.341778105318669390e+01	-2.200538848346570830e+01	-4.624575692582379105e+00	-8.156544805136205056e+00	-5.122335467421078370e+00	1.574247450510251500e+00	-4.467055438309221138e+00	2.963427091268636904e+00	-4.254272889626923293e-01	7.887214334316174913e+00	-1.177300334840932994e+00	-5.565895535908660818e+00	-3.770005834815788326e+00	-1.750877856863299220e+00
-5.795381162328748559e+01	1.660668754081899223e+01	7.449179531404345744e-02	5.417789647794609031e+00	1.454587198889655575e+01	-1.387781687180547729e+00	-1.152789044598283574e+01	6.085154974630134994e+00	-1.476392521533494318e+00	-1.582647432998214532e+00	5.642749840094186675e-01	-5.587363651892670369e+00	3.557482421213211676e+00	-4.851211004537989702e+00
-4.424946820687289772e+01	3.010487316529759383e+01	1.187619600717002299e+01	9.883476298952578176e+00	1.392532985350706021e+01	-5.287446367585061147e+00	-4.031761061733667439e+00	3.938817427064012833e+00	-2.548620336658219632e+00	-6.570972739227946668e+00	-6.814793267814382105e+00	2.781102244861751061e+00	-2.849766589779323844e+00	-1.173964003567804726e+00
-3.474633859573776817e+01	2.988350375796147418e+01	1.265975072368584797e+01	6.758479429773557534e+00	1.531323635576816145e+01	-2.714562334421441570e+00	-9.230964982406010932e+00	5.551043734214668568e+00	-3.066827307482332898e+00	-2.802818344283135588e+00	-5.788332393443261559e+00	1.852780243570181451e+00	-1.105063462634173543e+00	-2.702774463175797726e-01
5.071218861996023719e+01	2.446583682268215654e+01	9.626673303679703864e+00	-1.884003417911709022e+01	-8.032817955869472115e+00	-1.687212869064761145e-01	-1.045719663992660919e+01	2.989011383745285855e+00	-3.402041408754703955e+00	-4.370102865080913723e+00	-1.268466761379032359e+00	7.669957307339346109e+00	-3.161627269578837218e+00	-2.215747449462936447e-01
-4.272607210254156129e+00	3.024035126037765053e+01	-2.574705009028610903e+01	8.423493426565338282e+00	-1.135296930826880057e+01	1.206476585937134444e-01	6.633778588417525990e-01	3.615626266887359996e+00	-5.408261293351301902e+00	7.930667891996248997e+00	-1.811262903389599666e-01	-3.008783472051257846e+00	3.565383536990441637e+00	4.657745939204922969e+00
3.133102082147137324e+01	2.565718673863284494e+01	2.414772976381173386e+00	-8.993209556782600700e+00	-1.077548518929884303e+01	-2.300395538878053703e+00	1.511000983487196692e+00	3.064834393917705846e+00	6.564368061698158563e+00	-7.092351961753370126e+00	5.191885344266989222e+00	-4.660352182439064100e-02	-8.011657549114574728e-01	-6.093332283237772096e+00
2.306657396288353468e+01	2.283421989970912591e+01	-1.077749589605260816e+01	-3.702725291401363639e-01	-1.362045156698728832e+01	-3.594586125137307242e+00	-1.274714003472099755e+01	5.150059555344985718e+00	-1.161856206816279879e+00	-7.366909233045593197e+00	4.635454090615282574e+00	6.826249000584673210e-01	8.646391795088400611e-01	-2.913113644329492491e+00
3.213397736616754941e+01	2.851473919334942408e+01	1.597946175390485113e+00	1.006862815173818593e+00	-1.386807920246088699e+01	-3.056275830567369400e+00	-4.731506675105666693e-01	-3.694905806075515109e+00	5.348191794908836449e+00	-2.669486336650249481e+00	2.266654175789346581e+00	-7.436524056938860205e-01	2.117335846020478030e-01	-1.727793626637096569e+00
2.128262875506690222e+01	2.386299413044540785e+01	-2.535298162144225653e+00	1.123891280086485089e+01	-1.703235539025851253e+01	-3.516506191289919148e+00	-5.642385929740014738e+00	-4.217455427674994262e+00	1.149005032460471121e+01	-4.701153441572277103e+00	1.643388905669036781e-01	-1.568292946911156172e+00	4.164472313678451165e+00	-3.251541453270633486e+00
1.637565475070224252e+01	2.487264418110186881e+01	-7.892896367606117458e+00	1.132640399025093991e+01	-1.913295554644395580e+01	-5.843720903784421772e+00	-5.513402150881947072e+00	-3.212218515465313118e+00	8.332084550707948623e+00	-5.012896871226913298e+00	1.038594589098368548e+00	-2.381408012111276840e+00	5.351660919092800839e+00	-2.643340820743862896e+00
1.134259775747311139e+01	2.717787327643181072e+01	-1.131057228821850202e+01	1.150391377109027857e+01	-2.224452611148490533e+01	-5.479859122374403313e+00	-8.720084195975308816e+00	5.839613926771165531e-01	4.824918425348798223e+00	-5.915145183476663959e+00	1.317819038323792880e+00	-2.655253046186565768e+00	5.224923032010979185e+00	-2.766580424067703881e+00
1.672159776890336502e+01	2.457617141511634173e+01	-1.009040206461319045e+01	1.088170561046708684e+01	-2.086983888414726351e+01	-5.273640663571998566e+00	-9.508254244252350773e+00	1.437823567461323122e-02	4.991072444112679918e+00	-5.256135292861851660e+00	4.010584935494541980e+00	-2.773093079084687496e+00	3.562933047090950822e+00	-3.168029904779027461e+00
4.663098627275170571e+01	1.714640903844928488e+01	1.120840726859797964e+00	-1.049673497582559811e+01	3.648282657266569640e+00	1.495101512792808895e+00	-6.809273160310736372e+00	-2.190378105450101476e+00	1.529129184521899054e+00	-5.000785936839797774e-01	-9.105974688993374144e+00	-3.271571190460270007e+00	3.783728529428736831e+00	6.819888198200973584e+00
4.756850458054015007e+01	1.746089834061712409e+01	3.200252262324928765e+00	-1.111962764262876391e+01	4.808689415361930841e+00	1.768810156253628252e+00	-8.477611890042833664e+00	-5.960317835344370874e-01	-4.428695885805804977e+00	-2.368897559462165070e+00	-8.700431512069316753e+00	-2.472027197190018288e+00	3.887328090012057480e+00	3.606127729367448964e+00
3.998144940296199934e+01	1.997455053318197571e+01	-4.446113920694718225e+00	-9.192454778232391988e+00	-1.848273887573010921e-01	6.003270414135570832e-01	-7.408261000316632483e+00	3.610213432586634408e+00	-1.952949589329499025e+00	-1.607435967473910265e+00	-5.726150419881108178e+00	-4.570164774362327265e+00	5.413766491012545146e+00	2.820237185703162286e+00
1.248429825682957350e+01	2.423965201036325467e+01	-1.064187834660707743e+01	8.808206721339560730e+00	-9.418715067889541714e+00	-2.338533220097497090e+00	-4.266714950415635421e+00	2.117039135737612821e+00	-5.284880756670273350e+00	4.400015359070953203e+00	2.051970144880576330e-01	-6.067971657342486225e+00	4.710069380780208981e+00	4.516188472123423558e+00
4.736779875460009492e+01	1.835065111899637813e+01	8.972390346295737729e-01	-2.034558589738022505e+00	-3.772107360483451188e+00	-5.246696662020211122e+00	1.064808063833139862e+01	-1.344388486438148345e+00	-3.377401996792056327e+00	-2.817962962026274165e-01	-4.399366449996439776e+00	-3.190738662057678976e+00	1.337810912734000546e+00	4.504205485591459279e+00
4.930240577915860456e+01	1.834828339960646204e+01	5.728172711249478688e+00	-4.943244263990966836e+00	2.024591928341859859e+00	-6.070057417442449310e-01	-7.953256378044049058e-01	-6.147504277730409861e+00	4.868635648831355134e+00	1.921790682263533556e+00	-7.080489899377590213e+00	-1.864960762177886977e+00	4.112505189161257846e+00	4.779140756869585616e+00
-5.502242108635036999e+01	2.099741034919270533e+01	9.015067593875974339e+00	1.021229468298452847e+00	1.227962222808133852e+01	-5.581838397588716028e+00	1.260603154799402681e+01	-2.459552369034768704e-01	-8.643156364257932323e-01	-3.147984292747695534e+00	6.802099576282391036e-01	1.722901461770917075e+00	-2.306835791213999620e+00	-5.765648103841436445e-01
5.266165001170337234e+01	-9.114043308900194873e+00	-1.065545834953054971e+01	1.606477027621436093e+01	6.504057831519404864e+00	6.500423441441949279e+00	-5.537257040284609744e+00	-6.972335053298062135e+00	3.218494375116680573e-01	8.273996488725924303e-01	3.264067286655643052e+00	-8.098779839960604798e-01	-3.119755742446634006e+00	-1.128282535333237524e+00
4.569850765291735684e+01	-8.475050143377192313e+00	-1.433678380470435343e+01	1.701914258271077074e+01	5.557956976173487718e+00	3.189562853805169684e+00	8.279890247014741744e-01	-4.055975094071558651e+00	-2.912635224149351387e+00	-4.209517917146185617e+00	4.778853977242072837e+00	-2.805792994167433996e+00	-2.342811146854482107e+00	-5.207757533555924745e+00
5.089996564789623790e+01	-1.033541711822547171e+01	-1.424435502240209495e+01	1.389210084161112668e+01	6.050526859029771387e+00	4.492801772313885778e+00	-5.713467187588005203e+00	-4.458639670058488491e+00	-5.075520992290107003e+00	-7.218056437067575937e-01	4.333596968917370340e+00	-2.502677340160943231e+00	-3.557971171934418031e+00	-4.257053098337803654e+00
-2.627510354797756520e+01	-2.878900415429698256e+01	4.492382197492329254e+00	-1.447965424942593415e+01	-4.133011133384208335e+00	2.035879633850233184e+00	-7.412211768446507421e+00	1.230594205767605365e+00	-2.277797844515910608e+00	7.927312251895886952e+00	-2.460240739975056101e+00	-3.726860853299846621e+00	-1.089376398990498984e+00	2.640080779329579741e+00
-2.248011177138508643e+01	-2.912478037589453805e+01	7.744143093575213577e+00	-1.483978491059420257e+01	-6.249577102819910301e+00	-3.991522067743241697e-01	3.888474750676507163e+00	1.258734153003505662e+00	-1.539533661614725935e+00	2.460615686960444748e+00	-2.337068842248459788e+00	-6.635804478298953590e+00	-4.500322129428065310e+00	-1.969618583197575434e+00
-5.313674385586762128e+01	-2.767581098277016949e+01	-1.095358540973466299e+00	-8.862046275193089073e+00	-9.818768296963291675e+00	1.366998042408836156e+00	-7.187418247759957524e+00	3.990329066598415686e+00	-7.573457577063553714e+00	4.990210868186236937e+00	-2.909047240484268659e+00	-5.270154569644954989e+00	-2.803328145501146285e+00	1.106650473423593795e+00
-4.152205108910691678e+01	-1.108694794056036059e+01	2.929735191189493104e-01	-7.186318815940230920e+00	-2.113837272642054899e+00	-6.459611541724999739e+00	1.090571245452747995e+01	-3.242793176264258115e+00	-1.267505254850233420e+01	-4.515954324762530447e+00	6.863921384031717032e+00	5.495220907622898610e-01	6.470212022780164496e+00	2.921660808747897686e+00
-2.725876588261023414e+01	-1.572056415483860903e+01	2.421217891081278939e+00	-8.318304996526789452e+00	4.271226490939651899e-01	-5.825648257543802444e+00	1.672246270001719282e+01	-4.661252942163922164e+00	-1.045228856501351089e+01	-9.679838073059709558e+00	7.542551646948585820e+00	8.000697745989276966e-01	2.973560553576994892e+00	-2.467073426640912226e-01
4.142695160448709402e+01	-1.978045890209783053e+01	-2.635829359648586134e+01	1.792939507230574137e+01	-3.817904204675334201e-01	2.932781402598241272e+00	3.386465483265745036e+00	-5.888840187693219264e+00	1.188147354501463404e+01	-1.489396316943495169e+00	-6.255278325485508439e+00	-1.103403423696802665e+00	-1.025683167240864435e+01	-2.167733391658184794e-01
4.192564652883432785e+01	-1.608917973814275726e+01	-2.674778771830231605e+01	2.058071044677865302e+01	1.246171385610854498e+00	5.028289861870862687e+00	-1.141840910493820971e+00	-6.097725030835971616e+00	8.534951630883927720e+00	-7.047502774490838062e-01	-8.672932421830861216e+00	-1.723794223339466525e-01	-1.113307450542413690e+01	5.280153982246927891e-01
4.546101672261068671e+01	-1.412057792646068677e+01	-2.469027242095225105e+01	1.690127771916114696e+01	3.719645140764235691e+00	5.642167956721041655e+00	-1.730232091382045256e+00	-7.559120855382976067e+00	7.388340334733149106e+00	1.396002918263243409e+00	-6.247404121350645489e+00	-5.206887533695817583e-01	-9.951415101409734731e+00	6.840232070544380871e-01
3.919469004769944576e+01	-1.366995071799278172e+01	-2.797710250657171471e+01	1.991483936363863450e+01	2.240099510215389778e+00	5.557394735391997465e+00	-1.601417536036647271e-01	-6.364128567590583430e+00	7.553225469703100714e+00	1.776915682807677088e+00	-7.265690461426544289e+00	-6.703674539827028100e-01	-1.106746921395733985e+01	-7.822698478559056978e-01
-4.385612931279166737e+00	-8.686149831018769030e-01	8.682138782715041359e+00	-1.165887579298972376e+01	5.867803334933797466e+00	3.066495926590432131e+00	8.890400823460689494e+00	-9.867036960964220782e+00	1.526717707934412971e+01	8.470871653342824104e+00	7.697617990999377824e+00	2.615384980607457166e+00	3.951295217283122607e+00	-2.808373077912385440e+00
-4.503051833420832395e+01	4.543107268859351011e-01	-1.264740802079021975e+01	5.134146064498152917e+00	-1.786587898015418729e-01	-1.796608038399173823e+00	-7.246956606249957744e+00	2.441854761158213982e+00	-9.800476029272264800e-01	1.720452310319821043e+00	3.555695403963066159e+00	4.125991429102917607e+00	2.357357081226321149e+00	2.677943430321442886e+00
-3.821370737821385433e+01	1.517842468656338895e+01	-1.681682901756931514e+01	-9.821780071040368654e+00	1.759750373320822803e+01	1.237646654013593839e+01	9.772314724889911375e+00	1.046473072415734684e+01	1.211309835955848513e+01	-9.403156564744870494e+00	2.719161982301675717e+00	-3.753126082131482466e+00	-5.579399804628112136e+00	1.282586946710913267e+01
3.838295851343759324e+01	-3.353371327734700458e+01	-1.891164313561921162e+01	2.652351965028640901e+00	3.303047056145754112e+00	8.256216985411468201e+00	1.317768322253198932e+01	-3.943264386430167967e+00	-8.436290641627023135e+00	-6.478029214041359118e+00	-1.418380638530902615e+01	1.703791655622706713e+01	2.112484573839160440e+00	-5.496174586041998822e+00
4.232173775103517954e+01	-3.449969797514341252e+01	-1.769924162810452373e+01	1.201487189257235633e+00	4.611973440961607551e+00	5.620960943257112596e+00	1.240295873139015548e+01	-4.403444641702744633e+00	-7.740294623938174468e+00	-7.628705048663210420e+00	-1.342058322713332075e+01	1.751566842931829981e+01	4.756639310736138881e+00	-5.124587586518814852e+00
-1.379183745666434824e+01	8.013816177855668244e+00	-5.579289883244586079e+00	2.304245945479733848e+01	5.376500313096000738e+00	-4.729781598075793347e+00	-5.875214598414898681e+00	-6.342552584597345167e+00	-6.045789696060866802e+00	2.762746357247803708e+00	1.130622696936102400e+01	5.552448027554215848e+00	2.503564680712888624e+00	5.339681778304860238e+00
-1.405577703173243798e+01	8.725503017737276323e+00	2.617384065101897583e+00	2.019884005723160314e+01	6.059326513567273587e+00	-7.267899570934835296e+00	-7.204298291807406107e-01	-8.242712742942460480e+00	-4.738635339433581173e-01	8.252191687685227484e-01	8.811842198382723979e+00	5.569613776570147223e+00	1.720187054856184838e+00	4.357234573101998798e+00
-5.268341722742344047e+01	1.738031515260296089e+01	2.000998579405905975e+00	3.059518896761069140e+00	1.432737923779000333e+01	4.286475678373038445e-01	-8.959266741590825589e+00	5.851567989321583951e+00	-9.627031770116868392e-01	4.981820405342756164e-01	1.357718373465488959e+00	-4.880883945961164372e+00	3.152820079509516482e+00	-7.596848535197854524e+00
-2.852782631643369626e+01	2.295744597340731019e+01	-1.950143987046576299e+01	-6.443117861323187867e+00	2.219972962526821547e+01	1.318360961621869798e+01	1.434704479376366804e+00	1.600695688246592496e+01	8.793222115436520880e+00	-1.249208629678434868e+01	-3.030266120259962559e+00	-3.578699915308458657e+00	-3.364462465476895758e+00	7.744118049137173720e+00
-2.437652361186254524e+01	1.787048080659398863e+01	-1.916839063560900414e+01	-8.382852466925113433e+00	2.508958733955660847e+01	1.642004074746102305e+01	-5.059125605586723751e+00	1.126589149850178018e+01	-2.153464143530909425e+00	-9.523605338929014508e+00	-3.466585295441471093e+00	-1.276463978996416060e+00	2.918622234679755789e-01	3.874405126727872517e+00
-7.535284671169659987e+01	1.319828319231289271e+01	-1.642259831469269571e+01	5.570005162666070930e+00	-8.012714711027641101e+00	3.862400383345735655e+00	-1.482133758159830617e+00	-7.162716634368082147e+00	7.274237349199635716e+00	2.921043875693803749e+00	7.859215901153362438e+00	5.852852046211482140e+00	1.031056598072350727e+00	-3.355062039299157028e+00
-3.021733588628431377e+01	2.559222414174177729e+01	8.190792143010575899e+00	7.921351840988354098e+00	1.643130175802487258e+01	-1.695923493236237034e+00	3.043619472649925051e+00	1.001083609493958360e+00	-2.348945996185696217e+00	2.681167378010919755e+00	-1.847774894072412355e+00	3.670762221880962128e-01	3.432984700975445502e+00	-5.065389741102199750e+00
1.309781359311836546e+01	1.705877483019104091e+01	2.350827384594979819e+01	-4.405322927252532494e+00	2.694359838131530083e+01	6.902327056923672766e-01	1.321515445983217685e+00	-5.466349837845942972e+00	1.271775981248511833e+01	3.819763009726091063e+00	1.046202028469576994e+00	-1.478074807460535989e-01	8.209917465252939195e+00	-7.372964032476684970e+00
-5.911599026806388935e+01	2.410438887592705370e+01	-1.231336615059473516e+01	-2.602631650721187739e+00	-5.122303001152173074e+00	5.255414993423888959e+00	5.082388581632307556e+00	-3.014284889108312715e+00	6.589526769835477360e+00	1.106474773477227203e+01	4.056618248058789233e-01	5.707084668662105287e+00	-9.349244739761927159e-01	3.624572683881568946e-01
-5.551330640009115314e+01	2.174102338314655114e+01	-9.524574344558114802e+00	-2.576336485623207384e+00	-5.251992263045571763e-01	8.691984957133735534e+00	-1.070013149897308447e+00	-5.267013676697960278e+00	8.075157010652262102e+00	1.188825676006043963e+01	-3.921600379625097776e+00	7.837938024065818965e+00	-9.108282733990447078e-01	1.039364886410409916e+00
-5.457910459634870648e+01	1.872471214751239188e+01	-1.546962559107842061e+01	-1.179157361269606241e+00	-1.793641014206341699e+00	7.193151326812808222e+00	3.137755062287696184e+00	-4.315561612014753301e+00	5.845638048346686766e+00	6.264335102465047989e+00	-3.402223548405185038e+00	5.397181368538259250e+00	-1.164567895344083448e+00	1.539136342805661251e+00
-4.499900766439159128e+01	2.192235727758022890e+01	-4.841049608984595132e+00	-5.490394840495699924e+00	-1.072118927235280905e+00	9.917247375649283825e+00	1.424223225500438117e+00	-5.762758624697845278e+00	6.604205380032031947e+00	1.511333942800856711e+01	-2.183458509536542191e+00	6.649194580262171250e+00	-6.703462103159008034e-01	8.967392497660641171e-01
-6.143013528121335298e+01	-2.228610902750274647e+01	4.334194298014209856e+00	-2.820866082767810035e+00	-3.662798925691694407e+00	1.667678964635878947e+00	-8.491164876800819883e+00	-4.716815707579783634e+00	-3.740314055069569044e+00	-6.139997951588485492e+00	3.228563818382246708e+00	-6.907126579807031375e-01	-5.875566702130508023e-01	7.528471164445247332e+00
-3.273359485220091614e+01	2.871324961821017929e-01	3.084818855498430068e+01	2.070529329747313696e+01	-3.451688330771467417e+00	-2.496999125963786526e+01	3.561258504082262633e+00	5.669283549604539063e-01	-1.234727481151558726e+00	1.880254550477235220e+00	-9.826353728743283611e+00	6.239751414937445145e-02	-5.817822307378080815e+00	1.942317923074985131e-01
-4.116767736173193981e+01	-2.376133368835462889e+01	1.490639620717060865e+01	-1.141801410271663109e+01	-3.392038772506483113e+00	2.801509058996336510e+00	-5.500820566535068679e+00	-2.401963491416556629e+00	1.192285324804307711e+00	8.411837468323506428e-01	-2.244338525500295223e+00	-2.079596995112788171e+00	-1.631215330268015684e+00	2.000847273005037230e-01
-3.929406280404602825e+01	-2.164788180272240936e+01	1.165155642133247227e+01	-1.200693879488526505e+01	2.976836239460894928e-01	2.540186462667868295e+00	1.201459741389284019e+00	2.310230299520932729e+00	-3.535331386969899903e+00	-7.892100432236529572e-01	2.775463810814393639e+00	-4.230193719615689574e+00	-6.092582919960237042e+00	-2.117124510178272523e+00
-5.106875377815713080e+01	-2.268877753578514955e+01	8.981926720270562825e+00	-8.606223669104041463e+00	-2.338137175470038187e+00	2.092532212457266283e+00	2.377866086487879560e+00	2.692553881848742114e-01	-1.342026388706189621e+00	-5.788290282576128654e+00	-1.501018057445523857e+00	-2.990692758710043808e+00	-8.640981740479166007e+00	1.134602387498425902e+00
-7.783596927414603783e+01	-2.287722369054316829e+01	-2.308304103198668411e+00	-5.384323571326763869e+00	-1.028361610993349196e+01	-3.382251984432759429e+00	-8.448546898987557840e-01	6.075874184330301908e+00	2.646053149201477606e+00	-6.556842552898842769e+00	1.979933518393636849e+00	-7.192836656139744989e+00	-6.431620478938186558e+00	-1.654761849025379261e+00
-3.826558925145136669e+01	-3.423506232980491149e+01	5.313261625914985409e+00	-7.457101894700902456e+00	-7.366941115336651080e+00	-1.359536324303280752e+00	-8.800071305561647961e+00	5.763154754235250143e-01	2.332517622044220751e+00	-2.239660352674796240e+00	-4.059084908844880213e-02	-2.379399898631108901e+00	-1.176354896459195443e+00	-4.676828818701567414e+00
-1.976578793774021392e+01	-2.438413534746513989e+01	1.578886180417566365e+01	-7.815888981129362811e+00	3.008799659086752953e+00	-1.205691824322575911e+01	2.894362264139901164e+00	-4.947629801006078409e+00	-4.374464805348179830e+00	-8.701762251869963549e+00	6.537306979010626407e+00	-8.403592516041340499e-01	5.048612915131982071e+00	1.105001040491820241e+01
-4.415378946175788855e+00	-3.276548965519638301e+01	-2.299791366949198945e+00	-3.082047144570930541e+00	-3.011824557293126148e+00	1.583707483400256244e+00	-1.177165641433078314e+01	6.139189635235299258e-01	2.107163821647440455e-02	2.413099463291909608e+00	5.699981652119111786e+00	-2.923616098856642864e+00	-3.447100462547286970e+00	-2.551329280826846624e+00
1.721900588728662029e+01	-3.691229893221355240e+01	2.088221424660992032e-01	-6.638962355258402503e+00	-1.322022610062730252e-01	2.597153896452674360e+00	-7.515415344774549311e+00	-1.393250114311274990e+00	5.338903851934648337e+00	4.075644273944059925e+00	2.666537836765018987e+00	1.175290054719308475e-01	-3.097238187426746947e+00	2.489009249845875349e+00
-9.883273773058807166e+00	-3.572746175617696451e+01	-1.685486081262642211e+00	-1.468859631838570490e+00	-6.572188631385322388e+00	9.442068323114680695e-01	-1.183380321727722162e+01	8.999892908523274837e-01	-2.413138597388765128e+00	4.087949256335459580e+00	6.366626257008433321e+00	-1.902227286374898130e+00	-3.155745025053849240e+00	5.630984742586879754e-01
-5.211427628538928047e+01	1.631199974335045511e+01	-9.830728373384247654e-01	1.420265908640224062e+01	9.783457631749545413e+00	-4.784355951529791540e+00	3.652778526949628901e+00	-3.725662040579563072e+00	8.790281205784307161e+00	1.976209511686236042e-01	-1.155313761767961633e+00	2.360303429145111931e+00	6.994922852861248153e+00	-9.889082039696889481e+00
-1.737934212207309059e+01	-3.199452426418839579e+01	-4.325442155303928615e+00	-7.250113717435718641e+00	-4.492712695953323454e+00	3.301079019120300551e+00	-1.171120905257552103e+01	8.729122143640125620e-01	-6.335669478464336812e+00	-1.378728466526873309e+00	7.597204910205095807e+00	-3.862110272648830112e+00	-1.267103288919751103e+00	-3.255810543431116866e+00
4.708732325246763395e+01	-3.636331648946309514e+01	-2.932693128557008588e+00	9.945908858813396591e+00	1.283735743448308497e+01	-1.406114863309058371e+01	-2.892550515855307314e+00	1.457628095268544755e+01	4.051845623240103222e+00	1.694497247703278031e+00	5.944733062542812974e+00	8.369410168278259121e+00	3.251463803697001609e+00	1.270784123203292815e+00
4.538625830559454499e+01	-2.585742681961224676e+01	4.305408357184651535e+00	-6.136431393755687580e+00	4.482572767628183463e+00	-1.283383290470465710e+01	1.224660032641340379e+01	1.820995786826761886e+01	7.144971683443437804e+00	2.977086157567821356e+00	9.733408647211938103e+00	2.830914662892499489e+00	2.059145856843009437e+00	1.537311768362825681e+00
4.605385020059171808e+01	-3.181656921045685138e+01	-3.332508913983717846e+00	6.461920182616994524e+00	7.737599184856494894e+00	-1.339125531731618679e+01	8.542757069261271985e-01	1.349192841237188389e+01	3.119610746148427260e+00	7.539546802142803372e+00	7.461171773845957311e+00	5.895028082363703348e+00	-1.367340137367010655e+00	-1.837974398971518597e-01
4.278301990760670748e+01	-3.366802380347950674e+01	-1.331877077037406931e-01	-3.458837521070419752e-01	8.384191093066585054e+00	-8.114044129219918133e+00	-6.872680527087772495e-02	1.210816825969928878e+01	1.255492382832258436e+01	8.436737406724272859e+00	1.150870032761980521e+00	4.446971010355674103e+00	5.459022360490963344e+00	-1.469249993166497514e+00
7.102725190448772707e+01	-2.127221648735621784e+01	1.961103665151608411e+01	-1.035125761013940782e+01	1.477511596436381502e+01	-6.703939793053171670e+00	3.654752975366033052e+00	8.674142831590161862e+00	-6.750942209358015589e+00	1.272230353446947326e+01	1.146971426194689503e+00	-3.158919972820490418e+00	-5.420425647346950093e+00	-3.932978256910742765e+00
3.789744981999321283e+01	-3.651442968101319764e+01	-9.550122120190765784e+00	5.522569943596794539e-01	3.326323141270319361e+00	-3.036181806456943022e+00	-8.913057260084202849e-01	1.780856952801503823e+01	1.224501055097371394e+00	5.435674857813545202e+00	2.551648888675974725e-01	8.278644178779526186e+00	6.222696630481554969e+00	-4.069638926735417606e+00
4.996981903633962929e+01	-3.060737909516048205e+01	2.785067582567830602e+00	6.942565339694430904e-01	1.111443770377226770e+01	-7.713010429385090738e+00	1.032750062408392822e+01	1.248776297483362541e+01	-2.232341746802406490e+00	9.182376982686976774e+00	4.663682669492211552e+00	1.701462186311548219e+00	-9.634011045364028192e-01	-8.587456482176526393e-03
3.204951431805464779e+01	-4.632778147601815277e+00	6.198923292734316703e+01	2.559034882908143160e+01	-6.465728318138795672e+00	3.761566553825090864e+01	7.516077490221684698e+00	5.771259209453880601e+00	-1.093902929084537012e+00	-8.908798137624436286e-01	1.631574783803429574e+00	-5.107349989628230391e-01	-1.280496496940364791e-02	1.328467112649289072e+00
1.773875916498731087e+01	-5.129892333563526030e+00	5.964804526827757059e+01	3.244984399227894301e+01	-1.086744708995851205e+01	3.993617116256492494e+01	3.119725812302665879e+00	8.862806975824909728e+00	-5.528036629625098897e+00	1.250337452958633744e+00	1.370609571219486011e-01	-9.080337229153463419e-01	1.231274719694815500e+00	1.558842329913514846e-01
6.175686420550149336e+01	-9.078071517098010190e+00	-4.843526734500315456e+00	8.460674031615257107e+00	1.129827112729861049e+01	4.023554024285652453e+00	-6.399778030879050839e+00	-1.008675323890968833e+01	-4.209099845103251525e+00	-1.099249556453973264e+00	4.614455176812721326e+00	-2.212814132722428884e+00	-3.146703319252126985e+00	-2.122250189057441450e+00
5.279976228098086466e+01	-1.528132781236303472e+01	-9.897771420803861631e+00	1.128388468423627344e+01	1.037924190554635695e+00	3.361247054460904771e+00	3.425578875606171358e+00	-1.197042206327102321e+01	-6.509616425456515643e+00	-2.307039895033264010e+00	1.545950635182754107e+00	-1.527992689927751280e-01	-8.094746138049375705e-01	-2.174345340381129699e+00
6.342870371422893072e+01	-1.327961700704599579e+01	-3.664033939548916319e+00	5.182934139129363516e+00	8.910231125759874971e+00	3.977403480854064366e+00	-1.057154737857365356e+00	-1.164152570145906829e+01	-5.514541252381516045e+00	-2.001563625380318179e+00	4.676120756644544407e+00	-1.023546737126838302e+00	-2.162629319375553916e+00	-3.436290864897181496e+00
7.001850574911132696e+01	-1.079772241616751671e+01	-4.329852646473474759e-02	1.412207808002500453e+00	1.298721329437902128e+01	-1.617534133787282391e+00	7.245763132631132031e+00	-9.543019900056574301e+00	-4.778382409068181680e+00	-4.687185278179747172e+00	7.473187992826651360e+00	-5.009894122649190429e+00	-4.020191225404805557e+00	-6.596758774422679938e-02
-3.901792884621371371e+01	1.963002249639167829e+01	-4.359344446436090870e+00	-5.227553696569403385e+00	1.291801251111025506e+00	5.580558458490855855e+00	6.220697299094574362e+00	-6.934147235740253379e+00	4.241784936385530003e+00	8.927409025648582741e+00	4.791247695544021412e-01	2.639125336153082202e+00	-4.326233069772955075e-01	6.547145114343679850e-01
-5.958759378209663993e+01	2.172852524143943853e+01	-9.937156523413518627e+00	-1.213189743068671334e+00	-3.219823160922774541e+00	5.537542867250988543e+00	-1.555668981469088941e+00	-3.172851831929659028e+00	-2.687865859277951408e+00	1.091213498603725007e+01	1.795333673942815178e+00	3.163028496069845819e+00	1.207860127546277473e+00	6.976479642174658879e-01
-2.815633112741538113e+01	1.946810993210551288e+01	1.207469463056685344e+00	-1.028425257379274171e+01	4.828138017150600092e+00	6.077754260338375403e+00	8.784376055436451836e+00	-2.649378628749408993e+00	-3.000563758869685849e+00	8.999468053384616084e+00	6.109905017054936494e+00	4.728182508174685328e-01	-3.916868622069930250e+00	2.462839904568253080e-01
-4.664330656361717331e+01	1.955823799811709307e+01	-5.133094726000325458e+00	-4.721681684552820002e+00	-1.645317039903120282e-01	2.788409706975628843e+00	7.963020691672157092e+00	-4.342077329724982171e+00	2.761516870935806778e-01	7.208623766279185219e+00	-3.402660241866471424e-01	3.196000557282615340e+00	-1.108159393513759694e+00	3.200816947486287312e+00
-6.058337348673518363e+01	1.977485612719274499e+01	-1.223278444986296165e+01	-6.459811331125803413e+00	-2.818687915780268227e+00	5.642055022104496054e+00	8.137980900998796230e+00	-6.539507446315124817e+00	-1.200333874029989589e+00	4.943857190652035882e+00	3.519601063944980179e+00	3.285319743310166629e+00	-1.820537806522664892e-01	5.598807426981540214e-01
-2.828090327557086070e+01	2.153489385941130152e+01	-3.630585724219382637e+00	1.109687657237847569e+00	1.523216165460119420e+01	6.627809339730210247e+00	-4.071380424704357459e+00	1.844146925110038415e+00	-1.114142225186098045e+01	3.951073153868998933e+00	-4.672571421132900582e+00	-2.972785274555995727e+00	2.736224349468226791e+00	-1.090310555471307374e+01
-2.853359422515488930e+01	2.055913475003845292e+01	-6.575601143582114894e+00	3.495444870912161051e+00	1.270887882512933764e+01	3.189959917917696508e+00	5.653260736300217415e-01	1.729682174656221427e+00	-1.023317288127471691e+01	1.229622290790418182e+00	-4.191648240299267414e+00	-2.189222959088857667e+00	4.217720563629233865e+00	-6.504811303128326117e+00
-1.037847883710535157e+01	2.292728541402680165e+01	9.588455553115025509e+00	-2.691721883333836107e+00	2.026768768940210208e+01	7.808372541215836904e+00	1.310484917513690784e+00	-3.284905310747848084e+00	1.750317238364671235e+00	4.431890898816374325e+00	-6.278325070447468015e+00	-9.353337057190800330e-01	2.006957557844641027e+00	-1.117722272173604736e+01
2.466206624974371664e+01	-3.601014249600483907e+01	-9.026472788386515234e+00	4.486290028129357843e+00	8.726629442368551981e-01	-6.741380577960733866e+00	4.478487250379306062e+00	1.904351626460309177e+01	9.194095488189169885e+00	7.290258581207870181e-01	7.334672326777069706e-01	7.958156049902090245e+00	5.166274856295594908e+00	-5.327923437583470978e+00
-2.439128672224003225e+01	6.810284820405403394e+00	5.744480991454914864e+00	-1.116443456677526314e+01	2.752660546585756762e+00	9.719541525911240543e-01	8.697311192467481078e+00	-2.163775267214066211e+00	9.777524624966601463e-01	4.262678394749678468e+00	4.425375069816091411e+00	6.442698041632429096e+00	-4.158886965017881465e+00	3.422329765852474726e+00
