1.6911881	-0.07176137	-0.17013882	2.6551301	0.1781008	0.98664737	0.11626999	1.3511947	-0.45308748	-0.3169652	0.4955168	0.0752001	0.16397607	-0.50674295	-0.14127797	-0.001656197	-0.08429192	0.09174146	0.04547824	-0.040344905	-0.039286193	-0.06654951	0.04323865	0.13160357	-0.29177526	-0.007930329	-0.022483353	0.035816662	-0.010182302	-0.053846166	-0.11334103	0.006552672	-0.1092477	0.065566264	0.04398013	-0.060968127
1.3825951	0.24394011	1.9187257	0.7473717	0.6103059	-1.082573	-0.5828722	0.17703451	0.23440161	-0.22558804	-0.30060643	0.41195235	-0.03342169	0.04840567	0.11176738	0.6555266	0.06107411	0.3528298	0.2545014	-0.0902456	0.11400887	-0.0068109445	0.028661445	0.13895917	0.15136144	-0.16664088	0.011004627	0.038198575	0.0851586	-0.089523725	-0.032730736	-0.17996347	-0.06672785	0.06976502	-0.009468139	0.08846443
1.6760492	0.5665646	0.7916006	0.5907153	-0.24350142	-0.5150557	0.06621048	-0.21208483	-0.19360057	-0.27362055	-0.46982586	0.60112786	-0.19244105	0.16156909	0.34569883	0.37328842	0.20324403	0.18308434	0.030372052	0.029215047	0.119043164	0.10232714	0.04539771	0.035723902	0.068952136	-0.18500853	0.039858952	0.25918037	0.070335455	-0.02523732	0.0015950847	0.042437155	-0.122692406	-0.0036093704	0.12694408	0.12721992
1.2267374	0.11403653	1.031914	0.47862333	-0.16759723	-1.2370842	-0.058265913	0.4153934	0.18629359	-0.13227004	-0.71117216	0.49198174	0.06188234	0.13388935	0.13516527	0.25735652	0.040714763	0.089827955	0.17489585	0.06346829	0.30902058	0.12763795	0.07517685	0.23345476	0.009496297	-0.14510341	-0.07086682	0.16898397	0.08800273	0.06126374	0.005976226	0.03483619	0.018402841	0.027695134	0.10752429	0.06828262
0.5478939	-1.1338776	1.7247192	0.039228328	0.19917823	-1.0020288	-0.02562057	0.39588696	0.17452079	-0.2820003	-0.3779877	0.37174883	0.074612975	0.18611301	0.0039451644	0.4890202	-0.01022859	0.20449416	0.26958635	0.21569198	-0.00049533136	-0.019160695	-0.02156897	0.052706495	0.0502599	-0.11937945	-0.03013351	-0.018354021	0.13340823	-0.15415154	-0.12125677	-0.083979696	-0.09386794	-0.030079171	-0.022274021	-0.10693458
1.7028759	-0.6410599	-0.16318128	0.4397485	-0.45107222	-0.10283207	-0.15810119	-0.21232522	-0.12796858	0.31992865	0.12383406	-0.112477005	-0.27586207	0.058076955	0.19236574	-0.14206165	0.28772274	0.0038030893	-0.12088781	0.10199329	-0.042160716	0.054420076	-0.18978734	0.041559074	-0.08857704	-0.05110942	-0.15636075	0.099864736	0.12837893	0.326084	-0.20756604	0.032423344	-0.057893656	-0.09543878	0.07885398	0.016339356
1.2026533	-0.34925753	-0.45002967	-0.45728448	-0.74101967	0.24007905	-0.01693897	-0.30731118	-0.1105482	0.1142778	0.15410583	-0.17550196	-0.15354806	0.0851103	-0.0661669	-0.22338283	0.20134328	0.032712944	0.011018513	0.019750781	0.10177293	0.04520109	-0.3472954	0.033228792	0.018643046	-0.254443	0.0044823326	-0.021847315	0.083602786	0.16451594	-0.25901428	0.024421148	-0.035765566	-0.23278037	0.041735705	0.1638816
1.3754305	0.58822036	-0.6440904	-0.65198076	-0.9116812	0.4583758	0.04262813	-0.41631484	-0.35972163	-0.16257015	-0.08897516	-0.2651377	-0.0650822	-0.16665252	0.025657669	-0.3434778	0.097159505	0.12915404	0.10772469	-0.14113049	0.13766122	-0.12691475	-0.30215132	0.07542081	-0.011618767	-0.3051908	-0.28403807	0.090317495	0.23577102	-0.021721479	-0.1741003	0.04348704	0.026034273	-0.2367844	0.09188103	0.064175576
2.6192794	0.90416914	-1.2930064	0.67709804	-1.0794656	-0.024054073	-0.39684063	-0.28381783	-0.08081193	-0.3601067	-0.4274485	-0.24696995	-0.018886033	-0.08123175	0.3346706	0.14801684	-0.22233868	0.0001497604	-0.26378304	-0.30806243	-0.020785224	0.06415038	-0.39680362	0.01691122	0.011930687	0.30409837	0.10341558	-0.31209332	-0.09194793	-0.010129306	0.009050458	-0.008489095	0.053963527	0.13708492	-0.12145629	0.0044154692
2.0784273	0.7975048	-1.0123737	0.45211408	-1.1508756	-0.19706342	-0.31239492	-0.13415438	0.023044541	0.06248104	-0.08313396	-0.023632377	0.044272434	0.10764855	0.5127505	0.28169683	0.080663666	-0.10168656	-0.2877326	-0.08854437	-0.06785413	0.17292142	-0.36150277	-0.111763805	0.13286012	0.38996485	0.08586234	0.029999575	-0.100281894	-0.079229966	0.16899082	-0.056439273	0.15985641	0.12942459	-0.17386328	0.045499295
2.68799	1.0264869	-1.496132	0.15417819	-0.8441952	-0.071444154	-0.36891636	-0.026807383	0.19609725	-0.4638092	-0.7318748	-0.5158331	0.21021631	-0.27821553	0.019883165	0.13842922	-0.18798697	3.4719706e-05	-0.09351835	-0.35995844	-0.0029043164	-0.047896672	-0.36553955	-0.09157078	-0.13264781	0.070583396	-0.052393496	-0.21293755	-0.042626318	-0.16567734	0.09253595	0.15876918	0.05430077	0.12357488	0.0586803	-0.06504159
1.7541368	0.8661293	-0.6618675	-0.6528264	-0.90739906	0.16862565	-0.3944435	-0.10998093	0.07212168	0.072985515	-0.18817294	-0.2780524	-0.0916601	-0.049672093	-0.15893036	-0.1733746	0.17595758	0.37145668	0.043545548	0.0211269	0.036235802	-0.23276617	0.22265857	0.08783701	0.23964825	-0.13422802	0.06010341	-0.3110941	-0.04794576	-0.15835008	-0.17979003	0.27281344	0.14777628	-0.004595435	0.08720817	0.11877866
1.3917632	-0.8543075	-0.0917602	0.22932835	-0.5737759	-0.3602689	-0.31784084	0.033866342	-0.008926219	0.5054356	0.33802122	0.15622401	-0.3246128	0.0617028	0.18399876	-0.3562774	0.18689144	0.26417845	-0.04215657	-0.09416047	0.12140295	0.09086569	0.31762448	0.20269752	-0.0827545	-0.022684645	-0.020042116	-0.27885824	-0.04841572	-0.1001721	-0.20599481	0.12909338	-0.10290095	-0.091973744	-0.011588849	-0.0030134767
0.9440533	1.6956744	-0.3717854	-0.92208713	-1.3132012	-0.36908785	0.06266259	0.10857351	0.089188196	0.32813817	0.094400495	0.09692589	-0.020159895	0.27680284	-0.18106568	-0.18326916	-0.016359575	0.09054417	0.085838936	0.22439772	0.113395855	-0.116066225	0.40930706	0.09411033	0.04254375	0.10749309	-0.21257432	-0.051070295	-0.08375446	-0.022334836	-0.08202229	0.1987821	0.025521375	0.059325434	0.014217097	-0.04338155
-1.3423407	-1.4545689	-0.5482088	-0.03218001	0.3722746	-0.6294366	0.5352471	0.0958871	-0.010787917	-0.009823503	0.2408118	-0.17516868	-0.24640657	-0.045391906	0.13738191	0.3933705	0.023157403	-0.014261617	-0.06346502	0.38343355	0.0092446115	-0.17851482	-0.29822218	-0.14508414	0.15678942	0.041820887	-0.023479607	0.034383222	-0.1907753	-0.1115221	-0.009201605	0.18116155	-0.011392011	-0.044442907	0.02150895	0.058681715
-1.0254048	-0.21937221	-0.6871009	-0.46168488	0.30457056	-0.43131414	0.22997823	0.033863205	-0.05685083	-0.18526506	0.13438997	0.035200797	-0.20832829	-0.22074997	0.19308487	-0.10446639	0.14173254	-0.025139796	0.071462125	-0.15346634	0.025353232	-0.039604787	-0.053395033	-0.15343967	-0.050779834	-0.11569016	0.061423507	0.22641157	-0.11352574	-0.19806579	-0.039079927	0.21620136	-0.09827459	0.038240016	-0.063184336	0.06823415
0.7868239	0.3112053	0.14415121	0.5948206	0.9947615	0.4851702	0.21762235	0.3068586	0.31514576	-0.15232307	0.026569616	-0.5472009	-0.4746611	0.25986767	0.22836523	-0.22214204	-0.086483836	-0.22538689	-0.05679293	-0.25272712	0.030735519	0.004513646	0.2074092	0.25070322	-0.18503848	-0.2916656	0.08445259	0.08997323	0.062513374	-0.09062139	-0.018519219	-0.21498635	0.021980852	-0.063392095	0.001315916	-0.073301494
-0.01689543	0.75206506	-0.22200856	-0.3644683	0.10139832	0.59769386	0.84457695	0.2347125	0.30234703	-0.07514431	0.12687594	-0.032832704	-0.3630374	0.56960696	0.31177056	-0.103982024	0.0050547635	-0.32713437	0.039067633	-0.085681476	-0.1590339	-0.025065077	0.13401575	0.114710465	-0.07780497	-0.04349907	0.14554566	0.028893996	-0.034792453	-0.08800532	-0.008509256	-0.14878318	-0.07631782	-0.10465487	-0.0768198	-0.022755168
0.22842939	1.5549333	-0.090293646	-0.17531243	0.3025868	0.3436684	0.70438004	0.62113607	0.46220765	-0.23043294	-0.25484276	-0.23166153	-0.30877504	0.4492466	0.20378692	-0.19499844	-0.2452836	-0.21373767	-0.024854098	-0.1347205	0.04579471	-0.15849926	0.19699536	0.10181407	-0.21204494	0.035411507	-0.148745	-0.043513384	-0.023231748	-0.21773662	-0.010186255	-0.0785259	-0.16379747	0.026461605	0.01161325	-0.12694003
-1.5327616	0.27403513	0.05728045	-0.1071623	0.1964813	-0.5725807	0.12600768	0.010570641	-0.1180219	0.082301386	0.6230086	0.14418319	-0.07720624	-0.04507461	0.36017984	0.2341071	-0.08028495	0.049675234	0.268093	-0.07765435	-0.12232887	-0.08361796	-0.08473918	-0.2773218	0.2038191	0.08750977	-0.050117597	-0.17576143	-0.1034774	-0.31037277	0.003183812	0.11444977	-0.14589429	-0.19276956	-0.042974215	0.13980615
-1.0623316	-0.48043585	0.23334073	0.01903323	0.47344753	-0.2610852	0.048630863	-0.07961087	-0.32423726	0.10916492	0.73805106	-0.07095767	-0.33900094	-0.26291877	0.3338026	0.002698291	-0.09045326	0.004912584	0.14201948	-0.12221831	0.01585447	0.025995947	-0.024114126	-0.14483364	0.124952294	0.022977717	-0.008303713	0.014314506	-0.07869209	-0.3186218	-0.011059524	0.141941	-0.2727629	0.10978805	-0.16383097	-0.010003589
0.7002827	-0.2600423	-0.33887368	0.17484456	1.068859	0.19599026	0.3606165	-0.20909618	0.37827396	-0.0028274152	0.17061739	-0.022296963	0.13450699	0.30185193	0.23596002	-0.04733956	0.10359473	0.03049123	0.30194366	-0.04198306	-0.034535952	-0.07169566	-0.25442433	0.14948945	-0.19206929	-0.07021302	0.54284906	0.012176678	0.048552684	0.16271226	0.3984633	0.01861526	0.047700714	0.020684635	0.13405907	0.18426935
0.571684	1.6932318	-0.18488237	-0.33081272	0.777188	0.34659964	0.25891852	-0.29308394	0.1725459	0.014984004	0.3541019	0.07445869	0.24401337	0.37726375	0.18603125	-0.2737392	0.19036056	0.12752022	0.2726896	7.850118e-06	-0.015997378	-0.14384511	-0.11458721	-0.020814259	-0.102597505	0.019402178	0.2769372	0.12278519	0.18445596	-0.01003564	0.55256057	0.1589393	-0.16698404	0.05177852	0.15866624	-0.0015017092
1.3820342	0.28496426	-0.33766115	-0.23316245	0.09863285	0.2116233	-0.34651715	-0.30218104	0.9839566	-0.26660717	0.3425738	0.81717575	-0.24171188	0.057519976	-0.15065058	0.0743554	-0.030862909	-0.109081924	0.02447272	-0.06500874	0.10577145	-0.051129613	-0.038600825	-0.00031570718	-0.03717021	0.021443352	0.18164492	-0.1245524	-0.20640576	-0.07294942	-0.13959016	0.071894616	0.06976229	0.14835626	-0.13493344	0.06170727
1.5385114	-1.4393604	-0.18004447	-0.12208434	0.43363363	0.41632217	-0.35363632	-0.45919973	0.8146163	-0.4981116	0.1572022	0.51233494	-0.2757284	-0.13410924	-0.35750598	0.104556896	-0.10997942	-0.073566064	-0.23341876	0.09160363	0.23717195	0.056088664	0.2431755	0.0660198	-0.15343545	0.18547751	-0.033008076	0.04758975	0.11155389	0.016402218	0.08454375	0.14525265	0.0010685511	-0.07983595	-0.020578131	-0.046311744
1.2976305	-1.3515087	-0.3496729	-0.40201616	0.07182971	0.8778453	-0.06978011	-0.69826615	0.38029194	-0.31834757	0.3744107	0.48790973	-0.29747832	0.019356187	-0.26067188	0.08544655	-0.064661734	-0.11560789	0.048008878	0.06440954	0.13770318	-0.035194714	0.030511398	-0.14299136	-0.07369284	-0.09287919	0.04309437	-0.0037715696	0.01286926	-0.05830966	-0.025504313	0.09671733	0.052641064	0.006887462	0.024003115	-0.06706067
1.554818	-0.7352594	-0.3351764	-0.36609367	0.36765262	0.39751709	-0.38914856	-0.3515116	0.90685534	-0.51549613	0.056576706	0.5131335	-0.16905847	-0.13064808	-0.3176955	0.12828371	-0.0885673	-0.13011773	-0.009447901	-0.044737175	0.12676756	-0.12554072	0.15937312	-0.044158608	0.03912187	0.08123754	-0.07954159	0.0023152195	0.08347193	0.11941982	0.107633516	0.16887134	0.09200705	-0.08759232	-0.024274565	-0.018073713
1.1946067	-0.9310105	-0.32390225	-0.34693527	-0.07719509	0.6358748	0.025977172	-0.65318453	0.55620974	-0.3351177	0.29072678	0.69351435	-0.3317519	0.02762267	-0.1850032	0.13344735	-0.07591027	-0.20570557	-0.09895341	0.08340472	0.16182661	-0.04367032	0.044225957	-0.03715892	0.0035661468	0.042312395	-0.038121216	-0.07494767	-0.024648815	0.02667088	-0.028821193	0.0015665386	0.078495875	-0.0525451	-0.119350955	-0.03528089
-0.10635786	-1.6660519	1.2927959	-1.0743594	-0.7238569	0.6301588	0.37815544	-0.40403876	-0.773563	-0.4687075	0.081034645	0.051824845	-0.107319795	-0.18753713	0.13598347	0.066195875	-0.08743101	0.13452247	-0.15183318	-0.052655615	0.08647543	-0.045180507	0.22945873	0.044817027	-0.0044116527	0.039083987	-0.08789574	-0.044560224	0.0668044	0.03872224	0.108330004	-0.14655018	-0.109681204	0.20864254	0.057827666	-0.12246855
-0.50174296	-0.15404832	1.6847214	-0.9183816	-1.0662665	-0.18142286	0.18901156	0.11455705	-0.3096726	-0.23001406	0.1384153	0.26215658	-0.0055662394	0.009479331	0.26233184	-0.08027764	0.0014387816	0.0054862425	-0.12777045	-0.1044363	0.14665581	0.07611697	0.0740003	-0.041691266	-0.15799963	-0.175089	0.109497935	-0.12115743	-0.058454998	0.12392765	0.016898358	-0.18320478	0.06125824	0.32211643	-0.04104675	0.06770844
-1.7219164	-1.0693715	-0.8671775	0.63147515	0.05461083	-0.117780015	-0.27061167	0.16703688	0.09746803	-0.07206998	-0.406605	0.00091451406	-0.16709626	0.08858845	0.025125254	0.103523366	0.18415484	-0.09498214	-0.15548845	0.16607374	0.17555875	-0.15770349	-0.1255214	0.11320422	0.047939036	-0.06512937	0.22897908	-0.025745705	-0.050185464	0.07586542	-0.12095438	0.050033234	0.037619438	0.0056207017	0.026324674	0.014054947
-2.0584059	-0.862806	-0.70995605	0.36269248	-0.2022682	-0.09232123	-0.097813144	-0.028657828	-0.09339391	-0.002291076	0.014666356	0.055264823	-0.10873636	0.17101395	0.13922259	0.123695105	0.07511091	-0.06912457	0.012676447	0.16312894	0.028419105	-0.120783366	-0.1742244	0.14541103	0.1382809	0.008191798	0.051804584	0.034751803	-0.121405	0.08675064	-0.06301775	0.03886953	0.010108911	0.008223831	0.028328527	-0.018373754
2.1948366	-0.83981854	-0.45396334	0.7638464	-0.43111488	-0.17841825	-0.33369556	-0.12342672	-0.030913427	0.40295145	-0.04610905	-0.09723515	-0.22675522	0.093332134	0.44711435	0.14442036	0.2548835	0.019224765	0.03228985	0.042802647	-0.09446766	0.015200876	0.16244617	-0.057171296	-0.2516297	0.010964295	-0.37141705	-0.101570465	-0.11828245	0.13797256	0.07597353	0.05677904	0.081690654	0.24315132	0.14578265	-0.0413836
1.9905422	-1.0821357	-0.56184506	-0.021086652	-0.09878689	0.01479742	-0.6879449	-0.03319063	0.1018336	0.06874815	-0.11126533	-0.27189195	0.18585539	-0.027526518	-0.13792013	0.157279	0.18555441	-0.056723908	-0.015251659	-0.13586137	-0.12741789	-0.01742895	0.13493907	-0.2892607	0.18783192	0.003201086	0.21422979	0.21776181	-0.087405115	0.2329905	0.011287272	0.045708604	-0.2018453	-0.28084826	0.01485963	-0.2369598
1.8346617	-0.06153986	-0.30074924	0.17692748	-0.16645518	-0.41115004	-0.5867021	0.028130407	-0.090171315	0.32715777	-0.07888133	-0.05730262	0.06559342	-0.014977281	0.06798485	0.07255071	0.075828634	-0.1153658	0.15804249	-0.24306542	-0.09034798	0.017340505	0.20213157	-0.03497178	-0.015612191	0.07173431	0.009654997	0.44342783	-0.14804424	0.31138912	0.03811889	-0.04409279	-0.1184655	-0.1816363	-0.20380734	-0.19569308
1.6465143	2.1229675	-0.28531155	-0.25527316	-0.6452627	-0.33099675	-0.68106115	0.070119336	0.026845902	0.10874053	-0.1498188	-0.5231696	0.31463122	-0.037341144	-0.1300226	0.019599158	-0.14158946	0.3402781	0.05576957	-0.08456115	0.07902825	-0.42952758	0.25528204	0.6337093	0.08958765	0.1098381	-0.014263824	0.35011113	-0.2359927	0.032794368	0.2200531	0.16285202	0.069430366	-0.119516276	-0.09400249	0.098629385
2.1872327	0.09699976	-0.472408	0.8214235	-0.7187765	-0.11741618	-0.06768777	-0.35631764	-0.39089125	0.42753136	0.0027521774	0.14668104	-0.32012737	0.05429076	0.50993204	0.12401593	0.20535192	-0.050283425	0.30008924	-0.30132747	-0.15551333	-0.08544047	0.30526787	-0.10738261	-0.14621219	0.05371494	-0.29542896	-0.13494422	-0.1806325	-0.081095286	0.02066812	0.09207181	0.057414684	0.19741316	0.08171734	-0.08725305
0.37730598	-0.9310393	0.5345491	0.34194252	1.895595	0.51325756	-0.23737417	-0.29587436	-0.31030154	0.3609664	0.3337339	-0.48358744	0.34657806	-0.12594147	-0.09215375	0.19613566	0.071867034	0.07070552	-0.090167575	0.04267522	0.30742592	-0.023404256	0.17119463	0.08729457	0.05584197	-0.05282856	-0.22148964	0.0010973886	0.0776937	-0.06593021	0.10610087	0.08830617	0.06337087	0.12520054	-0.20842344	0.20120454
0.41419524	-0.1083691	0.4454667	0.2806622	1.5808415	0.61868846	-0.28708166	-0.35888904	-0.26823834	0.19577658	0.41696313	-0.52950966	0.111818016	0.0042662024	-0.095520355	0.20492193	0.014835922	0.083392195	-0.11141063	-0.030900087	0.35435542	-0.033178605	0.019583073	0.074768305	0.33215865	-0.097569525	-0.18434942	-0.05269716	0.09966929	0.0117323175	0.015273571	-0.083748184	0.086249046	0.16746587	-0.2611348	0.26273155
-1.5616161	-0.38562894	-0.48032117	0.42015815	-0.47012663	0.48376948	-0.1796972	-0.46684763	-0.3893571	-0.17228258	-0.06396055	-0.046695214	-0.10275245	0.16222526	-0.35222232	0.006926501	-0.09851595	-0.09430486	0.41260704	0.0012495052	-0.09315887	0.20669696	-0.08698981	0.29363889	-0.06778802	-0.06115625	-0.13188846	-0.048573468	0.05654549	-0.04136838	-0.06584672	-0.007885635	-0.20094436	0.25865787	0.011546375	-0.10332766
-1.1479533	-0.80097246	-0.4273851	0.5177235	0.12005735	0.4464811	-0.06449941	-0.120214924	-0.10274311	-0.070586115	-0.33939004	-0.14928804	-0.15642153	-0.07495231	-0.30527875	0.14136064	0.18976763	-0.15560225	0.12839878	0.10591328	-0.06278825	0.089785315	-0.17380452	0.23697886	-0.08899796	-0.07982847	-0.019667786	0.112122566	0.021760233	-0.06500798	-0.061565027	0.013507912	-0.011336757	0.22757922	-0.060845837	-0.09889823
-1.7189939	-0.53764325	-0.26862767	0.60405046	-0.3239302	0.1938349	-0.21323073	-0.23914328	-0.3416503	-0.13231592	0.032274414	-0.10555799	-0.12801872	0.119717374	-0.48339975	0.20608075	-0.12875041	-0.3302942	0.5660629	0.050961547	-0.064374164	0.16894937	-0.071170665	0.26794133	0.038723648	0.24169074	-0.17649582	-0.022326073	0.10863809	0.11972656	0.009187767	0.15719795	-0.02309081	0.11206493	-0.11789758	-0.20218699
-1.6791096	2.1157072	-0.62650263	-0.37594092	-1.0543559	0.29731393	-0.17696504	-0.1265721	-0.2009517	-0.11885425	-0.0134935975	0.022599263	0.028831758	0.252017	-0.51151747	0.10852091	-0.08631669	-0.14995892	0.23878819	0.08243522	0.018229496	0.44343176	0.12395349	0.07677144	-0.035612825	-0.058365263	0.18487164	0.080023415	-0.032791495	-0.072141826	-0.036197826	0.085544795	-0.15556052	0.28199553	-0.08069351	0.07821325
-1.9775665	2.0363986	0.18464684	-0.40271568	-0.89105225	-0.26476127	-0.0896288	-0.00833898	-0.0517921	0.11673516	0.46703523	-0.13359842	-0.01529821	0.12815881	-0.37052035	0.53044885	-0.44849202	0.044756874	0.021944229	-0.32561094	0.037360765	0.52921844	-0.1518637	0.10467661	-0.27274486	-0.16368206	0.09106545	-0.030148841	-0.08121167	0.23535068	-0.16840763	0.05640924	0.16389868	-0.2404201	0.09911887	0.030338736
-1.5809482	0.6565682	0.5950475	0.66439843	-0.00071989745	-0.023771994	-0.55480754	-0.09600357	0.391348	0.3242333	-0.0042540804	0.11628106	0.15661687	-0.16030505	0.027518963	-0.048659932	0.20775051	0.03886376	-0.21079409	-0.16307767	-0.24193022	0.5401342	-0.123346545	0.20685562	-0.03001493	-0.05900351	-0.15333757	0.13088053	0.031114768	0.00942786	-0.031680834	0.10680023	0.116668075	-0.08007942	0.021501742	-0.054767106
-1.8253019	0.8169553	0.24162728	0.2457172	-0.6118153	0.087459244	-0.21115252	-0.33979625	0.27639547	0.053895272	0.04996007	0.22125062	0.12950356	-0.03849686	0.13647561	0.04600384	0.08185785	0.022169517	-0.17190732	-0.33251303	-0.20758434	0.4778168	-0.07848631	0.1794635	-0.052033868	-0.04630991	-0.15186946	0.14261335	-0.029651329	-0.08813052	-0.0029790103	0.07556757	-0.033565607	-0.0006057387	-0.11966805	-0.0403939
-0.77708757	-0.385471	0.13813141	-1.2460845	-0.11491974	0.057213426	0.46234298	0.37282518	-0.3894947	0.098867	0.15248567	-0.22408882	-0.11812409	-0.19397332	0.02364518	0.21120776	-0.28132448	0.16725981	0.08581239	-0.3371947	-0.23370174	-0.24296543	0.066577986	-0.15004441	-0.030671265	-0.058993794	0.044167627	-0.09434886	0.20479007	0.08715515	-0.029442092	0.21222484	0.05670365	0.026408672	-0.1299734	-0.17864324
-1.4498405	-0.5117715	-0.7158569	0.69341654	-0.913134	-0.9828054	1.1605649	0.012259193	0.5576657	-0.14365077	0.29654706	-0.38106844	-0.2837599	-0.26730174	-0.09602617	-0.11701798	0.19641954	0.46038347	0.25660548	-0.1572112	0.5040758	-0.006341437	-0.0016587693	-0.02225201	-0.05832863	0.036703136	0.025052732	-0.0620768	-0.029064182	0.18054166	0.2980221	-0.14959782	-0.04312246	-0.031692754	-0.15020111	-0.09555711
-1.4367521	-0.6122266	-0.8611975	0.74671334	-0.81790686	-0.97053355	1.1295189	0.017686378	0.5510527	-0.10425757	0.33744907	-0.41766614	-0.2600934	-0.23372094	-0.17391942	-0.023596317	0.21465303	0.4181027	0.3053773	-0.1634714	0.43380284	0.025326774	-0.052670754	-0.07565801	0.056444302	-0.039179157	0.03671758	-0.123381525	-0.007166408	0.122694485	0.24000981	-0.094751626	-0.0708431	-0.013118535	-0.124248445	-0.158135
0.17555153	0.34865522	-0.027181216	0.1764639	1.5360502	-0.5936369	-0.093979135	0.3914442	0.110336065	0.06449735	0.019217692	-0.09372349	-0.25919926	0.15502	0.002427998	0.068783246	-0.10082924	0.07945837	-0.33138236	-0.035101317	0.08505498	0.03093812	-0.15690814	-0.043599024	0.029628955	0.008851968	0.04091051	0.003866448	-0.0780963	0.1747117	-0.23551363	-0.13580641	-0.21721819	0.07841839	-0.11101362	-0.03216844
0.3025663	2.0312493	-0.15224764	-0.14014643	0.8340144	-0.30241963	0.10355896	-0.11321386	-0.288667	0.09714715	0.045144904	0.16301486	-0.07663124	0.19585718	0.08029163	-0.0015871935	0.21307003	0.028558925	-0.3109067	0.079319894	-0.04207326	-0.091909274	-0.10537414	-0.057519138	-0.09833431	0.10470517	-0.11999437	0.18110996	-0.071098	0.16822149	-0.019891009	-0.04499118	-0.24425727	0.09677866	-0.004625447	-0.1754854
5.7779253e-05	2.547865	-0.5143604	-0.80464494	0.3663664	-0.38034832	0.21194868	0.0824749	-0.04020503	-0.13350706	-0.23606989	-0.004689919	0.05629307	0.14985096	-0.16978155	0.27070457	-0.048433878	0.16390082	-0.41869617	0.16437252	0.051488195	-0.16169773	-0.14720811	0.103184626	-0.18004403	0.12019412	-0.18291104	-0.0018761009	-0.23353153	-0.0139504615	-0.078657486	-0.051823974	-0.23162192	-0.12328769	0.027648881	-0.038399376
-0.05595906	-0.1695472	-0.29567868	-0.23795205	1.221606	-0.1370194	0.2659128	-0.114200436	0.008875412	0.19173911	-0.23381174	0.2946455	0.8174608	-0.1894626	0.096764624	0.02745309	-0.024716044	-0.069329396	0.1482245	-0.17847514	0.17879035	-0.13171263	-0.065474436	0.098998815	-0.040698778	-0.071563125	0.06014959	-0.18834212	-0.07108852	-0.03437072	-0.23591945	-0.042838566	0.081833914	0.031579204	-0.05048742	-0.14509441
0.5488379	1.513166	-0.40720415	1.7028432	-0.82992166	0.84487295	0.5210106	1.3955741	-0.38787982	-0.16734275	0.77156144	0.57112646	0.2970175	0.11070004	0.0019403435	-0.1840164	-0.111185506	0.08721534	-0.15664615	0.38771075	0.00016392302	0.041601457	-0.12767899	0.12280992	0.23354165	0.1289129	0.07087741	-0.03124888	-0.13089958	0.011384973	0.030142182	0.08922754	0.020694207	-0.06259582	-0.0261662	-0.033809356
-0.6325414	-0.5947296	0.44400936	-0.022269439	1.0354872	0.089526564	0.21183872	0.8064354	0.40368524	0.22222568	0.24059233	-0.20990226	-0.48999128	0.6000971	0.18531698	0.028741952	-0.29768348	-0.43909124	-0.061820157	-0.29003122	-0.08782639	-0.09278565	0.014218226	0.26761952	0.060542293	0.01981195	-0.012965328	-0.18283749	-0.07954057	0.17556655	-0.0593939	0.1879287	0.21720025	-0.09670128	-0.015715864	0.12626411
-1.8326699	-0.22183855	-0.6968502	0.15294637	-0.5493424	0.19486487	-0.18905047	-0.030544179	-0.065218024	-0.18028136	-0.24844149	0.10923841	-0.05652021	0.3036772	0.017572127	-0.15078679	0.097751185	-0.15686925	0.104243875	-0.0853467	0.09847472	0.0126843415	-0.007267861	-0.023303632	0.26326135	0.04149419	0.04081932	0.19388121	-0.0848939	0.103795804	-0.10397263	-0.14673151	0.11830576	0.06499088	-0.015852716	0.08103593
-1.9613047	-1.4619377	-0.2586704	0.33955744	-0.57857776	0.49613386	-0.524442	-0.2774493	-0.29864085	-0.27268857	-0.12568645	-0.015814496	0.06788366	0.45684808	0.11671158	-0.23710167	-0.22008602	0.3139069	0.03836485	0.15404364	-0.07500951	-0.14767429	0.040749956	-0.04166484	-0.047332216	0.051188037	0.21144812	0.12667033	-0.13301249	-0.0120677855	0.071538486	0.13825321	0.051277794	0.17387834	0.024265703	-0.112272136
-1.9070494	1.1743687	-0.21228655	0.60387146	-0.30665302	0.021575835	-0.39093506	-0.12093972	0.29616773	0.3327023	-0.3538389	0.36934948	0.20286566	-0.23153439	-0.17150259	-0.035475634	0.011362046	-0.03022357	-0.3855738	-0.13052376	-0.1406041	0.13259207	0.40596643	0.0322581	0.09222618	-0.124237575	0.07039893	-0.3157453	0.026250511	-0.08377764	0.364079	-0.27150598	-0.013891369	-0.11649804	0.044797916	0.026897006
-2.1685078	-0.50897205	-0.00899332	0.46966726	-0.22465399	0.13340065	-0.3843339	0.004883155	-0.06396684	0.49066952	-0.2566575	0.28456664	0.122031644	-0.21614444	-0.041759018	-0.021718428	-0.11737258	-0.027704421	-0.19997302	-0.25884664	-0.22413673	-0.18697974	0.07794594	0.07166882	0.017457336	-0.2520222	-0.17579448	-0.40112102	0.0957207	0.004580032	0.31093594	-0.13516296	-0.051370114	-0.22121114	-0.09019787	0.07538217
-0.35396352	-0.95636076	0.3120396	-1.5775248	-0.35768542	0.46215755	0.58140075	0.024345621	-0.21604568	-0.5049966	-0.1629735	0.11874324	0.056598112	-0.22909692	-0.034796655	0.08696158	-0.05648376	0.3144964	-0.21178319	-0.21206126	-0.20432068	-0.07689812	0.031244174	-0.067739025	-0.3075515	0.36122668	0.061485484	0.16940281	0.26592737	0.13920397	0.057337657	-0.13845207	0.054160874	0.07323143	0.0036344863	0.097301036
-0.5264578	-1.2347925	0.5008304	-1.4193733	-1.2366517	-0.26083633	0.63683003	0.5404241	-0.12382295	-0.065345	-0.24305044	0.24660164	-0.064306915	0.0028306954	0.22912663	0.31120312	-0.10024507	0.14519008	0.0068409555	-0.12596433	-0.10810213	-0.21525164	0.05813136	-0.09466279	-0.09561438	-0.39914167	-0.007995632	0.07826353	0.025983462	0.15348904	-0.05669133	-0.071003065	0.15701279	0.20335364	0.058520384	0.23736073
-1.859002	-0.044248283	-0.40317374	-0.1642453	-0.4056219	0.35456592	-0.2455205	-0.12848802	-0.2840293	-0.020462405	0.25431603	0.06727795	-0.21320915	-0.19578099	0.06726424	0.021896137	0.22999656	-0.083092175	0.02945701	-0.24482048	-0.1528401	0.20369497	0.04824057	-0.13472779	0.0821982	-0.12956734	0.031867485	0.04491359	-0.02232609	-0.119362146	0.10435437	0.04192717	-0.070705555	-0.05246084	0.028944662	0.04881158
-1.7490993	-0.9038936	-0.65712285	0.41771773	-0.11798663	0.11419672	-0.1242526	0.25838274	0.032276094	0.16606434	-0.44787723	0.046992775	-0.1621654	-0.089754246	-0.1513452	0.32242072	0.22897366	-0.08928305	-0.14853418	-0.04644734	-0.29530555	-0.27401212	0.059628166	-0.019809645	0.16178463	-0.007798236	0.10360237	0.15478499	-0.04486634	-0.028752327	-0.0364308	0.12078817	0.06474979	0.034073688	-0.20569228	0.020029055
-1.7591567	-1.242796	-0.4930159	0.26225382	-0.124910936	0.008539276	-0.29630774	-0.0051965453	-0.041463315	0.04753947	-0.23101772	-0.046020575	-0.13643838	0.032914337	-0.08610137	-0.035160027	0.0726669	0.11027971	-0.11904881	0.132338	-0.0009846874	-0.0337081	-0.083609425	0.17295282	-0.020821322	-0.13378115	0.16360596	-0.087905556	-0.08892943	0.053527944	0.07661794	0.07196155	-0.0008075452	-0.027905066	0.13046283	0.06530599
-0.34995854	-1.3808086	-0.14395872	-0.6830917	1.4098935	0.23990083	0.18348582	0.11985534	-0.087700516	0.33322284	0.27862263	-0.2522426	0.40658683	0.08050338	-0.11276423	0.14751273	0.096099615	-0.022828639	-0.2834638	-0.02414282	0.025277065	0.13097814	0.11057559	-0.043198153	-0.10482304	0.031047767	-0.1216208	0.21251638	0.009383641	0.005634038	0.089522615	0.2909251	0.07949294	0.18007109	0.14746773	0.046213478
0.78762984	0.29554182	-0.71767724	-0.53563076	0.74168617	0.13516174	0.5116537	0.1270416	-0.099510334	-0.009325534	-0.2562185	0.14817774	0.17187744	0.23627277	-0.18164144	-0.16807044	0.17707717	0.019875959	-0.17505671	-0.2620511	-0.106481515	0.06747374	-0.06681408	-0.17441581	0.09510857	-0.12604392	-0.031585567	-0.0664481	0.051530562	0.19422576	-0.023476519	0.046045914	-0.05263243	0.14097139	-0.09351882	-0.057315174
0.8101871	-0.890846	-0.7639179	-0.3639056	0.8118118	0.23848474	0.52300155	-0.029672522	-0.1342771	0.040924415	-0.2224668	0.122211084	0.1330697	0.23041384	-0.2056545	-0.15356915	0.13774163	0.0651482	-0.20245722	-0.24848217	-0.039354976	0.23411246	0.004488103	-0.14487925	0.08386926	-0.1015998	0.15405725	-0.04904186	-0.031051535	0.09200768	-0.020150945	0.16425467	-0.05129335	0.044697262	-0.01899333	-0.02217659
0.5150063	-1.1587738	0.13646206	-0.9204431	-0.2177445	0.48965463	-0.2581019	-0.4079513	0.065165296	0.01653	0.68299234	0.42037022	-0.2475284	-0.105367884	-0.06152427	-0.07232574	-0.010100352	-0.01437971	-0.17086528	-0.033287212	-0.04977146	-0.17419894	-0.06814566	0.011717098	0.1016213	-0.008592192	-0.008294083	-0.07642378	0.11133519	-0.00011764467	-0.05361707	-0.1123385	-0.0029126457	-0.074364476	-0.06827821	-0.09198439
0.46197432	-1.2763186	-0.33855549	-0.88414925	-0.651658	-0.76765895	0.09317103	0.37755263	0.20575863	0.408742	0.071324684	0.12040651	0.12265377	-0.032649588	-0.09663814	-0.14550468	0.0894898	0.12920511	-0.14584655	0.21939711	-0.14754575	0.060954332	0.03808966	0.11345212	-0.01149079	-0.012651481	0.038936436	0.034144126	-0.11651534	0.04358233	-0.038199723	0.06108629	0.07500365	0.033940427	0.041374207	0.18993421
1.7404947	1.7096537	0.5203665	-0.051531706	0.8693369	0.13674575	-1.210512	-0.37364483	0.4157492	-0.09049885	0.63245606	-0.18729684	0.054566585	-0.1336251	-0.32430324	0.22866972	0.022569537	0.22389653	0.1336811	-0.15962385	-0.24392241	-0.21040103	-0.39365894	0.06452685	0.02317297	-0.28304964	-0.14368038	0.18855521	-0.12840554	-0.21351373	0.0984284	-0.27285486	0.052507043	0.004325611	-0.021703344	-0.056963533
-0.05862735	-1.5229683	0.19208243	-1.2765177	-0.11038346	-0.111320466	-0.055684827	-0.022288628	0.31195185	0.014177887	0.54141	0.29468447	0.17126915	-0.11505974	-0.12085737	0.09170337	-0.18373364	0.039515164	-0.004846666	-0.12305599	-0.48051178	-0.24932212	-0.26774457	-0.08075582	-0.23467013	-0.13711336	-0.2766238	0.15664667	-0.15747008	-0.10291979	0.03523009	-0.17015986	0.110610425	0.0058443733	0.18940488	-0.11588065
1.181402	-0.7225406	-0.3761761	-0.6614014	-0.7046156	-0.07953352	-0.47179615	0.30236125	0.2529661	0.2056433	0.2368122	-0.1805462	0.07555905	-0.07615997	-0.027577836	-0.25639948	0.13650683	-0.021794807	-0.16850074	-0.11980337	0.20637989	0.118775286	-0.07362094	0.011326084	0.14154139	0.09798022	0.0849373	0.045495935	0.21233937	-0.016560936	-0.10863665	-0.11560324	-0.09358498	-0.004233651	-0.008199241	0.11237842
0.739848	-1.1757042	-0.32085717	-0.75619656	-0.6840117	-0.234965	-0.31811985	0.51416504	0.32481563	0.25577167	0.22187735	-0.083236665	0.17968713	0.023590941	-0.20728423	-0.26742262	-0.14041851	-0.13814516	0.04250175	-0.086613566	0.15504551	0.106542505	-0.072273105	-0.04699617	0.12747107	-0.0072723767	0.016960513	0.00023013586	0.055446967	0.0032081995	0.0006757602	-0.15653346	-0.11081454	0.14923269	-0.030417299	0.03661274
0.7321534	-1.2959614	-0.3789289	-0.6764446	-0.7449383	-0.41731608	-0.23917682	0.55653304	0.36057347	0.38169426	0.27208453	-0.098636016	0.20174223	0.099215195	-0.11704621	-0.23451763	-0.09627004	-0.1847092	0.09781919	0.022004563	0.048823282	0.07000529	-0.19975767	-0.033028487	0.1153961	0.07435377	-0.050557338	0.0038026618	-0.034757577	0.038264006	0.12933862	-0.16047327	-0.12455982	0.096784815	0.17549331	0.015746119
0.43006366	-1.8340771	-0.31771648	-0.8605063	-0.70258546	-0.3437425	-0.109476276	0.48968834	0.44428077	0.40284953	0.34777603	0.025984455	0.2611535	0.11368003	-0.10998701	-0.13213854	-0.0822788	-0.19635867	0.013418589	0.19610305	-0.092671484	0.040845532	-0.06845309	0.006189839	0.097157024	0.103685156	-0.07010444	0.07433807	-0.058266327	-0.021296993	0.17909229	-0.095214315	-0.066030934	0.09967724	0.13274394	-0.038555883
0.57995933	-1.9512184	-0.32566032	-0.7749026	-0.6884437	-0.35361594	-0.26424402	0.528865	0.43088114	0.3019188	0.22761106	-0.14847161	0.23882878	-0.025607869	-0.1879629	-0.082974076	-0.08905517	-0.039679557	-0.1668491	0.075594544	0.07287277	0.07705835	-0.17083848	0.03650678	0.080882795	-0.0069887266	-0.04322089	0.052375734	-0.0023653433	-0.17655034	0.028181463	-0.14764206	-0.19091569	0.14800128	0.12146923	-0.005142253
1.8015183	-1.3616539	-0.67105925	0.47020122	-0.40244588	0.09716582	-0.020922773	-0.24754933	-0.25333816	0.2594083	-0.16660196	-0.32579452	0.23783503	0.060468014	0.29249048	0.36588082	-0.34711862	-0.3712979	0.082501635	0.23599139	-0.015982896	0.071119085	0.15101568	0.018528758	-0.19702184	-0.061672416	0.10846254	-0.041633517	0.22204916	0.029788537	0.050753325	-0.09461804	-0.032941934	0.011239711	-0.17042336	0.037784044
1.2011734	-1.8788279	-0.84376186	-0.080657974	-0.66345423	0.27287757	0.28284043	-0.20288958	-0.108629145	0.23728658	-0.12185339	-0.2972973	0.34379223	0.1035694	0.16514948	0.37811577	-0.2027108	-0.3311326	0.1305694	0.33543324	0.091316216	0.042621277	0.08335443	-0.13008468	-0.19413725	-0.0504565	0.16770855	0.054808903	0.20813024	-0.1728577	0.069910474	-0.17344858	-0.04189971	-0.17459205	-0.12852685	0.0040963814
1.6496596	-1.7375555	-1.0115077	0.12808609	-0.5930657	-0.015480692	-0.0068369843	-0.06292725	0.007296797	0.16979548	-0.36212468	-0.34914923	0.46971908	0.0009838585	0.1561342	0.37974134	-0.15562329	-0.2047781	-0.0896382	0.25494033	0.007697463	0.09282972	0.19413307	-0.1566948	-0.03422674	0.023782888	0.11789405	-0.038459565	0.24510342	-0.21579267	0.004190907	0.09363496	-0.13356206	-0.21525511	-0.013257975	-0.007091902
1.665071	-0.70564425	0.21497096	0.14688878	0.16529602	-0.51163924	-0.57695854	0.29708874	-0.004148498	0.6692263	0.2362647	-0.07294722	-0.0661009	0.0019556973	0.001991827	-0.04189221	0.10259162	-0.033189647	0.006300006	0.02982594	-0.19816592	0.15070653	0.16944666	0.057549536	-0.18998903	0.067066595	0.17043722	0.024866771	0.031514637	-0.13449714	-0.03805138	-0.0032592807	0.010401234	0.0066215713	-0.03629533	0.0043397527
0.6677693	1.2626572	0.3336293	-1.1589146	-1.0477066	-0.12143475	-0.40022787	-0.0043824296	-0.13143359	0.4605052	0.7369541	0.06848824	-0.034804728	0.19514106	-0.03932921	-0.116170324	0.12424669	-0.0061027035	0.17795153	0.24385858	-0.21354067	-0.21913019	0.06570136	0.042127714	0.025421679	-0.03416491	0.010514266	0.01760232	0.14811438	0.081033655	-0.043622326	-0.09951377	0.11046186	0.07726076	-0.08133254	0.11774666
1.2111324	-1.0056883	-0.4633698	-0.6390818	-0.7842394	0.16790336	-0.041855425	-0.11408016	-0.22734874	0.15244372	0.05508197	-0.298147	0.03764244	0.045285188	-0.12855062	-0.029577829	0.05364991	-0.0025801808	0.14112923	0.023467358	-0.029982388	-0.056792766	0.0623552	0.010227973	0.2247898	-0.116612405	0.024230193	-0.07510501	0.13222864	0.101626076	-0.26120734	-0.044600632	-0.07556236	-0.09245476	-0.044910286	-0.072254166
0.34296983	2.295374	-0.6298131	-0.8962037	0.63299924	-0.0732718	0.1336807	0.11200924	-0.16038951	-0.09201527	-0.17733003	-0.03582878	0.10261404	0.25946057	-0.33131418	0.11316721	-0.12032863	0.051430985	-0.36475402	0.14271119	0.090012	-0.19012561	0.043375455	-0.072806194	0.02758273	0.0024475688	-0.14344722	-0.042229153	0.010311209	0.23942357	0.038441412	-0.089677036	-0.19153014	0.06716682	-0.07084857	-0.059452254
0.2684031	-1.1501598	1.6987958	-0.5493074	-0.112788364	-0.053742178	-0.11371063	0.22518109	-0.030809402	-0.607877	-0.16695863	-0.15826935	0.26725784	-0.30216527	-0.048594967	-0.2384772	0.19717866	-0.07473944	0.0637496	-0.025088593	-0.12586115	0.039131295	0.22642979	0.033781506	-0.108086094	0.11103899	0.16308503	-0.11671539	-0.20478933	-0.15780401	-0.03520334	0.051741518	-0.10384433	-0.07035696	-0.009247519	0.028483953
0.13358346	0.5369886	1.7144608	-0.74318695	-0.18300673	-0.23738076	0.046644513	0.2917754	0.07907183	-0.6233622	-0.12842947	-0.03594724	0.38465026	-0.17300376	0.13947332	-0.22618082	0.26991355	-0.2879138	0.08092901	0.0039554657	-0.122494824	0.06573637	0.10609324	-0.07786605	0.011319846	-0.057140965	-0.11222839	0.03344994	-0.21643695	-0.001747665	0.07333346	0.12660153	-0.03956939	-0.096637994	-0.10153845	0.027793141
0.15104833	-1.2354649	1.7352068	-0.46787795	0.012674432	-0.11415662	-0.11833938	0.2528271	0.08143311	-0.5252924	-0.086567506	-0.25893465	0.16173539	-0.2201773	0.04284091	-0.14249966	0.21873185	-0.051724106	-0.089987405	0.13402696	-0.10597946	0.038371395	0.06966637	0.14214107	-0.12712584	-0.059601396	0.15787046	-0.10875524	-0.2383497	0.0040931795	-0.06400892	0.035222672	0.0023370013	-0.055655766	-0.058273558	0.03784225
-1.7804441	-0.8667736	-0.43680567	0.6374353	-0.036175918	0.061286967	-0.2235257	-0.18709812	-0.12240825	0.0025801267	-0.20380141	0.008538451	-0.17814264	-0.12717588	-0.052037794	-0.11161429	0.10447335	0.021914065	-0.079208046	0.13841064	-0.08718924	-0.20592088	0.0006954735	0.24543571	-0.06805729	-0.023561947	-0.25260296	-0.15211016	0.07341241	0.05890303	0.17064983	-0.057333466	-0.1477774	-0.051780075	0.016681645	-0.005499305
-1.8712579	1.2518394	-0.9120639	-0.41980165	-0.75451833	0.28513533	-0.27049786	0.029673275	-0.13176692	-0.09611387	-0.2764763	0.2909132	0.030516125	0.02750773	-0.06513408	-0.06892606	0.13795695	-0.051117606	-0.12984538	0.10812451	-0.20480016	-0.045445282	0.17852145	-0.08348952	0.024108628	-0.15683396	0.18817218	0.031200364	0.16515778	-0.007067146	0.08711155	0.01184861	-0.1262426	0.040311802	-0.08968872	0.14479947
-1.898032	-0.9546391	-0.43352443	0.8629487	0.23728439	-0.13991801	-0.5145353	-0.03702784	-0.049489066	0.08148485	-0.21963623	0.045949288	-0.16672896	-0.036026686	-0.0968252	-0.04313483	0.05259975	-0.011307165	-0.09632	0.22651806	-0.1128384	-0.1594046	0.00998234	0.23050538	-0.108615935	-0.003994275	-0.24379429	-0.13459228	0.10925158	0.09412193	0.1763368	0.028325994	-0.18824005	-0.028576	0.001755327	-0.014863242
-1.2749966	1.3148644	-0.31044844	-0.7500731	0.02008367	-0.3639009	0.07214272	0.18412757	0.12360817	-0.03097683	0.17517759	-0.16871998	-0.2255893	-0.00016765762	0.39052236	0.26033926	0.044120736	0.19586286	-0.15799868	0.25568888	0.086193666	0.13317084	-0.06096648	-0.17146057	-0.0723616	-0.21670154	-0.07903023	-0.07051082	0.10400399	0.06811614	0.063708045	0.01502974	0.048032977	0.013147607	0.02682946	-0.041284353
-1.168868	2.780582	-0.19118127	-0.7722596	-0.16788086	-0.24360633	-0.05389171	0.015296772	0.029109351	-0.021715041	0.3565727	-0.28900704	-0.08388054	0.104527965	0.096482135	0.44580126	-0.059565492	0.18674406	-0.2997798	0.32939002	0.21978302	0.18695226	0.077350974	-0.17784652	-0.14716102	-0.20596084	0.10763452	-0.1378581	-0.019732498	-0.08535861	0.04499793	0.16029927	-0.091515	-0.10960734	0.108933635	-0.13541026
0.48521155	2.0093741	2.6573167	1.3667353	-0.2394518	-0.70129144	-0.3928349	-0.2997458	-0.75914687	0.61475927	0.2934685	0.14736626	-0.26371917	0.41033942	-0.3747038	-0.05334685	0.027595494	-0.23069277	-0.09867716	-0.073955074	0.12628426	-0.13111734	-0.11152376	-0.068185516	0.06836994	0.14372009	0.24036968	0.034526426	0.09247993	-0.17980751	0.13467422	-0.039455432	0.11834943	-0.018393546	0.036521465	-0.034357365
0.38095906	-0.58235043	1.842274	0.50485384	-0.48261768	-0.61523896	0.18471164	0.09417043	-0.5046741	0.18035884	-0.33109942	0.13719009	0.020415299	0.16419642	-0.47774953	-0.08520117	-0.087117374	-0.29756725	-0.15703285	-0.2482267	0.25366762	-0.18003806	-0.08108538	-0.21636198	-0.07787935	0.024316866	0.03646095	0.0223184	0.068972856	-0.17592886	0.044082195	0.15815845	0.04810302	-0.047235534	-0.016033202	-0.043023154
0.41321564	-0.8118758	2.0650673	0.5559461	-0.35111368	-0.4976425	0.049559154	-0.103783056	-0.76967275	0.21886095	-0.069444835	0.0014946684	-0.11269803	0.109619424	-0.3847559	-0.15261096	-0.110919006	-0.19236065	-0.16204523	-0.15097421	0.2912322	-0.21407235	-0.1492089	-0.099598154	-0.118896514	0.030602027	0.046159193	0.05997048	0.023849752	-0.13495606	0.048387244	0.013665367	0.03864187	-0.051289253	0.12687518	-0.112357944
0.26762018	-0.53851557	1.7732406	0.3779934	-0.49251026	-0.60924816	0.10430604	0.05078263	-0.53045726	0.12287279	-0.3222183	0.08723973	-0.06801016	0.18417022	-0.41946137	-0.25790554	-0.061342783	-0.23083702	-0.17751017	-0.15960586	0.25918257	-0.138601	-0.22752112	-0.095127665	-0.08981168	-0.05926047	0.08275564	-0.06825629	0.006282393	-0.032760255	0.036314882	0.04584846	0.084521085	-0.056763653	0.04356654	-0.045824002
-0.65773153	-0.60006225	-0.29353464	-0.93648756	-0.10894196	0.22695841	0.70715	-0.3478616	-0.32207584	-0.28745785	-0.011994176	-0.14586066	-0.103479326	-0.2801878	0.17651622	0.05606277	-0.38910675	0.00097026303	0.019568391	-0.14542322	0.11930456	0.090770856	0.16504315	0.37043768	0.10117621	0.27543682	0.03092454	0.318213	-0.20043296	-0.10144745	-0.061198413	-0.21430328	0.060532704	-0.16329505	0.09754207	0.12695408
-0.9215411	-1.1147572	-0.20819303	-0.5196042	0.4231204	-0.45197737	0.43417084	0.1672076	-0.12886362	0.16231036	0.06865181	0.02434264	-0.056141987	-0.22745365	-0.028726164	0.24440469	-0.14490822	0.056218088	0.03441497	-0.12209933	-0.029344201	-0.042716287	0.041736517	0.20011017	-0.13343842	0.11574531	0.2219051	0.14875804	-0.09869489	0.07046085	-0.061741155	0.03677737	0.105782986	-0.21601719	-0.045882676	-0.1274826
-0.25942218	1.2231814	-0.31462923	-0.6888481	0.6114859	0.122410946	0.14362296	-0.42996112	-0.2327406	-0.0140001	0.03146297	0.17573003	0.8255867	-0.12977317	0.1431644	-0.07772996	-0.055045128	-0.06510405	0.14655879	0.025134187	0.13564065	-0.19775276	-0.122732446	0.24504128	-0.02739288	-0.027299521	0.18874858	-0.26704758	-0.13480243	-0.01713573	-0.12152393	-0.09124757	0.034523074	0.07901257	0.0064331684	-0.13264519
-0.5680299	0.77430624	1.1736531	2.8084676	-0.83121806	-0.6922977	1.408968	-0.95269805	0.8234956	-0.18107438	0.48455012	-0.33160377	0.60543203	-0.03754519	-0.08162479	-0.025718056	-0.0559285	-0.061738886	-0.25280076	-0.014814241	-0.3297927	-0.1702678	0.13868552	-0.011978004	0.07045548	0.0928134	-0.06292013	0.056679636	0.17769226	0.06887867	-0.181646	0.04704412	-0.01764414	0.11884309	0.19777396	0.10498386
-0.7567961	0.73419523	0.9872242	2.39668	-0.9826778	-0.6393158	1.5785418	-0.8766542	0.75344324	-0.07954518	0.3945031	-0.26072198	0.47009608	0.010705009	-0.05874317	0.05725482	-0.10281776	-0.016157135	-0.21162587	-0.04093838	-0.29332507	-0.18260536	0.14073163	-0.0036290009	0.15786518	-0.02291116	0.09752262	0.061760653	0.14520651	0.050198674	-0.25461346	0.07105431	-3.5777688e-05	0.073510766	-0.020603975	0.011000831
0.3318446	-0.74148744	0.9648973	-0.81516665	0.91901064	-0.20527881	-0.23798528	0.50065887	0.07328846	-0.15089354	-0.06455553	-0.06789869	-0.021233594	0.04370196	-0.07231865	0.043612987	0.08048003	0.612458	0.115749575	0.059649076	-0.35398075	0.16556019	-0.06905811	0.14964625	0.078409925	0.4137429	0.14875285	-0.19738348	0.46731353	-0.03132856	-0.09895045	0.050004527	0.09135188	0.012550652	0.040841937	-0.1294893
0.14380476	0.24278556	0.7523202	-0.9034912	0.5516141	-0.17006391	-0.04069591	0.4062718	-0.12818965	-0.06940026	0.035138607	0.068046734	-0.11547878	0.14329793	-0.044630736	0.0134648	0.01827027	0.406925	0.14254133	-0.018286852	-0.30488783	0.09165595	-0.07326016	0.120469935	0.11823641	0.4161042	0.07106283	-0.25436288	0.33094323	0.040520974	-0.01585213	-0.004426469	0.12593916	-0.06638168	0.0082333535	-0.10333808
-0.31503612	-1.085177	-0.10910225	-0.6232908	1.337162	0.18640701	0.18788715	0.10969356	-0.103165716	0.23524994	0.23233044	-0.19138238	0.31119573	-0.09048633	-0.07809221	-0.07213377	0.050715476	0.093243785	-0.2919273	-0.15585127	0.1833319	0.13320647	0.05372046	0.0887367	-0.21178894	-0.072777465	-0.050715975	0.13169467	0.018293396	-0.13153815	-0.043999176	0.13509351	-0.03483584	0.17743403	0.014727473	0.09080656
-0.14443892	0.90451115	-0.20993598	-0.6715866	0.68203014	0.20014608	0.18471646	-0.29770216	-0.20755985	0.29447374	0.1659599	0.5681784	0.90861225	0.049279947	0.36157358	-0.20194727	0.17051075	-0.14811167	0.2577878	-0.06452613	0.16907616	0.05807154	-0.007792251	0.090601645	-0.061862566	-0.16801834	0.10410409	-0.11899264	-0.0319058	0.10275848	-0.03421488	0.06296354	0.036019992	-0.045812763	-0.033538777	-0.1629312
-0.14195366	-0.8375103	-0.30427957	-0.23673385	0.57876927	0.04944649	0.61784786	-0.3747009	-0.25857875	0.29965255	-0.082834676	0.4690676	0.6258804	0.17102703	0.3475459	0.05614532	0.092460066	-0.060458295	0.05472368	0.13367227	0.08025356	0.03833243	-0.12543516	0.09071903	0.063532665	-0.08735056	-0.18304741	-0.15167892	-0.041273408	0.20123696	0.019615317	0.007884734	0.11122396	-0.12390013	-0.06604776	-0.13771302
-0.7382046	0.95482266	-0.4996278	-0.38212228	0.4670081	-1.0041356	0.059621908	0.27319738	-0.02559948	-0.039616846	-0.08022436	0.18960986	0.10608497	-0.21522397	-0.24408238	-0.09029328	-0.4166289	-0.2551188	0.24961391	0.14937314	-0.012945754	0.019539837	0.080295965	-0.22950418	0.0035187583	0.15548414	-0.38778278	0.049273223	0.06540543	0.028049968	0.14257519	-0.0023800805	0.12590626	-0.072892606	-0.010383716	0.1942832
1.2768006	0.9657803	-0.3281237	-0.070214115	0.8289887	0.032207947	0.31760287	-0.10516784	-0.2586776	-0.0738356	-0.20778607	0.174458	-0.11715631	0.27026233	-0.06985589	-0.057385333	0.06471729	0.12890716	0.0026384369	-0.23203811	-0.14243348	-0.0014502425	0.028016277	-0.107880056	0.3121999	0.05221639	0.047098543	-0.064019755	0.020988176	0.043488413	0.061066493	0.063096836	-0.2057167	0.015182519	0.020724991	0.008083349
0.80354494	-1.1907313	-0.25774992	-0.33235127	0.36104435	0.64472055	0.679288	-0.68052626	-0.55789113	-0.20180093	-0.07580481	0.05479526	-0.05233703	0.45020086	0.15235466	0.09681599	-0.4188442	0.13769892	-0.13878489	-0.094297215	0.008020693	0.2985485	0.07327527	0.23673692	0.6402283	0.10339413	-0.18428355	-0.010928802	-0.120275654	-0.15415585	0.09674512	-0.12659289	-0.12430529	-0.13062808	0.38678473	0.004225865
0.8210676	1.1852438	-0.6983385	0.3856662	0.9607109	-0.72503036	-0.3822233	-0.04444264	-0.13682629	-0.19361113	-0.28588325	0.01270627	-0.09497237	-0.35488933	-0.19770285	-0.19541065	-0.40011638	-0.056876436	0.118392915	0.035142183	-0.13750234	-0.004116093	0.058943585	-0.18180056	0.011738211	-0.08568319	0.048132893	-0.106669575	-0.01780628	0.24659999	-0.05885228	-0.0554557	-0.0378944	0.061346374	0.09429063	0.085583866
0.462314	-0.11307029	-0.61272645	0.66250783	0.81747055	-0.707894	-0.13534997	-0.2646708	-0.3435779	0.046126332	0.0330097	0.08222919	-0.1545667	-0.28714237	-0.054674115	-0.20084336	-0.4561664	-0.03411243	0.15179962	-0.029935028	-0.120471194	0.03328011	0.09158535	-0.11521671	-0.015814256	-0.02233966	0.049144365	-0.14460507	-0.11762261	0.12518016	-0.07447676	-0.046983045	-0.12470957	-0.0009841081	0.14446607	0.07015917
0.078266814	0.5452889	-0.7394536	0.30523857	0.46238303	-0.89020264	0.14376518	-0.11397005	-0.1927144	0.11497642	-0.06779582	0.3005113	-0.11650559	-0.24377118	0.07363531	-0.17174326	-0.2772816	-0.14594491	0.16315946	0.07265448	-0.13698542	0.08784928	-0.01355074	-0.15022188	-0.051128548	-0.039119232	-0.022050677	-0.018390719	-0.048904024	0.09700274	-0.0725441	-0.04723004	-0.071342394	0.008434691	0.03977471	0.103123814
1.2401417	0.11624858	-0.344	1.0587482	1.3708019	-0.54257655	-0.6997766	-0.3717538	-0.37401345	0.055423547	0.1567132	-0.183175	-0.31216788	-0.30516	-0.21747085	-0.06925435	-0.21893299	0.07675219	0.16498739	0.091988936	-0.21567053	0.05286065	0.2301545	-0.15930748	-0.042368278	-0.007485194	0.32437277	-0.073784664	-0.15212055	0.2552967	-0.013758613	-0.030046823	-0.11115655	0.050712813	0.20601946	0.1879642
-1.9489295	-0.85635334	-0.48258993	0.12425576	0.43103758	-0.19514638	-0.08129216	0.073117614	-0.17704535	-0.19295782	0.3499325	-0.02148772	0.042664025	0.020773154	0.18059033	0.28444245	0.16771728	-0.1810942	0.14474396	-0.056918975	0.18652329	-0.25095353	-0.015966445	-0.0921501	-0.14000133	0.29156578	-0.13243742	-0.07281273	-0.14342526	0.060284115	-0.09169681	0.081140004	0.0114612	-0.087944284	0.2856493	0.052289695
0.6735586	0.99363947	-0.17258842	0.23004174	0.780548	0.3764987	0.40095595	0.6322794	0.65496016	-0.38600263	-0.27721214	-0.42340302	-0.2925143	0.43662402	0.09552361	-0.058948815	-0.09526426	-0.28221142	0.08877855	-0.021018565	-0.23175712	-0.07078403	0.012273151	-0.020202538	0.09800419	-0.30221403	-0.10051189	-0.05847165	0.18901771	-0.15946203	-0.023118258	-0.048699	0.070369266	0.03743778	0.031063918	-0.063378334
-1.7155716	-0.5964678	-0.7866352	0.3050725	0.023328342	0.2154715	-0.25561765	0.0889453	-0.0287517	-0.18556401	-0.11769332	-0.06895152	-0.09275971	-0.12763947	-0.00924598	-0.007896745	0.27278733	-0.08819835	-0.033643	-0.08198917	0.20544982	-0.15854113	0.021351254	0.052116945	0.09715144	0.028317185	0.039500963	-0.011937007	0.10379605	-0.10565789	-0.17810798	-0.15383291	-0.0053800032	0.07434401	0.0031859884	-0.0586168
-1.3602886	1.1629843	-0.78498495	0.102107435	0.13864842	0.18150195	-0.5173372	-0.018844098	0.040876	-0.49812567	-0.1270164	-0.0787217	0.17114526	-0.09458697	-0.008752111	-0.084664226	0.37790057	-0.11997268	0.029282223	0.031424835	0.07540771	-0.19443436	0.077824414	-0.090940416	-0.043299526	0.110458404	0.0028551342	0.052270766	0.17459308	-0.030048419	-0.22969598	-0.110662535	-0.09731396	-0.06732695	0.19656214	-0.03259036
-1.5584354	1.1323011	-0.6479914	0.35028943	0.20902029	0.09851836	-0.519583	0.032885067	0.01084806	-0.17215	0.11177223	0.079895616	0.18224633	0.060443167	0.10631679	0.039571565	0.46296275	-0.19830021	0.093846634	-0.043726936	0.0140256435	-0.13080807	0.11607163	-0.15535378	0.017427566	0.22389822	0.08638493	0.10268645	0.11677368	-0.0950584	-0.29467618	-0.20187485	-0.036419604	0.032401577	0.10919124	-0.0431855
-1.939688	1.1631868	-0.8132584	-0.094950445	0.21545163	-0.07271637	-0.6614341	0.47105503	0.28589854	-0.13425082	-0.103275456	0.025435388	0.18115717	-0.153364	-0.025782138	0.18809871	0.4110694	-0.384883	0.11410808	-0.23301381	0.25250888	-0.005434904	0.06238497	-0.046051197	0.08646298	0.2800674	-0.051049516	-0.04797814	0.059500124	-0.03580737	0.04052311	-0.14090595	0.15398689	-0.0042376444	0.31065774	0.2348169
-1.896774	-0.67263806	-0.64700717	0.5018031	-0.08271761	0.1394005	-0.22691149	0.07982248	-0.22205956	0.2711774	-0.30460304	-0.05800447	-0.1914578	0.02791778	-0.11287299	0.2478512	0.2045348	-0.120997585	-0.067135654	0.022112198	-0.20412758	-0.3112202	-0.066633716	0.045446	0.080455646	-0.015017636	0.068754435	0.009011485	-0.039580368	0.087867185	0.067869484	-0.0044910107	0.14728384	0.07212035	-0.08482487	-0.007176589
-1.2828722	1.4673569	0.029259294	-0.7906511	0.117965624	0.32602417	-0.39233172	0.11050241	-0.24646342	-0.09977214	0.4553837	-0.4065786	-0.09962688	-0.0012552049	0.17735766	0.2522819	0.19558498	-0.18647772	-0.08284205	-0.16724755	0.24648355	0.09890782	0.254683	-0.18550667	-0.121737316	0.14554653	-0.018000863	-0.047570236	0.24692385	0.11457333	0.003199935	0.028869698	0.2528129	-0.048751898	0.19052383	-0.0645268
-1.6310129	-0.63244826	0.42152238	1.1622472	0.21802764	0.09882658	-1.3647972	-0.10639601	0.24922043	-0.19124109	-0.007648235	-0.061160166	0.30031312	0.4644453	0.28326643	-0.34461677	-0.3014602	0.4023756	0.020669278	0.039930746	0.07649125	-0.04500674	-0.00902495	-0.26518476	-0.18797848	0.07582515	-0.07679216	0.094192244	0.0041078813	-0.069078974	-0.094830066	-0.03459043	0.04823796	-0.061740793	-0.1580997	0.04234282
-1.7373588	-0.7938658	0.4715278	0.7774	-0.16118696	0.3800613	-1.1705863	-0.1796205	0.04659151	-0.36571184	-0.089381374	-0.1236984	0.21111049	0.40771964	0.30272108	-0.37879962	-0.44254923	0.3568496	0.012232535	-0.0071114786	0.115079224	0.011158799	0.09180193	-0.20477486	-0.036414295	0.052538	-0.016525155	0.06511196	-0.024126425	0.0993214	-0.06202763	-0.037070096	0.13214962	-0.049944054	-0.10755413	0.06517299
-2.0578437	-1.1534343	0.083149634	0.89228487	-0.14392571	0.2025248	-1.0184598	0.045430146	0.27562365	-0.41135758	-0.06264861	-0.07542395	0.2960503	0.52367985	0.24427027	-0.33673474	-0.38786337	0.39311373	0.06991507	0.053940117	0.13361731	0.032758094	-0.013925737	-0.3164397	-0.10944298	-0.034223095	-0.20990974	0.07060447	-0.02053709	0.018361988	-0.053568248	0.011710253	0.032339882	-0.057785206	-0.025240306	-0.047393948
-0.42286876	-0.028586043	-0.6606654	-1.3148695	0.26099557	-0.29075766	0.73824406	0.36721957	-0.039231375	-0.2704774	-0.39459682	0.077285044	0.23163098	0.06808603	-0.24529357	-0.11548448	-0.09899913	0.12508921	0.16493163	-0.2304177	-0.057552308	-0.021343805	0.083439395	-0.22587076	0.28738937	-0.017892199	-0.11704908	0.15812424	0.028992865	-0.09483759	-0.055225275	0.14857374	-0.08934112	0.009895623	-0.13918069	0.11819184
-1.972649	-0.9330605	-0.41547674	0.45580223	-0.18501124	0.03666186	-0.3547266	0.030294437	-0.015767502	0.066736415	-0.19776964	0.1963791	-0.037338175	0.04425136	-0.046243194	-0.05444661	0.06082344	0.16478528	-0.11570501	-0.11151015	-0.10178138	0.03769163	-0.08361651	-0.014805123	-0.025078414	-0.11568093	0.1019079	-0.04098838	-0.027761944	-0.22478402	0.09029255	0.116345584	-0.05770985	-0.15944342	-0.016649053	-0.02406967
-0.4846284	0.7887596	1.1852064	0.01106805	-0.04401273	0.9002644	0.60791963	0.06698122	0.25289285	0.8105807	-0.3065713	0.14204037	-0.086811356	-0.02103281	0.09789994	0.04276323	-0.12963215	-0.050796025	0.31746787	0.083594054	0.06322394	-0.086004466	-0.3034599	-0.033748716	-0.1246925	0.22169992	-0.10835677	-0.10368717	0.07805188	0.037953258	-0.08125459	0.043598756	-0.12406614	-0.14769968	-0.11541265	0.12325674
-0.049309656	2.2011802	0.6777238	-0.6401118	-0.27019882	1.2325661	0.031356614	0.030406943	0.37543818	0.38135207	-0.46951532	-0.29600444	-0.07931358	-0.24307795	-0.29084536	0.085692	-0.13849026	0.15643203	0.10913129	0.36830908	0.063993976	-0.054251738	0.034434244	-0.22651336	0.04449678	-0.12580138	0.05976851	0.0978148	-0.08724166	-0.037599422	0.04362812	0.057208892	0.14755876	0.079413265	0.19364026	-0.25847763
-0.2541767	0.50436497	0.9298309	-0.24878573	0.08430816	0.99801445	0.35131258	0.05109363	0.5491396	0.3961136	-0.68726075	-0.047774285	0.063545465	-0.24582252	-0.04043449	-0.10353848	-0.048088234	-0.054100484	0.18493572	0.040241133	-0.050428115	-0.064649545	-0.28706348	0.05032763	-0.21447751	0.129145	-0.07464186	-0.015401866	-0.04698584	-0.05373286	-0.049004745	0.13735273	-0.17929143	-0.057043567	0.018322181	0.25030524
-0.653522	-0.083929025	0.8219669	-0.1788628	-0.26283684	1.1067431	0.45356554	0.02428411	0.14749613	0.43283287	-0.5053487	0.0655071	-0.10428731	-0.2587486	0.22964373	-0.13185188	-0.23587874	0.014051377	0.06177761	-0.060905058	0.14334045	-0.08649266	0.085066125	-0.065157056	0.16595788	0.06699276	0.063500956	0.057638876	-0.23752119	0.17509343	-0.019254606	-0.07618529	0.092200086	0.06877647	0.057728175	-0.07309024
0.22829166	-0.034088045	0.8544558	0.056539435	0.06590352	1.4668894	0.31982207	-0.55141073	-0.15886706	0.41997612	-0.22505173	0.093573265	-0.36268872	-0.20200154	0.16502425	-0.11432098	0.09787609	0.24445163	0.037225127	0.034853447	-0.086928666	-0.096702605	-0.15754677	-0.02297505	-0.102608316	0.05104143	0.06262539	0.24044403	0.11871569	-0.0062330067	0.008362565	-0.05914904	-0.10430116	-0.09138536	0.099369965	0.100324996
-0.7535895	-0.8812233	1.1909971	0.4177881	0.12547435	0.8862163	0.14509381	0.11067073	0.41971543	0.7720322	-0.32299903	-0.08038291	-0.13049945	-0.25077713	0.10365471	0.0919917	-0.080458574	0.16041952	-0.14440233	0.179813	0.018523164	0.106710285	0.0615268	-0.19977029	0.30252326	-0.050282836	-0.0029220525	0.080668755	-0.17834021	-0.017623253	-0.017983299	-0.04689358	0.16345653	0.08016951	0.091299444	-0.22796538
-0.23465739	1.5776061	1.170721	-0.09659159	-0.057451345	1.0951502	0.33910784	-0.17806706	0.31486458	0.49677128	-0.3577044	0.15359393	-0.26077074	-0.18252441	0.06471032	-0.06179929	-0.04008445	0.093156874	-0.0135581065	0.15766135	0.14683992	0.13347776	-0.07219103	-0.10881155	-0.15575992	0.2682962	-0.053015113	-0.007991087	0.07747981	0.04462436	-0.057155147	0.03200868	-0.16410033	0.06507208	-0.12804031	0.3063886
1.8931801	1.009257	-0.74504274	1.904643	-0.3236167	1.4087365	0.29561785	0.80043054	-0.6102841	-0.46935263	0.29883328	0.2774176	0.1041702	-0.17671293	-0.12904763	0.16870669	0.072441176	0.118374154	0.08612242	0.021506887	0.018437479	-0.0070974436	-0.02182952	-0.13941734	0.088132426	-0.107832514	-0.012645315	0.018349923	-0.004464034	0.05248533	0.071283266	-0.07987961	0.14285076	-0.051195122	-0.04872199	0.08799608
1.3982959	-0.37176806	-0.6955045	1.8722906	-0.2847754	1.2790716	0.53309524	0.9698104	-0.44109893	-0.380856	0.29791057	0.33533752	0.09119033	-0.20042372	-0.1169063	0.0660772	0.025921963	0.120644085	-0.053838324	0.07542403	0.027307484	0.15108493	-0.0008457601	-0.055395044	-0.018524528	-0.13386273	-0.109277084	0.059625782	0.024185244	0.03467355	0.0897672	0.021503353	0.08256963	-0.11933449	0.01965519	0.050100483
0.40159935	-1.202102	1.9584179	-0.29598176	0.29352593	0.12488159	-0.28185704	-0.09177581	0.0226233	-0.64201784	0.13226369	-0.42334235	-0.019042185	-0.1756074	0.16754127	-0.017332219	0.16048877	-0.15494785	-0.06036295	0.29076958	-0.10501383	0.057064883	-0.12736362	0.13430193	0.07040556	-0.024528496	-0.013782727	-0.20073843	-0.16290216	0.11148387	0.038232625	0.0073750447	-0.050993495	0.046777785	-0.007862948	-0.054317296
0.2470271	0.17557292	2.0156415	-0.31689906	-0.21549931	-0.14624472	-0.10525495	0.14877394	-0.03293832	-0.56764543	-0.046312917	-0.26532868	-0.014805205	-0.19770624	0.10051561	-0.20564282	0.15321551	-0.4073255	0.053533822	0.049327463	-0.017349955	0.191414	-0.080872156	-0.08769067	0.14380744	0.019618638	-0.11662806	0.07672179	-0.03727135	0.21035984	0.11883766	0.08850051	-0.06509631	-0.08034832	-0.104127884	-0.011161357
0.4006488	-0.5186676	1.9143844	-0.12335521	0.2183111	0.11519142	-0.22346671	-0.11155063	0.026153907	-0.57293034	0.007833684	-0.37610292	-0.15027873	-0.1331715	0.17360874	-0.08194504	0.23516771	-0.2544636	-0.04701223	0.17239372	-0.088597916	0.13004826	-0.048657343	-0.083865896	0.2477303	0.011950873	-0.015440128	-0.12325038	-0.06373213	0.15407757	0.11629422	-0.012189752	0.042932842	-0.076031044	-0.098065786	0.025534272
0.17649913	2.1381996	1.4358146	-1.0309434	-0.6713511	0.21077755	-0.1584699	-0.33905953	-0.18752156	-0.59323883	0.14868718	-0.33627307	0.040316157	0.05464054	0.03053153	0.027053539	0.03161983	-0.1689668	0.08118899	0.2781955	-0.10539761	0.030977637	-0.029833475	0.010920256	-0.041267674	-0.06468505	-0.07185623	-0.13292861	-0.11880711	0.036177702	0.11499638	0.06041406	-0.033533428	-0.032762952	0.005986307	0.016769234
0.24617651	0.29088265	-0.5889358	0.146234	0.7108254	-0.66324675	0.121647	-0.11750066	-0.015535772	-0.041072864	-0.15518945	0.023303697	-0.2010661	-0.34224582	0.17720756	-0.37353146	-0.16450767	-0.10666164	0.030862305	0.11955592	-0.06411502	0.079275645	-0.06589119	0.008350413	0.13552131	-0.16491386	0.04144349	0.2563219	0.18342546	-0.1002433	0.035389632	0.09269428	0.25695926	0.06527887	-0.047137015	-0.054259278
0.12226361	-0.94128144	-0.6852881	0.3956916	0.6710904	-0.83539104	0.27639055	-0.025749192	-0.024240892	-0.010676667	-0.17532828	0.029279225	-0.33285764	-0.30069828	0.11750734	-0.2911529	-0.20061824	-0.03239281	-0.1981359	0.29696545	0.0490025	0.11696761	-0.09881285	0.10501961	-0.061047904	0.052547142	0.20193416	-0.0040820725	0.009511374	-0.019485435	-0.034411885	0.03348761	0.11535298	0.094373815	0.06389628	-0.05774847
0.0040829442	1.1761699	-0.69683737	-0.21674147	0.04596264	-0.4518516	0.26420873	-0.30904034	-0.26831654	-0.07138462	-0.040317666	0.25279313	-0.22094804	-0.32111374	0.3141322	-0.4028932	0.0242722	0.0039930046	-0.16030867	0.13711499	0.0860793	0.0024138223	2.9258896e-05	0.19057012	-0.045897853	0.08398885	0.07992089	0.1569683	0.05556175	-0.24634963	0.030186873	0.014929731	0.09657203	-0.050478093	-0.027416365	-0.107330844
0.16154075	1.4766757	-0.59273845	-0.1608882	0.47728625	-0.680549	0.06280644	-0.055169612	-0.11944393	-0.00026030093	-0.088170074	0.05864116	-0.088921145	-0.2515372	0.15003054	-0.28095666	-0.07165714	-0.13638644	0.021544542	0.22173041	-0.0894136	0.0348583	-0.028205793	-0.056228295	0.17848606	-0.104008295	-0.10960479	0.15123463	0.23404102	-0.097088166	0.0697512	-0.0017812699	0.25411153	0.0064982064	-0.030820586	-0.13118555
-0.18015076	1.4305122	-0.6911845	-0.042944293	0.39811906	-0.91267264	0.02005051	-0.004610315	-0.021092638	-0.118838206	-0.10950531	0.17072621	-0.16025876	-0.44429547	0.24412945	-0.3755315	-0.15035577	-0.15552548	-0.061964683	0.1534836	0.13918369	0.10794185	-0.05899548	0.16985688	0.010080511	-0.020363554	-0.11343847	0.035263643	0.24692011	-0.06525525	0.0041640624	0.022527836	0.12739292	0.021540504	-0.04461011	-0.107350364
0.8674418	-0.9163923	-0.47673064	0.48119247	0.71249396	-0.29667044	0.80901384	-0.18146065	-0.07535681	0.039554037	-0.28169298	-0.11843599	0.014379194	0.25544816	-0.4156009	-0.1356031	0.4006753	0.23466545	0.006341936	0.072440274	-0.06508438	0.25600013	0.08137924	-0.15424988	-0.31516594	0.08224401	-0.14083049	-0.06694598	-0.18641147	-0.21968517	-0.06231819	-0.20302936	0.060818307	-0.1101881	-0.05723171	0.025090657
0.568364	0.13972743	-0.2571473	0.15086928	0.37409225	-0.4896896	0.85812104	-0.15820152	-0.16053995	0.16138943	-0.20759018	0.08387995	-0.083775155	0.3773752	-0.23947704	-0.13229911	0.4415763	0.105838604	0.082122914	0.15311934	-0.16309483	0.10673253	0.103828095	-0.12502328	-0.14490823	0.2656696	-0.23031448	0.027302252	-0.19471237	0.01257479	0.073493116	-0.20413576	0.24893391	-0.0811833	-0.20462304	0.006611364
0.97632384	-0.746488	-0.7038445	-0.013850991	0.54721	0.185281	0.69196475	-0.40467045	-0.13644928	-0.12775552	-0.32079333	-0.38638425	-0.024298895	0.28278038	-0.51239157	-0.06381361	0.27698806	0.18521306	0.25034028	0.16941299	-0.11786447	0.23796952	-0.03340779	-0.16702306	-0.04642749	-0.08751725	0.04104608	-0.13795078	-0.2335648	-0.20007072	-0.020485159	-0.1603818	0.32664686	-0.06558906	0.08608782	0.095266335
-0.37355646	1.5972831	1.3768747	0.26283377	0.30185276	0.93863416	-0.2111569	0.30506915	0.60925883	0.8539753	-0.20293778	-0.10725725	-0.046695303	-0.4640711	0.11604271	0.05259985	-0.023539737	0.051137898	0.21318115	-0.08535096	0.1168012	0.1204618	0.104883224	-0.14338762	0.1675472	0.06207636	0.111148015	-0.035584196	-0.11531998	0.0065974817	-0.10775842	-0.09522508	-0.053426825	0.047959097	0.042725567	-0.18154982
-0.6071271	1.690814	-0.4136214	-0.963099	-0.0051340275	-0.14401881	0.020173533	-0.21405753	-0.41220683	0.0085097905	0.29210758	-0.07100802	-0.10942222	-0.14358838	-0.07586029	0.07576321	-0.12034278	0.024118703	-0.13034193	0.23455462	-0.13101429	-0.0922767	0.09039735	0.00438701	-0.1108104	0.03230193	0.19949488	0.0032454412	-0.1533789	-0.103016615	-0.15411645	-0.28433704	0.08098545	-0.03728733	-0.2598943	0.07784087
