Gene	IUPHAR	Shedding	ebBRET	STRING	Family	Class	PC1	PC2	PC3	PC4	PC5	PC6	PC7	PC8	PC9	PC10	PC11	PC12	PC13	PC14
ADCYAP1R1	Coupled	Coupled	-	-	VIP and PACAP receptors	classB	17.36493594779734	2.292044563748796	-32.43219134762756	19.52290949142046	-2.170557014101328	1.4248017405805475	-0.5731934461207004	3.469943764652244	-1.5031559784531234	-0.7089890799161264	0.7628479661883956	-4.4477765315874205	4.97621542526607	-0.4338426617810687
ADORA1	Coupled	Not-coupled	Coupled	-	Adenosine receptors	classA	44.24398727637266	9.252023418031461	-10.798149981553491	3.765950193423292	5.536824302591928	2.9352363350161594	8.738228249691376	1.9940630488988043	-10.629795630112781	5.918291729448217	-1.2939471561871145	-11.423701428083863	0.26739994048901805	-0.10371668581187002
ADORA2A	Coupled	Coupled	Not-coupled	-	Adenosine receptors	classA	6.688023604185021	6.8525562438792225	-35.264885321272786	20.535550918595494	-5.470372776249235	0.5838748105330396	2.912464058455301	3.702680354839898	-2.592282776677381	3.7530363040286687	-1.9165903652850578	-8.19208782587147	3.2063638419316596	3.2807445264759045
ADORA2B	Coupled	Coupled	Not-coupled	-	Adenosine receptors	classA	15.124172442124731	-1.4297559855158157	-30.425064787975174	25.422122232000948	-1.7564406935940737	1.3791615221114568	-5.359384818994119	0.135938611169877	-1.7240059393397114	1.043461003187941	2.1342033084861747	-4.1341469129934465	3.1510464965351486	-0.03601204178732105
ADORA3	Not-coupled	Not-coupled	Not-coupled	-	Adenosine receptors	classA	48.49869675068319	17.28626633047142	1.8347329672626398	-5.93307266569895	-1.2688789261710434	-1.996010559489068	1.1823978507215394	-1.6731613511364494	-11.794067982943792	3.205505334237422	-5.753048258787278	-5.668422149298256	2.1118990591564604	3.599013814643108
ADRA1A	Coupled	Coupled	Not-coupled	-	Adrenoceptors	classA	56.55497323886572	20.393418412099663	11.399423084568843	-12.199143585635019	0.4053348405073941	-0.35219633142754225	10.736144182244127	-1.9753618100940857	-6.823882380537637	4.536244921939427	-4.700453611817799	-8.236359104769578	0.11317034192724389	-0.6490265763109556
ADRA1B	Coupled	Coupled	-	-	Adrenoceptors	classA	67.79122283573692	18.170398042517572	17.889267329176796	-17.92600101680171	4.736665799176336	-1.7866944398493947	15.220636362137116	-4.905550160790571	1.538588498063249	5.4285475667657614	2.446068409026571	-8.709660350726924	2.3213653592337855	1.149013202858094
ADRA1D	Coupled	Coupled	-	-	Adrenoceptors	classA	54.927169618443834	21.323759770999153	12.354526855050235	-12.834734162899059	-6.6008183444916435	-2.0161926113173743	7.486341990300394	-7.41047784896404	5.874641619549163	-8.81676016710372	4.265878431836972	-1.1633797364141063	-3.888655995918336	-5.2250782112769505
ADRA2A	Not-coupled	Not-coupled	Coupled	-	Adrenoceptors	classA	50.25734861170955	22.219823128232793	6.6381927052239975	-10.1270814045258	-8.282209574983652	-3.51218093805121	7.121661750241723	-3.6804735314002506	-1.4422065626876763	-12.046484882792255	4.501165199040577	-2.276958010997046	-3.5784998076726477	-8.422017879287619
ADRA2B	Not-coupled	Not-coupled	Coupled	-	Adrenoceptors	classA	42.14142310006189	26.717520972335198	6.819521055705037	-9.424685472797883	-9.423870078510477	-3.266014607897245	9.990659911285272	-3.6093392629186836	9.225832631795623	-5.542949539538974	7.898044660527269	-4.067754728817692	-2.7024223512746897	-7.241768116139794
ADRA2C	Not-coupled	Not-coupled	Coupled	-	Adrenoceptors	classA	39.962058276496094	27.349796797977675	6.411071857492963	-5.928228886110609	-8.514644521160278	-4.515873201645349	11.307156930545924	3.9866659543289256	8.112461020817594	10.48324187587957	0.40591327326973575	-6.729044852882421	-0.24269098215007387	1.1122346094089939
ADRB1	Not-coupled	Not-coupled	Coupled	-	Adrenoceptors	classA	33.01251201337232	24.206773379045046	-4.506510096733589	-0.006193320776671974	-8.560595225435955	-1.1207974231747744	-5.571978754741963	4.417902334017317	-3.3595123002206604	11.187947150176957	-5.899911677601511	-4.173688621728198	4.162711062610578	2.748665552602579
ADRB2	Not-coupled	Coupled	Coupled	-	Adrenoceptors	classA	24.062669754909695	20.998097285472586	-6.713132791183777	0.816945288035936	-11.816375324264767	-8.822412071911248	10.263345475017926	4.119170212328292	8.030626351324656	4.217862918157656	-0.500179969122419	-2.939608266634677	4.868828635798637	6.950356211096045
ADRB3	Not-coupled	Not-coupled	-	-	Adrenoceptors	classA	-55.93288514648399	-3.9908828856156466	-3.8733696185134234	-1.0412115487182605	-2.463810637468573	1.4731635456130365	-4.728504963725706	-6.015776987136079	-8.558247145416205	0.38285648480451545	2.5315858654435743	1.786060664721034	4.109278133687586	3.7051679067506
AGTR1	Coupled	Coupled	Coupled	-	Angiotensin receptors	classA	-49.68232420430163	8.886013262505728	-1.6638056923713556	-3.1810187854654464	-1.4002346683492979	2.0587101719844134	-1.3336082303101935	-4.98221201072421	-6.310246880258475	2.5605268494101607	4.775978993493484	-2.860279330876791	2.4562435133497074	-2.5353713382204535
APLNR	Not-coupled	Not-coupled	Coupled	-	Apelin receptor	classA	-14.435330208087565	-1.738465699407279	31.6927977491158	9.895867423790673	1.2614685093772418	-21.43941219117665	-0.2662577747539643	-0.6961478035168762	-1.2610936773500732	3.0604988352784988	-9.21741701050706	-0.4886293355537298	-4.457313062224978	1.848930340507565
AVPR1A	Coupled	Coupled	Coupled	-	Vasopressin and oxytocin receptors	classA	-14.918803544489439	-0.27771180975986864	33.820138325557245	12.242978954911418	2.027492161531589	-23.67416542202363	4.462499993032792	-0.5747723920893235	-4.959830913841558	0.5148464009800047	-9.962976342407671	-0.8887612868683202	-4.685043322878912	-0.37112773836073665
AVPR1B	Coupled	Coupled	-	-	Vasopressin and oxytocin receptors	classA	-23.040047465064053	-9.154204552422902	29.519988986822792	18.80067360091281	-3.0148785797161266	-29.087322508341735	2.313465987202308	0.5703500777954157	1.3762997014760703	-0.8980520340601497	-3.198226060704174	0.9570749885394942	-2.6696547086421147	3.2405186718071626
AVPR2	Not-coupled	Not-coupled	-	-	Vasopressin and oxytocin receptors	classA	-35.45328996244743	-10.686898371788194	-2.026105951061063	0.7516249479042038	-1.6427696573603734	-1.1786608091199289	-5.262417549753297	-7.053185933098744	-0.10177651724862803	-3.5510255123994026	5.446501191664122	2.9070460281861457	2.6859278178935506	3.264117446102501
BDKRB1	Coupled	Coupled	Not-coupled	-	Bradykinin receptors	classA	-15.083989394149564	-9.937940752999152	11.803713672082504	0.5250646363456946	3.1702901386333577	-1.268430995793973	-9.50879253191773	-11.58801197399208	1.0936275909567095	-0.8628363991295864	2.1753246116561047	1.5270866288225007	3.0351586758962803	5.090977278189772
BDKRB2	Coupled	Coupled	Coupled	-	Bradykinin receptors	classA	-29.42002110552228	25.01075910302597	3.214310839349008	0.5786001652265164	10.440264964378875	-7.064118075164153	-3.7038916165303855	3.354374903790682	-3.955498324599002	-5.731443951081825	-4.562246990286719	-0.6543111301949677	-3.6782125887709656	4.19054271242984
CCKAR	Coupled	Coupled	Coupled	-	Cholecystokinin receptors	classA	-20.726048971257697	23.19872720604682	9.907937951903474	-1.9934589778500713	13.220418479865954	-10.414887374907638	5.587725833823621	0.8453018424367282	0.3382960820963421	-8.622213425798826	-3.781827533521473	-0.9400880047980976	-4.197822210291464	3.7987982385712304
CCKBR	Coupled	Coupled	-	-	Cholecystokinin receptors	classA	21.39686502360914	42.517101910019086	1.0538785495347684	-7.044274413023905	-17.628471143469156	0.19409356828383423	-3.100923940988099	9.574592709294581	-1.5505346681918233	-1.0782773135729469	1.3626612797044846	10.480425926560288	-7.1051794417884055	-3.299792917107174
CHRM1	Coupled	Coupled	Coupled	-	Acetylcholine receptors (muscarinic)	classA	31.58347602993281	37.22932006108111	5.026753359353237	-14.101642612903653	-12.955836935585758	2.6985591944353615	-10.849200328916018	5.899202129436503	-6.23506741883828	3.5311739232504267	4.000535891186674	12.348058683026617	-5.521671868479292	-0.8599165795598185
CHRM2	Coupled	Not-coupled	Coupled	-	Acetylcholine receptors (muscarinic)	classA	58.957862458893196	34.19494060540533	18.21654564430841	-20.161896903698867	-2.873843217595357	4.884615533614786	-10.420696886972406	2.3281486667124445	-3.142760151391763	2.3907733709501615	-3.1296155537502925	11.125394683566936	-7.5687243109748685	-0.9025244794854885
CHRM3	Coupled	Coupled	Coupled	-	Acetylcholine receptors (muscarinic)	classA	30.943480895281517	36.58200397785381	3.6551111830294123	-12.731528575462292	-13.07004434662898	0.7794709170462223	-8.085399008602922	6.9256927139616415	-1.6922577276902564	-0.64923595208784	3.254887476911824	10.768890982613291	-4.937762125174429	0.022930298153349776
CHRM4	Not-coupled	Not-coupled	Coupled	-	Acetylcholine receptors (muscarinic)	classA	53.25868667448811	32.24895919744064	12.019000200682054	-19.68236022919661	-6.992953850896188	1.493026382748672	-10.591218696149	5.316926516339876	-6.9668654570857385	-2.6443600190883725	0.7140806776559266	11.35550783188054	-7.154184985340788	0.5625232925751179
CHRM5	Coupled	Coupled	-	-	Acetylcholine receptors (muscarinic)	classA	93.11073756841742	-14.925776768718189	5.275711325032624	-3.9395387590285376	19.959284448394097	2.379548213815648	-9.79044312905217	-10.568728236739865	-1.6177542425329978	1.584974816181189	2.957933019465871	1.4610025186629363	-1.9118633012068185	10.449728321637712
CNR1	Not-coupled	Not-coupled	Coupled	-	Cannabinoid receptors	classA	57.316983839018135	-11.099661587936717	-14.254762127359943	13.312247235913397	9.448824467655326	1.0062484941716705	4.050842857093337	-6.061911697853299	-1.0152298681606278	0.4241748287664532	1.9040712980617835	0.7506596855739058	-7.0100297425293645	0.9453172903365903
CNR2	Not-coupled	Not-coupled	Coupled	-	Cannabinoid receptors	classA	-51.592301079187486	-26.207527762715088	-4.99731295410471	-7.3389418823689105	-11.313244702479583	2.7817739501245913	-2.177473166071128	0.5408092350660825	-1.521344212269004	1.6115173100509472	-0.9327825413604922	-6.049682298006528	-4.133684529362016	-2.7984325489936244
CYSLTR1	Coupled	Coupled	Coupled	-	Leukotriene receptors	classA	-44.34299503953936	-24.36035694054035	-1.1829135684674874	-5.698640776788875	-5.594247678351148	2.986021425773326	-2.4231880955529363	-4.367178090586773	0.9590216736565452	1.9183872128280421	-0.8670349995912449	-2.1450279162423747	-2.356164012806737	1.9049206481879701
CYSLTR2	Coupled	Coupled	Coupled	-	Leukotriene receptors	classA	45.31169135884141	19.83975573633238	-0.9813773155430675	-5.3388360848902945	-3.6903835889330963	-4.723170424899149	-9.254634748667954	4.910745565857115	-6.331336039647918	5.9898169271166495	-1.373799396827567	-5.002889786490835	9.698509030314657	4.132976521132246
DRD1	Not-coupled	Coupled	Coupled	-	Dopamine receptors	classA	41.695976507945645	24.056128465138585	-1.721637873738677	-11.792611645518717	-8.302693725359887	-0.1806254346358501	-2.197682568137412	-1.0239320478269536	-3.1062760517104993	-7.175654791381392	-6.212067499517827	0.7753917022673361	-3.741644501362205	-0.5780091444348691
DRD2	Not-coupled	Not-coupled	Coupled	-	Dopamine receptors	classA	26.31474603696932	22.166581995930795	-9.08899468198996	-6.848244287824731	-9.811271423956098	-3.4693921963803076	-1.026163354829658	-0.24009069546265982	-1.069691634922523	-8.94420767539717	-5.845145049172208	0.9952837026257579	0.24073051049743605	1.0328449691883446
DRD3	Not-coupled	Not-coupled	-	-	Dopamine receptors	classA	15.662129118953901	23.926385811637427	-7.261308526914246	-1.8228427732979786	-14.147664929142266	-5.785554053149112	24.024737672821026	2.1906013054555507	13.528861029660536	-3.604142825398533	6.878550950718133	-6.342795606571404	-0.0637079437552052	-0.9464976221867759
DRD4	Not-coupled	Not-coupled	-	-	Dopamine receptors	classA	53.32795326959782	17.190021121092155	3.852707115874528	-5.749680375901435	0.46790643740679594	-2.8195454025651316	-9.943921718211588	2.6355758964918676	-0.2829070575219026	3.9625531406320396	-4.129268987423939	-5.321901204506192	10.887429057836156	4.358153737120874
DRD5	Not-coupled	Coupled	Coupled	-	Dopamine receptors	classA	-25.852018617978015	2.892342538096485	5.934601705131707	-5.713132563805258	20.445592595920083	5.664147146815661	-15.388761105453689	3.907297139049791	7.90688424269077	-6.11745413687043	4.749485582719449	-3.058200657187292	8.218472568080841	-6.68753703399473
EDNRA	Coupled	Coupled	Coupled	-	Endothelin receptors	classA	-8.181173274077462	0.5060766650392543	17.188457636581113	-6.499931776627155	21.338737503432874	2.04195236373256	-8.683660123351274	-2.740555553661399	13.078605171896772	-10.2220307981554	2.0872816316538354	-1.573053658092852	6.226087865600815	-8.239241968543224
EDNRB	Coupled	Coupled	-	-	Endothelin receptors	classA	13.892223201300341	-31.986268042543802	15.286796398620604	-19.52125676400907	2.8701694453432554	6.395000538873585	-4.944345177773316	-7.902613352003184	10.297753435225019	0.44636054015417176	-8.165877802343275	-0.20885419664605084	2.911864475160148	5.8387536359100745
F2R	-	Coupled	Coupled	-	NA	classA	0.5277496853926056	-30.112217445984875	10.80904389578793	-14.829330564401396	0.6843632969111336	4.485643103076471	-8.783413193558399	-6.112875526577622	7.053213241914092	-3.7464818380973703	0.26367494291370286	-2.6641567310222753	2.5232936060380857	-4.101512121381552
F2RL1	-	Coupled	Coupled	-	NA	classA	1.7034382888672963	-37.13020251877034	10.615253762245647	-12.272670121190446	-5.509965637388295	4.828500782569366	-6.4279087014222815	-9.68854544296812	13.17913079027086	-4.139407897443482	-6.057431893501295	4.110682520445574	7.666258644723369	6.70007477139066
F2RL2	-	Not-coupled	-	-	NA	classA	-1.2252697344275074	-29.235363539765512	7.463327928055357	-12.357931555034579	-5.612774061462122	-0.5247144606476685	13.053410988941096	-4.967876975049257	14.775793363825168	-2.965623378665217	-6.165795379868562	-1.8604505854292706	4.6118353872138025	6.603214634074961
F2RL3	-	Coupled	-	-	NA	classA	-9.374450167845673	-31.400572044723145	-16.37857899252176	-1.309184886922899	-10.48658918477378	-2.1893853958514846	15.398275306359304	2.354818636101402	-2.4125475816895494	-10.775644976389183	-3.121752013447949	6.274479035379516	11.451336909060203	2.0652220983174705
FFAR1	Coupled	Coupled	-	-	Free fatty acid receptors	classA	-10.041951482226459	-29.47641174298942	-16.002181278090337	-10.99518996036177	-10.24002535198477	4.506895791058661	11.174794115257875	9.69325688621216	-11.168750968449979	-1.9780272221383224	-7.291161777599661	-0.6618280155216768	4.709862594950109	-4.066582802467078
FFAR2	Coupled	Coupled	Not-coupled	-	Free fatty acid receptors	classA	5.015812977377805	-30.847514624963363	-8.875661566338263	-12.101253127469562	-9.711428605594396	4.467815049467309	12.758546876536142	2.3076622768890553	-7.308989321091685	-2.627398010156101	-7.549384081444963	-0.9686179134737763	4.0324586537524425	-3.5828149325664045
FFAR3	Not-coupled	Not-coupled	Not-coupled	-	Free fatty acid receptors	classA	-12.13381909521396	-11.571774266478894	5.348717705890596	12.137086772065796	6.7343205996240485	-9.605693647295888	-4.955058207334081	-1.9216679446198381	2.464284104698475	-2.50426278886803	-1.5043783613066022	2.417348878381428	3.9943139437362234	2.578952053620438
FFAR4	Coupled	Coupled	-	-	Free fatty acid receptors	classA	-34.024169419976246	-12.34863572589642	-8.306439542969056	-4.039959688011546	-3.9469280647614324	2.7459143685606655	3.956857021203974	-9.87870978893338	-8.35586610854624	-0.13896409980750132	0.1861120642445419	6.160361049084471	8.451203991502963	1.9049903507402675
FPR1	Not-coupled	Not-coupled	-	-	Formylpeptide receptors	classA	-39.68085683595345	-13.194615705988529	-6.769804688347112	-4.248956044684801	-4.064632195139074	2.406175060253601	2.1360028980613133	-10.35566776589303	-9.293837104779913	-2.679419777770835	-0.4399572202758309	5.782882812660029	8.935409497752824	1.0145267420956257
FPR2	Coupled	Not-coupled	-	-	Leukotriene receptors	classA	-86.88912516582546	17.876852041618246	1.8827069711014115	15.015490202734828	-2.5681588972590585	-6.51784696976811	3.2177482644980366	-4.9522139984046385	-2.3330739643854783	-0.6297150175685838	2.0425528436529494	2.1990859760162422	-3.447725218519228	-1.7598806804377507
GALR1	Not-coupled	Not-coupled	-	-	Galanin receptors	classA	-61.739642807409695	19.109859765780886	1.42403497203543	3.9691385601747187	7.413235719105205	-1.7710921413283414	12.16818495121466	-1.1969135818636754	-10.346561207884422	-1.1533866541683981	-0.9163162823479504	-1.8254808792393502	-6.679425274700962	-3.9591578921039687
GALR2	Coupled	Coupled	-	-	Galanin receptors	classA	-66.82652526771979	14.527960673542852	-1.040019998875922	1.0410195265427469	2.5506724857001375	-8.403888785278937	17.02314372941805	4.301126698730652	-7.926351393336695	-1.3656815813058092	7.331319682390741	-0.8306065689532786	-3.115918024053757	-0.9246508957113121
GALR3	Not-coupled	Not-coupled	-	-	Galanin receptors	classA	-67.93896724121755	18.846932858396976	-27.34264746049607	-1.6090565121278628	14.159321320373236	11.573946546159261	-1.1460049099247571	17.554702063423907	6.604095331259413	-8.736100219476437	0.45234780485371806	-0.8002362095670262	-5.655018237789385	11.133861699969437
GHSR	Coupled	Coupled	Coupled	-	Ghrelin receptor	classA	-5.868622405643892	-7.899316532469119	56.659201920194825	44.61009979356518	-19.897229353622365	35.853465271654095	8.429129068045462	10.376010412001085	1.0342280459749875	-4.312772286671516	3.705736192822332	1.5027819068961819	4.339451612222926	6.00881448193068
GIPR	Not-coupled	Not-coupled	Coupled	-	Glucagon receptor family	classB	-65.04185761342633	-9.420825743392456	28.70464475051486	30.072281306863594	-8.66510193877196	-29.23056663362811	-10.838538795192166	-0.12512446815286893	7.456638968478541	-1.487513924117632	-10.124454546880866	2.050433766756799	-3.184518079502091	0.5524184227277781
GNRHR	Coupled	Coupled	Not-coupled	-	Gonadotrophin-releasing hormone receptors	classA	-26.45164497422795	-27.189148575929604	5.6080110199907995	-9.293410133120878	-4.956499181409698	1.7522760835861975	2.9849533243549646	-5.23345631369663	6.331728963646131	1.834408878382295	-5.943980098764653	-2.2380401956827405	-2.6910611561162385	-0.3165495192698239
GPR17	Coupled	Coupled	-	-	Class A Orphans	classA	5.928553264477544	-29.3488019040549	8.760334525196821	-5.269856695248476	1.3082413328840234	3.426770705500934	-8.080754102765455	-2.502729694468167	4.010072732899013	6.707991261484364	3.462500421595635	-1.61615105511403	-4.780785936030227	-1.0190670236492663
GPR34	Not-coupled	Not-coupled	-	-	Class A Orphans	classA	-34.28738159368965	-28.968059912547144	-20.944811642102497	-8.85042430837294	-14.003392942499724	5.700123363752474	2.993053860111728	9.86108615844816	1.04850414947068	-2.837668949008395	-0.37728728901584935	-3.6396693756165006	-5.504213774737344	-5.429779206126927
GPR35	-	Not-coupled	-	-	NA	classA	-18.01156830937895	-36.36836058535556	-15.359370812314069	-6.385709933585516	-12.220643715541447	4.3527375395473635	-3.7947367657945037	6.966088915978129	0.6269790251286875	0.2994836511574879	-2.196895512098387	-1.5596415841440463	-1.2464892635161378	-2.3700030405102397
GPR55	Coupled	Not-coupled	-	-	GPR18, GPR55 and GPR119	classA	39.68350540796215	-1.187965097821518	6.655060294457809	-2.980811072586254	8.154835137955642	-8.567343616935084	-5.178538932601748	-4.674271514194679	-8.374008458089556	-4.29190021139309	16.21217909394942	5.5826704197200065	-4.3731692290875035	8.808558615198416
GPR84	Not-coupled	Not-coupled	Not-coupled	-	Class A Orphans	classA	37.15700383100185	-11.382576029186598	-19.763395723980604	16.27762994307767	0.6677432180002949	-7.466821989292872	-0.19172603678284644	2.5297312008290382	-10.684557058848611	1.6653679647362583	2.0357057399089085	-0.659817507823231	0.43804865647042196	4.633176337178939
GPR119	Not-coupled	Coupled	-	-	GPR18, GPR55 and GPR119	classA	3.4725526896428525	-30.80071106665511	12.98595337421128	-14.821966818815268	-0.16978124310009446	-0.008661556968007094	-3.8778391547542985	-6.400619991480751	-3.7872118213011543	-2.6366591350411768	0.25531317836196116	-3.687426122433552	2.5728930886795784	-1.6678732381932162
GPR132	Not-coupled	Coupled	-	-	Class A Orphans	classA	-33.839662121283695	-36.53974502995551	5.130274556192287	-3.7950432215556247	-11.146418551222268	-3.0772360286148226	-8.537250223478756	2.571760970284938	-3.270915234711711	0.3585963239735699	-1.9385375812838697	-2.3279404781325534	0.0818655680589648	-5.620628486435894
GPR174	-	Not-coupled	-	-	NA	classA	-33.417781053186694	-22.00538848346571	-4.624575692582379	-8.156544805136205	-5.122335467421078	1.5742474505102515	-4.467055438309221	2.963427091268637	-0.42542728896269233	7.887214334316175	-1.177300334840933	-5.565895535908661	-3.7700058348157883	-1.7508778568632992
GPR183	Not-coupled	Not-coupled	Coupled	-	Class A Orphans	classA	-57.953811623287486	16.606687540818992	0.07449179531404346	5.417789647794609	14.545871988896556	-1.3877816871805477	-11.527890445982836	6.085154974630135	-1.4763925215334943	-1.5826474329982145	0.5642749840094187	-5.58736365189267	3.5574824212132117	-4.85121100453799
GRPR	Coupled	Coupled	-	-	Bombesin receptors	classA	-44.2494682068729	30.104873165297594	11.876196007170023	9.883476298952578	13.92532985350706	-5.287446367585061	-4.031761061733667	3.938817427064013	-2.5486203366582196	-6.570972739227947	-6.814793267814382	2.781102244861751	-2.849766589779324	-1.1739640035678047
HCRTR1	Coupled	Coupled	-	-	Orexin receptors	classA	-34.74633859573777	29.883503757961474	12.659750723685848	6.7584794297735575	15.313236355768161	-2.7145623344214416	-9.230964982406011	5.551043734214669	-3.066827307482333	-2.8028183442831356	-5.788332393443262	1.8527802435701815	-1.1050634626341735	-0.2702774463175798
HCRTR2	Coupled	Coupled	Coupled	-	Orexin receptors	classA	50.71218861996024	24.465836822682157	9.626673303679704	-18.84003417911709	-8.032817955869472	-0.16872128690647611	-10.45719663992661	2.989011383745286	-3.402041408754704	-4.370102865080914	-1.2684667613790324	7.669957307339346	-3.161627269578837	-0.22157474494629364
HRH1	Coupled	Coupled	Coupled	-	Histamine receptors	classA	-4.272607210254156	30.24035126037765	-25.74705009028611	8.423493426565338	-11.3529693082688	0.12064765859371344	0.6633778588417526	3.61562626688736	-5.408261293351302	7.930667891996249	-0.18112629033895997	-3.008783472051258	3.5653835369904416	4.657745939204923
HRH2	Coupled	Coupled	Coupled	-	Histamine receptors	classA	31.331020821471373	25.657186738632845	2.4147729763811734	-8.9932095567826	-10.775485189298843	-2.3003955388780537	1.5110009834871967	3.064834393917706	6.564368061698159	-7.09235196175337	5.191885344266989	-0.04660352182439064	-0.8011657549114575	-6.093332283237772
HRH3	Not-coupled	Not-coupled	-	-	Histamine receptors	classA	23.066573962883535	22.834219899709126	-10.777495896052608	-0.37027252914013636	-13.620451566987288	-3.5945861251373072	-12.747140034720998	5.150059555344986	-1.1618562068162799	-7.366909233045593	4.635454090615283	0.6826249000584673	0.8646391795088401	-2.9131136443294925
HRH4	Not-coupled	Not-coupled	-	-	Histamine receptors	classA	32.13397736616755	28.514739193349424	1.5979461753904851	1.0068628151738186	-13.868079202460887	-3.0562758305673694	-0.47315066751056667	-3.694905806075515	5.3481917949088364	-2.6694863366502495	2.2666541757893466	-0.743652405693886	0.2117335846020478	-1.7277936266370966
HTR1A	Not-coupled	Coupled	Coupled	-	5-Hydroxytryptamine receptors	classA	21.282628755066902	23.862994130445408	-2.5352981621442257	11.238912800864851	-17.032355390258513	-3.516506191289919	-5.642385929740015	-4.217455427674994	11.490050324604711	-4.701153441572277	0.16433889056690368	-1.5682929469111562	4.164472313678451	-3.2515414532706335
HTR1B	Not-coupled	Not-coupled	Coupled	-	5-Hydroxytryptamine receptors	classA	16.375654750702243	24.87264418110187	-7.8928963676061175	11.32640399025094	-19.132955546443956	-5.843720903784422	-5.513402150881947	-3.212218515465313	8.332084550707949	-5.012896871226913	1.0385945890983685	-2.381408012111277	5.351660919092801	-2.643340820743863
HTR1D	Not-coupled	Not-coupled	Not-coupled	-	5-Hydroxytryptamine receptors	classA	11.342597757473111	27.17787327643181	-11.310572288218502	11.503913771090279	-22.244526111484905	-5.479859122374403	-8.720084195975309	0.5839613926771166	4.824918425348798	-5.915145183476664	1.3178190383237929	-2.6552530461865658	5.224923032010979	-2.766580424067704
HTR1E	Not-coupled	Not-coupled	-	-	5-Hydroxytryptamine receptors	classA	16.721597768903365	24.57617141511634	-10.09040206461319	10.881705610467087	-20.869838884147264	-5.273640663571999	-9.50825424425235	0.014378235674613231	4.99107244411268	-5.256135292861852	4.010584935494542	-2.7730930790846875	3.562933047090951	-3.1680299047790275
HTR1F	Not-coupled	Not-coupled	-	-	5-Hydroxytryptamine receptors	classA	46.630986272751706	17.146409038449285	1.120840726859798	-10.496734975825598	3.6482826572665696	1.495101512792809	-6.809273160310736	-2.1903781054501015	1.529129184521899	-0.5000785936839798	-9.105974688993374	-3.27157119046027	3.783728529428737	6.819888198200974
HTR2A	Coupled	Coupled	Coupled	-	5-Hydroxytryptamine receptors	classA	47.56850458054015	17.460898340617124	3.2002522623249288	-11.119627642628764	4.808689415361931	1.7688101562536283	-8.477611890042834	-0.5960317835344371	-4.428695885805805	-2.368897559462165	-8.700431512069317	-2.4720271971900183	3.8873280900120575	3.606127729367449
HTR2B	Coupled	Coupled	Coupled	-	5-Hydroxytryptamine receptors	classA	39.981449402962	19.974550533181976	-4.446113920694718	-9.192454778232392	-0.1848273887573011	0.6003270414135571	-7.4082610003166325	3.6102134325866344	-1.952949589329499	-1.6074359674739103	-5.726150419881108	-4.570164774362327	5.413766491012545	2.8202371857031623
HTR2C	Coupled	Coupled	Coupled	-	5-Hydroxytryptamine receptors	classA	12.484298256829574	24.239652010363255	-10.641878346607077	8.80820672133956	-9.418715067889542	-2.338533220097497	-4.266714950415635	2.117039135737613	-5.284880756670273	4.400015359070953	0.20519701448805763	-6.067971657342486	4.710069380780209	4.516188472123424
HTR4	Not-coupled	Coupled	-	-	5-Hydroxytryptamine receptors	classA	47.367798754600095	18.350651118996378	0.8972390346295738	-2.0345585897380225	-3.772107360483451	-5.246696662020211	10.648080638331399	-1.3443884864381483	-3.3774019967920563	-0.2817962962026274	-4.39936644999644	-3.190738662057679	1.3378109127340005	4.504205485591459
HTR6	Coupled	Coupled	-	-	5-Hydroxytryptamine receptors	classA	49.302405779158605	18.348283399606462	5.728172711249479	-4.943244263990967	2.02459192834186	-0.6070057417442449	-0.7953256378044049	-6.14750427773041	4.868635648831355	1.9217906822635336	-7.08048989937759	-1.864960762177887	4.112505189161258	4.779140756869586
HTR7	Not-coupled	Coupled	-	-	5-Hydroxytryptamine receptors	classA	-55.02242108635037	20.997410349192705	9.015067593875974	1.0212294682984528	12.279622228081339	-5.581838397588716	12.606031547994027	-0.24595523690347687	-0.8643156364257932	-3.1479842927476955	0.6802099576282391	1.722901461770917	-2.3068357912139996	-0.5765648103841436
KISS1R	Coupled	Coupled	-	-	Kisspeptin receptor	classA	52.66165001170337	-9.114043308900195	-10.65545834953055	16.06477027621436	6.504057831519405	6.500423441441949	-5.53725704028461	-6.972335053298062	0.32184943751166806	0.8273996488725924	3.264067286655643	-0.8098779839960605	-3.119755742446634	-1.1282825353332375
LPAR1	Coupled	Coupled	Coupled	-	Lysophospholipid (LPA) receptors	classA	45.69850765291736	-8.475050143377192	-14.336783804704353	17.01914258271077	5.557956976173488	3.1895628538051697	0.8279890247014742	-4.055975094071559	-2.9126352241493514	-4.209517917146186	4.778853977242073	-2.805792994167434	-2.342811146854482	-5.207757533555925
LPAR2	Coupled	Coupled	Coupled	-	Lysophospholipid (LPA) receptors	classA	50.89996564789624	-10.335417118225472	-14.244355022402095	13.892100841611127	6.050526859029771	4.492801772313886	-5.713467187588005	-4.4586396700584885	-5.075520992290107	-0.7218056437067576	4.33359696891737	-2.5026773401609432	-3.557971171934418	-4.257053098337804
LPAR3	Coupled	Coupled	-	-	Lysophospholipid (LPA) receptors	classA	-26.275103547977565	-28.789004154296983	4.492382197492329	-14.479654249425934	-4.133011133384208	2.035879633850233	-7.412211768446507	1.2305942057676054	-2.2777978445159106	7.927312251895887	-2.460240739975056	-3.7268608532998466	-1.089376398990499	2.6400807793295797
LPAR4	Coupled	Coupled	-	-	Lysophospholipid (LPA) receptors	classA	-22.480111771385086	-29.124780375894538	7.744143093575214	-14.839784910594203	-6.24957710281991	-0.39915220677432417	3.888474750676507	1.2587341530035057	-1.539533661614726	2.4606156869604447	-2.33706884224846	-6.635804478298954	-4.500322129428065	-1.9696185831975754
LPAR5	Coupled	Not-coupled	-	-	Lysophospholipid (LPA) receptors	classA	-53.13674385586762	-27.67581098277017	-1.0953585409734663	-8.862046275193089	-9.818768296963292	1.3669980424088362	-7.1874182477599575	3.9903290665984157	-7.573457577063554	4.990210868186237	-2.9090472404842687	-5.270154569644955	-2.8033281455011463	1.1066504734235938
LPAR6	Not-coupled	Not-coupled	-	-	Lysophospholipid (LPA) receptors	classA	-41.52205108910692	-11.08694794056036	0.2929735191189493	-7.186318815940231	-2.113837272642055	-6.459611541725	10.90571245452748	-3.242793176264258	-12.675052548502334	-4.5159543247625304	6.863921384031717	0.5495220907622899	6.4702120227801645	2.9216608087478977
LTB4R	Coupled	Not-coupled	Coupled	-	Leukotriene receptors	classA	-27.258765882610234	-15.720564154838609	2.421217891081279	-8.31830499652679	0.4271226490939652	-5.825648257543802	16.722462700017193	-4.661252942163922	-10.452288565013511	-9.67983807305971	7.542551646948586	0.8000697745989277	2.973560553576995	-0.24670734266409122
LTB4R2	Coupled	Not-coupled	Not-coupled	-	Leukotriene receptors	classA	41.426951604487094	-19.78045890209783	-26.35829359648586	17.92939507230574	-0.3817904204675334	2.9327814025982413	3.386465483265745	-5.888840187693219	11.881473545014634	-1.4893963169434952	-6.255278325485508	-1.1034034236968027	-10.256831672408644	-0.21677333916581848
MC1R	Not-coupled	Coupled	-	-	Melanocortin receptors	classA	41.92564652883433	-16.089179738142757	-26.747787718302316	20.580710446778653	1.2461713856108545	5.028289861870863	-1.141840910493821	-6.097725030835972	8.534951630883928	-0.7047502774490838	-8.672932421830861	-0.17237942233394665	-11.133074505424137	0.5280153982246928
MC3R	Not-coupled	Coupled	Coupled	-	Melanocortin receptors	classA	45.46101672261069	-14.120577926460687	-24.69027242095225	16.901277719161147	3.7196451407642357	5.642167956721042	-1.7302320913820453	-7.559120855382976	7.388340334733149	1.3960029182632434	-6.2474041213506455	-0.5206887533695818	-9.951415101409735	0.6840232070544381
MC4R	Not-coupled	Coupled	Coupled	-	Melanocortin receptors	classA	39.194690047699446	-13.669950717992782	-27.977102506571715	19.914839363638634	2.2400995102153898	5.5573947353919975	-0.16014175360366473	-6.364128567590583	7.553225469703101	1.776915682807677	-7.265690461426544	-0.6703674539827028	-11.06746921395734	-0.7822698478559057
MC5R	Not-coupled	Coupled	-	-	Melanocortin receptors	classA	-4.385612931279167	-0.8686149831018769	8.682138782715041	-11.658875792989724	5.8678033349337975	3.066495926590432	8.89040082346069	-9.86703696096422	15.26717707934413	8.470871653342824	7.697617990999378	2.615384980607457	3.9512952172831226	-2.8083730779123854
MCHR1	Coupled	Coupled	-	-	Melanin-concentrating hormone receptors	classA	-45.030518334208324	0.4543107268859351	-12.64740802079022	5.134146064498153	-0.17865878980154187	-1.7966080383991738	-7.246956606249958	2.441854761158214	-0.9800476029272265	1.720452310319821	3.555695403963066	4.125991429102918	2.357357081226321	2.677943430321443
MCHR2	Coupled	Coupled	-	-	Melanin-concentrating hormone receptors	classA	-38.213707378213854	15.178424686563389	-16.816829017569315	-9.821780071040369	17.597503733208228	12.376466540135938	9.772314724889911	10.464730724157347	12.113098359558485	-9.40315656474487	2.7191619823016757	-3.7531260821314825	-5.579399804628112	12.825869467109133
MLNR	Coupled	Coupled	-	-	Motilin receptor	classA	38.38295851343759	-33.533713277347005	-18.91164313561921	2.652351965028641	3.303047056145754	8.256216985411468	13.17768322253199	-3.943264386430168	-8.436290641627023	-6.478029214041359	-14.183806385309026	17.037916556227067	2.1124845738391604	-5.496174586041999
MRGPRX1	Coupled	Coupled	-	-	Class A Orphans	classA	42.32173775103518	-34.49969797514341	-17.699241628104524	1.2014871892572356	4.6119734409616076	5.620960943257113	12.402958731390155	-4.403444641702745	-7.7402946239381745	-7.62870504866321	-13.42058322713332	17.5156684293183	4.756639310736139	-5.124587586518815
MRGPRX2	Coupled	Coupled	-	-	Class A Orphans	classA	-13.791837456664348	8.013816177855668	-5.579289883244586	23.04245945479734	5.376500313096001	-4.729781598075793	-5.875214598414899	-6.342552584597345	-6.045789696060867	2.7627463572478037	11.306226969361024	5.552448027554216	2.5035646807128886	5.33968177830486
MTNR1A	Coupled	Not-coupled	Coupled	-	Melatonin receptors	classA	-14.055777031732438	8.725503017737276	2.6173840651018976	20.198840057231603	6.059326513567274	-7.267899570934835	-0.7204298291807406	-8.24271274294246	-0.4738635339433581	0.8252191687685227	8.811842198382724	5.569613776570147	1.7201870548561848	4.357234573101999
MTNR1B	Not-coupled	Not-coupled	Not-coupled	-	Melatonin receptors	classA	-52.68341722742344	17.38031515260296	2.000998579405906	3.059518896761069	14.327379237790003	0.42864756783730384	-8.959266741590826	5.851567989321584	-0.9627031770116868	0.4981820405342756	1.357718373465489	-4.880883945961164	3.1528200795095165	-7.5968485351978545
NMBR	Coupled	Coupled	-	-	Bombesin receptors	classA	-28.527826316433696	22.95744597340731	-19.501439870465763	-6.443117861323188	22.199729625268215	13.183609616218698	1.4347044793763668	16.006956882465925	8.79322211543652	-12.492086296784349	-3.0302661202599626	-3.5786999153084587	-3.3644624654768958	7.744118049137174
NMUR1	Coupled	Coupled	-	-	Neuromedin U receptors	classA	-24.376523611862545	17.87048080659399	-19.168390635609004	-8.382852466925113	25.08958733955661	16.420040747461023	-5.059125605586724	11.26589149850178	-2.1534641435309094	-9.523605338929015	-3.466585295441471	-1.276463978996416	0.2918622234679756	3.8744051267278725
NMUR2	Coupled	Coupled	-	-	Neuromedin U receptors	classA	-75.3528467116966	13.198283192312893	-16.422598314692696	5.570005162666071	-8.012714711027641	3.8624003833457357	-1.4821337581598306	-7.162716634368082	7.274237349199636	2.9210438756938037	7.859215901153362	5.852852046211482	1.0310565980723507	-3.355062039299157
NPBWR1	Not-coupled	Not-coupled	-	-	Neuropeptide W/neuropeptide B receptors	classA	-30.217335886284314	25.592224141741777	8.190792143010576	7.921351840988354	16.431301758024873	-1.695923493236237	3.043619472649925	1.0010836094939584	-2.348945996185696	2.6811673780109198	-1.8477748940724124	0.3670762221880962	3.4329847009754455	-5.0653897411022
NPFFR1	Not-coupled	Not-coupled	Coupled	-	Neuropeptide FF/neuropeptide AF receptors	classA	13.097813593118365	17.05877483019104	23.508273845949798	-4.4053229272525325	26.9435983813153	0.6902327056923673	1.3215154459832177	-5.466349837845943	12.717759812485118	3.819763009726091	1.046202028469577	-0.1478074807460536	8.20991746525294	-7.372964032476685
NPFFR2	Not-coupled	Not-coupled	Coupled	-	Neuropeptide FF/neuropeptide AF receptors	classA	-59.11599026806389	24.104388875927054	-12.313366150594735	-2.6026316507211877	-5.122303001152173	5.255414993423889	5.082388581632308	-3.0142848891083127	6.589526769835477	11.064747734772272	0.4056618248058789	5.707084668662105	-0.9349244739761927	0.3624572683881569
OPRD1	Not-coupled	Not-coupled	Coupled	-	Opioid receptors	classA	-55.51330640009115	21.74102338314655	-9.524574344558115	-2.5763364856232074	-0.5251992263045572	8.691984957133736	-1.0700131498973084	-5.26701367669796	8.075157010652262	11.88825676006044	-3.9216003796250978	7.837938024065819	-0.9108282733990447	1.03936488641041
OPRK1	Not-coupled	Not-coupled	Coupled	-	Opioid receptors	classA	-54.57910459634871	18.724712147512392	-15.46962559107842	-1.1791573612696062	-1.7936410142063417	7.193151326812808	3.137755062287696	-4.315561612014753	5.845638048346687	6.264335102465048	-3.402223548405185	5.397181368538259	-1.1645678953440834	1.5391363428056613
OPRL1	Not-coupled	Not-coupled	Coupled	-	Opioid receptors	classA	-44.99900766439159	21.92235727758023	-4.841049608984595	-5.4903948404957	-1.072118927235281	9.917247375649284	1.4242232255004381	-5.762758624697845	6.604205380032032	15.113339428008567	-2.183458509536542	6.649194580262171	-0.6703462103159008	0.8967392497660641
OPRM1	Coupled	Not-coupled	Coupled	-	Opioid receptors	classA	-61.43013528121335	-22.286109027502746	4.33419429801421	-2.82086608276781	-3.6627989256916944	1.667678964635879	-8.49116487680082	-4.716815707579784	-3.740314055069569	-6.1399979515884855	3.2285638183822467	-0.6907126579807031	-0.5875566702130508	7.528471164445247
OXGR1	Coupled	Coupled	-	-	Oxoglutarate receptor	classA	-32.733594852200916	0.2871324961821018	30.8481885549843	20.705293297473137	-3.4516883307714674	-24.969991259637865	3.5612585040822626	0.5669283549604539	-1.2347274811515587	1.8802545504772352	-9.826353728743284	0.06239751414937445	-5.817822307378081	0.1942317923074985
OXTR	Coupled	Coupled	Coupled	-	Vasopressin and oxytocin receptors	classA	-41.16767736173194	-23.76133368835463	14.906396207170609	-11.418014102716631	-3.392038772506483	2.8015090589963365	-5.500820566535069	-2.4019634914165566	1.1922853248043077	0.8411837468323506	-2.2443385255002952	-2.079596995112788	-1.6312153302680157	0.20008472730050372
P2RY1	Coupled	Not-coupled	-	-	P2Y receptors	classA	-39.29406280404603	-21.64788180272241	11.651556421332472	-12.006938794885265	0.2976836239460895	2.5401864626678683	1.201459741389284	2.3102302995209327	-3.5353313869699	-0.789210043223653	2.7754638108143936	-4.23019371961569	-6.092582919960237	-2.1171245101782725
P2RY2	Coupled	Not-coupled	Coupled	-	P2Y receptors	classA	-51.06875377815713	-22.68877753578515	8.981926720270563	-8.606223669104041	-2.338137175470038	2.0925322124572663	2.3778660864878796	0.2692553881848742	-1.3420263887061896	-5.788290282576129	-1.5010180574455239	-2.990692758710044	-8.640981740479166	1.134602387498426
P2RY4	Coupled	Not-coupled	-	-	P2Y receptors	classA	-77.83596927414604	-22.87722369054317	-2.3083041031986684	-5.384323571326764	-10.283616109933492	-3.3822519844327594	-0.8448546898987558	6.075874184330302	2.6460531492014776	-6.556842552898843	1.9799335183936368	-7.192836656139745	-6.431620478938187	-1.6547618490253793
P2RY6	Coupled	Not-coupled	-	-	P2Y receptors	classA	-38.26558925145137	-34.23506232980491	5.313261625914985	-7.4571018947009025	-7.366941115336651	-1.3595363243032808	-8.800071305561648	0.576315475423525	2.3325176220442208	-2.2396603526747962	-0.0405908490884488	-2.379399898631109	-1.1763548964591954	-4.676828818701567
P2RY10	-	Not-coupled	-	-	NA	classA	-19.765787937740214	-24.38413534746514	15.788861804175664	-7.815888981129363	3.008799659086753	-12.05691824322576	2.894362264139901	-4.947629801006078	-4.37446480534818	-8.701762251869964	6.537306979010626	-0.840359251604134	5.048612915131982	11.050010404918202
P2RY11	Coupled	Coupled	-	-	P2Y receptors	classA	-4.415378946175789	-32.76548965519638	-2.299791366949199	-3.0820471445709305	-3.011824557293126	1.5837074834002562	-11.771656414330783	0.6139189635235299	0.021071638216474405	2.4130994632919096	5.699981652119112	-2.923616098856643	-3.447100462547287	-2.5513292808268466
P2RY12	Not-coupled	Not-coupled	-	-	P2Y receptors	classA	17.21900588728662	-36.91229893221355	0.2088221424660992	-6.6389623552584025	-0.13220226100627303	2.5971538964526744	-7.515415344774549	-1.393250114311275	5.338903851934648	4.07564427394406	2.666537836765019	0.11752900547193085	-3.097238187426747	2.4890092498458753
P2RY13	Not-coupled	Coupled	-	-	P2Y receptors	classA	-9.883273773058807	-35.727461756176965	-1.6854860812626422	-1.4688596318385705	-6.572188631385322	0.9442068323114681	-11.833803217277222	0.8999892908523275	-2.413138597388765	4.08794925633546	6.366626257008433	-1.9022272863748981	-3.1557450250538492	0.563098474258688
P2RY14	Not-coupled	Not-coupled	-	-	P2Y receptors	classA	-52.11427628538928	16.311999743350455	-0.9830728373384248	14.20265908640224	9.783457631749545	-4.7843559515297915	3.652778526949629	-3.725662040579563	8.790281205784307	0.1976209511686236	-1.1553137617679616	2.360303429145112	6.994922852861248	-9.88908203969689
PRLHR	-	Coupled	-	-	NA	classA	-17.37934212207309	-31.994524264188396	-4.325442155303929	-7.250113717435719	-4.4927126959533235	3.3010790191203006	-11.711209052575521	0.8729122143640126	-6.335669478464337	-1.3787284665268733	7.597204910205096	-3.86211027264883	-1.267103288919751	-3.255810543431117
PTAFR	Coupled	Coupled	-	-	Platelet-activating factor receptor	classA	47.087323252467634	-36.363316489463095	-2.9326931285570086	9.945908858813397	12.837357434483085	-14.061148633090584	-2.8925505158553073	14.576280952685448	4.051845623240103	1.694497247703278	5.944733062542813	8.36941016827826	3.2514638036970016	1.2707841232032928
PTGDR	Not-coupled	Not-coupled	-	-	Prostanoid receptors	classA	45.386258305594545	-25.857426819612247	4.3054083571846515	-6.136431393755688	4.4825727676281835	-12.833832904704657	12.246600326413404	18.20995786826762	7.144971683443438	2.9770861575678214	9.733408647211938	2.8309146628924995	2.0591458568430094	1.5373117683628257
PTGER1	Coupled	Coupled	Not-coupled	-	Prostanoid receptors	classA	46.05385020059172	-31.81656921045685	-3.332508913983718	6.4619201826169945	7.737599184856495	-13.391255317316187	0.8542757069261272	13.491928412371884	3.1196107461484273	7.539546802142803	7.461171773845957	5.895028082363703	-1.3673401373670107	-0.18379743989715186
PTGER2	Not-coupled	Not-coupled	Coupled	-	Prostanoid receptors	classA	42.78301990760671	-33.66802380347951	-0.1331877077037407	-0.345883752107042	8.384191093066585	-8.114044129219918	-0.06872680527087772	12.108168259699289	12.554923828322584	8.436737406724273	1.1508700327619805	4.446971010355674	5.459022360490963	-1.4692499931664975
PTGER3	Coupled	Not-coupled	Not-coupled	-	Prostanoid receptors	classA	71.02725190448773	-21.272216487356218	19.611036651516084	-10.351257610139408	14.775115964363815	-6.703939793053172	3.654752975366033	8.674142831590162	-6.750942209358016	12.722303534469473	1.1469714261946895	-3.1589199728204904	-5.42042564734695	-3.9329782569107428
PTGER4	Not-coupled	Not-coupled	Coupled	-	Prostanoid receptors	classA	37.89744981999321	-36.5144296810132	-9.550122120190766	0.5522569943596795	3.3263231412703194	-3.036181806456943	-0.8913057260084203	17.80856952801504	1.2245010550973714	5.435674857813545	0.2551648888675975	8.278644178779526	6.222696630481555	-4.069638926735418
PTGFR	Coupled	Coupled	Not-coupled	-	Prostanoid receptors	classA	49.96981903633963	-30.607379095160482	2.7850675825678306	0.6942565339694431	11.114437703772268	-7.713010429385091	10.327500624083928	12.487762974833625	-2.2323417468024065	9.182376982686977	4.6636826694922116	1.7014621863115482	-0.9634011045364028	-0.008587456482176526
PTGIR	Coupled	Coupled	-	-	Prostanoid receptors	classA	32.04951431805465	-4.632778147601815	61.98923292734317	25.59034882908143	-6.465728318138796	37.61566553825091	7.516077490221685	5.771259209453881	-1.093902929084537	-0.8908798137624436	1.6315747838034296	-0.510734998962823	-0.012804964969403648	1.328467112649289
PTH1R	Coupled	Coupled	Coupled	-	Parathyroid hormone receptors	classB	17.73875916498731	-5.129892333563526	59.64804526827757	32.44984399227894	-10.867447089958512	39.936171162564925	3.119725812302666	8.86280697582491	-5.528036629625099	1.2503374529586337	0.1370609571219486	-0.9080337229153463	1.2312747196948155	0.15588423299135148
PTH2R	-	Coupled	-	-	NA	classB	61.75686420550149	-9.07807151709801	-4.8435267345003155	8.460674031615257	11.29827112729861	4.0235540242856525	-6.399778030879051	-10.086753238909688	-4.2090998451032515	-1.0992495564539733	4.614455176812721	-2.212814132722429	-3.146703319252127	-2.1222501890574414
S1PR1	Not-coupled	Not-coupled	Coupled	-	Lysophospholipid (S1P) receptors	classA	52.799762280980865	-15.281327812363035	-9.897771420803862	11.283884684236273	1.0379241905546357	3.3612470544609048	3.4255788756061714	-11.970422063271023	-6.509616425456516	-2.307039895033264	1.545950635182754	-0.15279926899277513	-0.8094746138049376	-2.1743453403811297
S1PR2	Coupled	Coupled	-	-	Lysophospholipid (S1P) receptors	classA	63.42870371422893	-13.279617007045996	-3.6640339395489163	5.1829341391293635	8.910231125759875	3.9774034808540644	-1.0571547378573654	-11.641525701459068	-5.514541252381516	-2.001563625380318	4.676120756644544	-1.0235467371268383	-2.162629319375554	-3.4362908648971815
S1PR3	Coupled	Coupled	-	-	Lysophospholipid (S1P) receptors	classA	70.01850574911133	-10.797722416167517	-0.04329852646473475	1.4122078080025005	12.987213294379021	-1.6175341337872824	7.245763132631132	-9.543019900056574	-4.778382409068182	-4.687185278179747	7.473187992826651	-5.00989412264919	-4.020191225404806	-0.0659675877442268
S1PR5	Not-coupled	Not-coupled	-	-	Lysophospholipid (S1P) receptors	classA	-39.017928846213714	19.63002249639168	-4.359344446436091	-5.227553696569403	1.2918012511110255	5.580558458490856	6.220697299094574	-6.934147235740253	4.24178493638553	8.927409025648583	0.47912476955440214	2.639125336153082	-0.4326233069772955	0.654714511434368
SSTR1	Not-coupled	Not-coupled	-	-	Somatostatin receptors	classA	-59.58759378209664	21.72852524143944	-9.937156523413519	-1.2131897430686713	-3.2198231609227745	5.5375428672509885	-1.555668981469089	-3.172851831929659	-2.6878658592779514	10.91213498603725	1.7953336739428152	3.163028496069846	1.2078601275462775	0.6976479642174659
SSTR2	Coupled	Not-coupled	Coupled	-	Somatostatin receptors	classA	-28.15633112741538	19.468109932105513	1.2074694630566853	-10.284252573792742	4.8281380171506	6.077754260338375	8.784376055436452	-2.649378628749409	-3.000563758869686	8.999468053384616	6.1099050170549365	0.47281825081746853	-3.9168686220699303	0.2462839904568253
SSTR3	Coupled	Not-coupled	-	-	Somatostatin receptors	classA	-46.64330656361717	19.558237998117093	-5.1330947260003255	-4.72168168455282	-0.16453170399031203	2.788409706975629	7.963020691672157	-4.342077329724982	0.2761516870935807	7.208623766279185	-0.34026602418664714	3.1960005572826153	-1.1081593935137597	3.2008169474862873
SSTR4	Not-coupled	Not-coupled	-	-	Somatostatin receptors	classA	-60.583373486735184	19.774856127192745	-12.232784449862962	-6.459811331125803	-2.8186879157802682	5.642055022104496	8.137980900998796	-6.539507446315125	-1.2003338740299896	4.943857190652036	3.51960106394498	3.2853197433101666	-0.1820537806522665	0.559880742698154
SSTR5	Coupled	Not-coupled	-	-	Somatostatin receptors	classA	-28.28090327557086	21.5348938594113	-3.6305857242193826	1.1096876572378476	15.232161654601194	6.62780933973021	-4.0713804247043575	1.8441469251100384	-11.14142225186098	3.951073153868999	-4.672571421132901	-2.9727852745559957	2.736224349468227	-10.903105554713074
TACR1	Coupled	Coupled	-	-	Tachykinin receptors	classA	-28.53359422515489	20.559134750038453	-6.575601143582115	3.495444870912161	12.708878825129338	3.1899599179176965	0.5653260736300217	1.7296821746562214	-10.233172881274717	1.2296222907904182	-4.191648240299267	-2.1892229590888577	4.217720563629234	-6.504811303128326
TACR2	Coupled	Coupled	-	-	Tachykinin receptors	classA	-10.378478837105352	22.9272854140268	9.588455553115026	-2.691721883333836	20.267687689402102	7.808372541215837	1.3104849175136908	-3.284905310747848	1.7503172383646712	4.431890898816374	-6.278325070447468	-0.93533370571908	2.006957557844641	-11.177222721736047
TACR3	Coupled	Coupled	-	-	Tachykinin receptors	classA	24.662066249743717	-36.01014249600484	-9.026472788386515	4.486290028129358	0.8726629442368552	-6.741380577960734	4.478487250379306	19.04351626460309	9.19409548818917	0.729025858120787	0.733467232677707	7.95815604990209	5.166274856295595	-5.327923437583471
TBXA2R	Coupled	Coupled	-	-	Prostanoid receptors	classA	-24.391286722240032	6.810284820405403	5.744480991454915	-11.164434566775263	2.7526605465857568	0.971954152591124	8.697311192467481	-2.163775267214066	0.9777524624966601	4.2626783947496785	4.425375069816091	6.442698041632429	-4.1588869650178815	3.4223297658524747
