Gene	IUPHAR	Shedding	ebBRET	STRING	Family	Class	PC1	PC2	PC3	PC4	PC5	PC6	PC7	PC8	PC9	PC10	PC11	PC12	PC13	PC14	PC15	PC16	PC17	PC18	PC19	PC20	PC21	PC22	PC23	PC24	PC25	PC26	PC27
ADCYAP1R1	Not-coupled	-	-	-	VIP and PACAP receptors	classB	-21.127523645861295	-9.398591041514383	15.480490142031362	5.518111535806751	3.736628824624418	-1.8375510650642979	3.5880382103349686	-0.4409391607028965	1.6493187367706976	-1.2637351022217393	-0.5148549132078442	-7.027885613638371	-4.003918002467871	-0.47951120224471827	7.27519098532757	-0.6622294125344588	4.046069912759875	2.296428183519219	-0.9669293833056474	-2.2362653488275983	-1.3031599084152934	1.286112756348292	2.287734955371009	0.4833160113742148	-0.5022867626667465	-0.9898749990758422	2.5221556400232346
ADORA1	Coupled	-	Coupled	-	Adenosine receptors	classA	7.489368675458055	-5.380651039676116	8.475567772668866	0.4933538080790149	4.260664856053384	5.2071265375013684	-2.9760453634030366	-8.700129135076766	5.050917056281754	-1.6823344371813644	-4.189067172420739	-1.2357382239550645	-4.745384983960592	0.3447375368265623	5.320030040971423	-0.3754764239039957	5.376744125268344	3.17264046959475	-0.8263338235731129	-1.841776824319355	0.27771843716137534	1.3030669493874432	0.058278089373814485	0.4568911404774157	-1.8884990992762467	-3.1848469022739985	2.7704682024973226
ADORA2A	Not-coupled	-	Not-coupled	-	Adenosine receptors	classA	-27.463401914471124	-16.989008457334567	15.846980120419243	3.1971853881091095	4.96386475323251	-0.6768541339678055	-0.26455947406450503	-2.5507598537771186	7.29405456702381	-2.2913705019003667	-1.5605320865167926	-1.4288289392950004	-6.229051095664823	0.43714687906857275	3.760087251993099	-2.3190732935888434	3.159055459482132	0.5558451488098306	-0.9397857663662725	-0.8751805491520186	0.4719665549647733	-0.029960089053355513	0.8305701963050673	-2.857095970696293	-1.8115162548463621	-0.5108356980353207	0.03358301529663476
ADORA2B	Not-coupled	-	Not-coupled	-	Adenosine receptors	classA	-27.651996459909764	-9.04957016637335	17.381645255055613	8.151920350055583	1.4472173425024242	-2.8491782821135367	3.3871179401773905	0.061786375527718915	3.605295196055916	-2.9987256633291124	-0.2446447380304777	-2.2714063141787575	-3.253171349131996	-4.984868511503079	6.248490167267097	1.6630365924103145	1.7768302394490685	3.2808980249984456	0.17745695403639228	-0.6301575491244822	-4.7558963043637315	0.02770792231185807	3.127228607976729	0.8144988856147687	-0.012252574345488711	-0.8912789604527288	0.8011615603493604
ADORA3	Coupled	-	Coupled	-	Adenosine receptors	classA	20.55385896918581	-6.208029219026025	5.668203839514693	0.6854660814503649	-1.3248728837017363	0.07263028919441866	-2.377298907638665	-7.339694404140801	-1.598612837789181	0.056538525624038265	-6.662739749247077	2.8415691966617325	-3.7609241478801	-0.5089607122258032	-2.8754308955405756	5.08577019580701	2.096870847566713	-2.9315067255886817	-0.8024980560576628	2.921614246463896	0.29069635137004707	1.3020357242647704	0.6418560404615352	1.1270658347110833	0.5555684378352203	-0.9977544792474552	-3.3494335650383564
ADRA1A	Not-coupled	-	Not-coupled	-	Adrenoceptors	classA	34.76322064933523	-4.061967367440752	0.10499800889553951	-3.856283722844439	2.7791343951134784	4.575209715410188	-4.98505212269753	-6.676223312067278	0.3515641785194172	0.7699942132779022	-6.875278549077567	2.1011203404156245	-1.6240875931860344	-0.5954689578375152	-2.7732712216318167	2.554391651956112	1.542347309827464	0.9064675680966924	-1.270853161275564	-0.49016279735343665	1.753546093495708	-0.29054040335526804	-0.6086357858507576	2.7200085958481868	1.5614987666029114	-3.382655684213992	-1.6023555268061327
ADRA1B	Not-coupled	-	-	-	Adrenoceptors	classA	38.506972217734756	-4.401562431300893	-0.9465105847900418	-8.748597532948216	7.261100369776775	5.7688079090487205	-7.0975190421643015	-0.6305775665234208	8.221258268110182	-5.3651155945090805	-1.3053300225700253	0.5638034403673116	-0.20950852494437652	-3.299166675890493	-2.8529593124572354	1.055291396670383	1.7969509754977127	0.043557103859788095	-0.28903980969568677	-0.030676653161051105	0.4486561841777479	0.9797297871005614	2.4054360810365956	3.7576215337796284	1.446805833794349	-1.8251382319820038	-3.351519786740087
ADRA1D	Not-coupled	-	-	-	Adrenoceptors	classA	34.434408668472024	-7.73978860568956	-2.4657979293161136	-8.70647736934646	4.192087729993498	-0.5727328968783276	-1.7516759307099836	5.988342059267864	-5.130187354838286	4.114813828669451	1.342804317939473	1.8240512775434568	3.103626616045335	1.7909633939699419	2.269052536109068	-0.03437727722172777	0.9841701188083537	7.686578429077242	0.07789345679340051	1.2044983396364013	3.5272624406705937	1.8607574747548359	2.8862592131282585	-0.44321761896188594	-3.17379131457399	0.2896878304011588	-3.9077465011246537
ADRA2A	Coupled	-	Coupled	-	Adrenoceptors	classA	30.906717653852	-8.82680649624814	1.3869230702587034	-7.858761823889457	5.4517829459625275	-2.1212809314949608	-0.298784513735796	1.7560062732344621	-10.141467221738546	3.2851820759499444	1.349831110000807	0.6685336397173707	1.088159724479232	-0.07849881713642408	2.349876642136282	2.472370405947575	1.3204751361722922	6.04888380498376	-0.9133511617785148	0.6814821491990815	3.3745816165807714	4.117489099204285	2.0311790087034645	1.0389289023588473	-2.78890647217646	0.6490473480999935	-1.1546540162936936
ADRA2B	Coupled	-	Coupled	-	Adrenoceptors	classA	25.394956431566463	-14.90179015127785	0.8510041241234683	-11.07117142335482	9.303055334013873	-3.3317816000704945	-1.8051992611003975	7.156634179261316	2.2775044987418003	1.2857879586989935	4.5925761465703445	0.044502630721559	4.582711562715565	-2.5988381050955223	-0.9137612785363858	-0.454779070075831	-1.4464210025864237	4.645517898959489	-0.42824580710502774	0.04813207287847676	3.079491591981069	0.2249851149385433	2.1749998844809686	3.496522645853803	-3.6415744987265035	1.4013645373769281	-4.953064568833603
ADRA2C	Coupled	-	Coupled	-	Adrenoceptors	classA	18.495878688611285	-12.084894542200107	2.4490587504517087	-9.49668512744138	10.464442509359866	-0.6376512755021483	-3.1546315048859377	-0.17560089166038692	12.075797943195916	-2.1474799168451826	-2.954361535282266	-0.35520572413191914	-0.39824661003803624	-1.9074540656759262	-2.7092256325236073	-3.0526787628490752	-1.41032178214288	1.4404811533609587	0.4092738099455922	-4.336916117239658	-1.8874226432601127	-0.3561713912681977	-0.5092897559639821	1.9664938996289358	6.388923229483283	1.8240040006132174	-1.280635583326666
ADRB1	Coupled	-	Coupled	-	Adrenoceptors	classA	11.363894255940508	-8.357452194318846	6.773802316744635	1.8706417589376279	-1.7053063195839815	-5.068683051292744	-1.2628524230400777	-4.7886752135601665	6.490363854470192	0.3863592010442546	-7.6093710176712195	-0.8690392253661543	0.6913825343850488	4.282906361793744	-0.35251371145207266	-4.381325913700247	3.2407442808600178	1.4462971490498686	0.6752638708687491	-2.000527284843126	1.103622961265019	-1.945263242771415	-0.8636754001678769	1.1699120772995277	2.781420420180754	2.798229058537422	-1.824745856558166
ADRB2	Coupled	-	Not-coupled	-	Adrenoceptors	classA	1.9362037606574134	-12.404109812952619	4.2824489527888465	-8.595056046188134	10.39790634304304	0.42647855620068503	1.1042134130802272	1.9602394720454996	3.2998552593622956	-3.372099794549767	-5.847273320295215	-1.1410162304308233	-4.850281384439243	1.6671391674148759	-2.866136254202277	-1.8731417429200896	-4.137389596211508	-1.344128706800441	2.564115050848868	-1.7891882249773852	-2.9061745506784953	-0.6491965720095101	1.8300734525551978	-1.3614862525145834	4.591727586867553	1.42516192016353	-2.1689928091744757
ADRB3	Coupled	-	-	-	Adrenoceptors	classA	-17.930095306669426	-6.645250391631912	-3.3479945355849376	5.649006628011127	-3.8135785557979602	-2.3897253774240506	-5.076615703316374	-2.703794777684443	-2.2879313508178694	-3.0643023915723067	0.26045125812799763	-1.6910265974265388	-0.7532942463571121	-0.9087358234918533	-1.319745924063766	3.138121148865271	-2.699720944093434	-2.7555845580985467	1.252273196138612	0.21708952198975254	0.5240552857333957	0.48038586404381806	4.298643156535615	-1.8528962270010019	-0.6975334800771059	-1.242092436181867	2.0795306515950016
AGTR1	Coupled	-	Coupled	-	Angiotensin receptors	classA	-8.569621426062595	-8.814927751017661	-6.301135186509146	1.8437698213087077	-2.3562099116995854	-1.297442688948526	-4.279162250908497	-4.497669332749628	0.4697650154174877	-1.9089485168325424	-0.08865653478388642	-1.3780754114023437	1.0668783316088568	4.428602475681116	-2.0657271721149972	-1.0633667615614775	-1.726592437992508	-1.6958417771135363	1.1997114188259876	-3.061212505294011	3.3848533911719274	0.21614656754224806	1.0633538676118153	0.23064148014197178	-1.6745968745952826	2.065321620609923	2.442249458183473
APLNR	Coupled	-	Coupled	-	Apelin receptor	classA	7.622398314178991	1.4695425286131596	-11.17344731968766	-4.191323547945633	-2.6972661808540974	-2.66992622010957	11.99913012194309	-3.142659449911523	2.7343676347160506	-1.7308661714537896	-3.0134204469299855	6.991720516676993	3.2973848948702593	1.8584078581480805	0.7310144587313948	-3.4213574685549517	4.988503457500603	-3.0302998160264227	-2.746319656531616	-1.3901170474034288	1.4552906888526254	-3.300714209394879	3.2510912881178555	-2.789556113612365	-2.6432203859332666	0.4005497784485606	1.3921425764755477
AVPR1A	Not-coupled	-	Coupled	-	Vasopressin and oxytocin receptors	classA	7.571677671611639	1.2638186249322145	-11.467814146704006	-5.0545023842187895	1.8285899934838257	-1.2634748251717334	14.58313087246053	-6.28131835837578	-1.3806951278942126	-2.0251608142057487	-4.291659888036391	7.257955940804601	2.0410980229159033	-1.9537191538855072	-0.11093713760641051	-0.9382747922454916	2.021225171197674	-3.3549081466882282	-1.9958968853854127	-0.7865454383760035	-0.9059987745858376	-1.631468508933386	1.7341165405366799	0.4643047209450472	0.43269253329180796	-0.35692918302238363	3.436671206701164
AVPR1B	Not-coupled	-	-	-	Vasopressin and oxytocin receptors	classA	-2.244815953700381	4.753056371692591	-10.361308641013654	-7.583647209846597	4.839273659204102	-6.6888475448907885	15.934468165410651	-2.135839912866144	0.2467241324949296	-7.89443266524783	-0.5128827439612763	4.70378162075729	3.6032359862641257	0.4442427708240481	1.065143179485856	-3.0567407608473385	2.4116237102686067	-0.9663414958630696	-1.721554762328644	-0.28207182908042605	-1.3575453363420527	-1.3495638554778935	1.6808549018962327	-0.3718413535874438	-0.20216109415636208	1.0361689228122417	1.689179394862083
AVPR2	Not-coupled	-	-	-	Vasopressin and oxytocin receptors	classA	-14.12587942201951	0.17680635717925872	-4.0264197575906495	3.476766159769564	-4.280256227779891	-0.9884427211034214	0.43108648777967296	3.8734852016940002	-5.52212459807544	-2.6543111600791276	1.3636680921756237	-4.691041292021817	0.3401544572142519	3.2156214536471133	-1.8067502732643363	2.5499830847714033	-0.9001631153542646	-3.057220330592307	1.7741223582666499	-0.5399858413281701	0.08285845510223079	0.5221448815015185	4.4475808257758	1.5985280311605536	-0.10174984702875683	-2.037030932593368	1.031735703063124
BDKRB1	Coupled	-	Coupled	-	Bradykinin receptors	classA	0.5609962660634661	6.295224140210918	-4.886522367553706	4.855720699263142	-7.065864823333935	0.024338755001956414	1.3200739856023485	3.1571466294799126	-3.096779858222286	-2.483700775897	-1.6071928462900646	-1.3624416242230173	0.3911607239632964	1.6574798468175727	-2.5191156803893335	0.9019472473151788	-2.018012685867121	-1.7125625660811759	-1.4756241205495313	0.44241563050713983	1.178561181931199	1.5484001974859458	3.166916713278368	-1.478895825482546	0.3675021038124434	-0.9541211484702389	2.060374339670849
BDKRB2	Coupled	-	Coupled	-	Bradykinin receptors	classA	2.252206190016285	-11.898141524982366	-2.2207024284344707	1.172221323146139	-4.42148196590614	2.3625495407320454	6.0455840029509185	-5.6673774926938405	2.062173898105329	4.98417370986155	5.381886285019581	1.9837838658798723	-1.8153778271345362	-1.3070068569865272	-0.33969875550666595	-3.3745677014929605	0.3247779852760787	1.577055444142908	0.06060044577702982	1.162138463001657	0.1142149019788879	-4.761263059080427	-0.11635454526745061	-2.9603762739315083	-0.757862291402509	2.8216446682453564	-0.4241514404919425
CCKAR	Not-coupled	-	Coupled	-	Cholecystokinin receptors	classA	9.791780599637164	-7.290900737435957	-6.655121603372767	-5.260822083199966	-1.1566966572527433	8.66112172201881	9.316268519330352	-2.682672026256785	-2.1643782255540662	3.602461897345932	3.697604544164073	1.7290383543929626	-2.4508383101791895	-3.553137470853288	-1.4608917874993796	-2.0491416410063086	-1.9316259978315131	2.8969203440986124	-0.7740096814591726	1.5364729668901387	-0.09904257619338494	-2.6908501112096035	-0.16690928475751143	-2.8081242984431887	-0.8856184073174302	1.4177389937560498	0.32394807178911483
CCKBR	Not-coupled	-	-	-	Cholecystokinin receptors	classA	21.365830516259265	-17.753909646637435	2.786903133719208	-0.3896895318417254	4.340565549820561	-4.9460532383797835	-1.4813001474423557	0.3456571398717905	-5.111609046458011	7.988812021048598	5.2896526970716735	0.04258069915465923	1.9052551734572973	3.0847917350724745	3.9485458744940507	0.34668732378246353	0.8882126085927776	-3.976024104379595	1.456639862400348	-6.299808157188375	-2.090269510084263	-0.49405871687603403	1.5745279003331953	-1.6466741845665982	2.2509807823891435	1.592711885795807	0.182384849406762
CHRM1	Not-coupled	-	Coupled	-	Acetylcholine receptors (muscarinic)	classA	27.800516147103956	-10.578624567139133	3.488034187763996	0.17794625955127005	-3.659679127232786	-7.42498032821189	-8.808878149711234	-1.0398238435857357	2.086966611392146	1.4000435868478	8.708773023121568	4.394983313339344	3.3883995941288894	1.4214024867630126	4.88450109084908	-4.210026707403422	1.6407991589826012	-2.84124231595025	3.399260525478505	-1.0193888920571672	-1.2164259565669964	2.0658559927307873	0.13874627675203088	-3.9964986632548825	1.6913796419795517	-0.18172302506167015	-0.35403348538799195
CHRM2	Coupled	-	Coupled	-	Acetylcholine receptors (muscarinic)	classA	45.5330891657819	-2.1508406479020072	0.7713229427797945	1.4533560383905317	-6.86930751734457	-3.9980268872895803	-5.4171491976574915	-2.024223068741508	-0.8032054616136542	5.307587683533759	4.605547444390569	0.42208813620217184	2.511423878576645	-0.8576399829963535	1.847456044312694	-4.086385052474819	-1.6225466540038695	-3.73341873399208	-1.6251206849653876	-2.809991101965545	-4.472805929752777	1.398579923652511	-0.9337643073495376	0.5560375476393007	2.0441366662608904	-2.922342154453512	0.5315018735848116
CHRM3	Not-coupled	-	Coupled	-	Acetylcholine receptors (muscarinic)	classA	24.849257522877576	-12.270245987476436	3.3033343640749293	-0.8730462517280501	-1.332262438705181	-6.725283237263834	-5.323723074329327	0.1884679422233458	-0.34468144281482715	3.2650986504955535	8.244473396483723	0.8996686226885746	1.167196285949993	-1.010994610303592	3.675448719237052	-2.117411937228295	-0.6690458278948573	-3.576465093575615	1.7698192090853895	-0.9370240757735875	-1.5883216770311637	3.1332963878947333	0.9302655840760756	-2.417036642597456	2.8847708989616283	-2.4599878802411044	-0.5367641951741132
CHRM4	Coupled	-	Coupled	-	Acetylcholine receptors (muscarinic)	classA	41.14378064473862	-2.243024530742426	1.6046393813970221	1.4075097040452287	-5.275807727903182	-4.879818210243017	-4.537660890379711	-2.709128156287592	-7.432989483879355	3.659580790085306	6.52137091849034	2.1147359856711407	-0.9515995524901952	1.791716514590367	2.268961322413462	-0.47934574543143144	0.6420286558688001	-4.533835201146778	-0.18282547594499227	-2.751207701690797	-3.061180528448585	4.154276338090843	-0.08910266739338818	-2.8936261344651464	1.648091832886367	-1.1821118353055116	-0.5257556995168685
CHRM5	Not-coupled	-	-	-	Acetylcholine receptors (muscarinic)	classA	30.626090422055984	22.868834054987	8.198569986652993	4.630781071596275	-13.172713862674033	6.47012169402157	-1.0864807282735607	1.7740031361579978	-2.194093804426509	-9.34613433812473	4.187228364283518	0.7926768241941552	-3.2424926190408065	2.4406258130964935	1.134045604279727	-1.6927624624673727	0.3238256115839736	-1.3720383361537862	-0.39567812186878754	3.435157844792963	-2.712494852375624	1.7618618153839334	-1.9561370826627758	0.5759663926983937	-0.04335275334111028	1.0012256137904063	2.1591704484038696
CNR1	Coupled	-	Coupled	-	Cannabinoid receptors	classA	-1.5770106002173812	6.089678133179175	12.484211044452225	2.0983873779883493	0.7122917669370533	8.344328459739435	3.411025631830756	0.5793452603638962	-4.243541348308021	-1.3339258126483424	0.6938877061838191	0.3185939159928211	0.9764699446722755	4.44506107514765	3.4108483691717395	-0.6078225434967748	1.2993903511129388	1.5842164444679396	-1.1043507206622258	-1.899649037454302	-0.6281275700497229	-0.7696720918239882	-1.851681191860338	1.1172127363465971	0.9171299656267187	-1.0403128301984246	1.8248332459858558
CNR2	Coupled	-	Coupled	-	Cannabinoid receptors	classA	-29.352603959532136	-0.9637782445915926	-3.8454107166654725	-1.3692230141984054	0.8532453048700134	-6.892286762395911	-6.232643500877088	-2.358711806077026	3.9934399956690796	2.9825470922508823	1.0449799606063594	4.331863515469626	-1.0832643377405298	-2.5699663305591383	-0.7744454431534687	-0.4402370886968119	0.938412604628227	0.8943992398512732	-2.7829934566038688	-0.7683281231735256	1.4611325339126098	-1.2248011422827112	0.1680716340063317	-2.083556777712032	0.505788096334805	-1.6423053819740876	-1.366469212855348
CYSLTR1	Coupled	-	Coupled	-	Leukotriene receptors	classA	-23.097773006126584	3.9301682160732976	-4.162189583327174	-0.09471959358852386	-1.8928404550673408	-2.3503773129151972	-5.3149183805848965	2.7299902689180464	0.586004477823988	1.3192127263166378	-0.027960577752469667	3.07449082185793	-1.566391395365102	-2.0282930246529896	-0.29406088421553783	1.4364947931584666	-1.3833991543468418	-0.07038042801876096	-0.43806192013328327	0.1004516178323822	-0.14938587422345986	-1.4836577492043388	2.4155367187605785	-0.060647138196271495	0.93307409843033	-0.43603096493276355	-1.9817432499398264
CYSLTR2	Coupled	-	Coupled	-	Leukotriene receptors	classA	23.145794634678168	2.198423614118521	5.6220115884738595	0.02062679958251331	-5.5148565054298615	-6.7489710443544295	1.2084279562617153	-6.182822547811422	1.4307711439760415	-3.9797029278103673	-6.214719459768955	-2.4934919008766987	-2.677853408042918	3.838700290344856	-2.80930015000569	-2.466526643907704	-0.020501568732765416	-2.821790832597805	1.041459873978025	-0.5667307082128545	4.066476610667045	1.0176645357797622	-0.8618490429100091	0.8600090345939095	0.5000004591767906	-0.12421041057113054	-0.7063751307639362
DRD1	Not-coupled	-	Not-coupled	-	Dopamine receptors	classA	23.04558570315007	-8.660136672899903	4.9903310106259715	-3.3297244966666253	-3.962949908848641	-6.498627569499379	-2.785282270272237	0.2082219746532651	-5.475768695854604	4.374228124556072	0.9546371580264421	2.450801932975188	-1.0983943079230516	-4.393252574080449	-1.6398964301482442	-0.6300473726970184	-0.2358997517721612	1.3800834722944193	-2.404816641043276	3.7378923717677015	0.24730144838957235	2.914003027975189	-1.7200830436862176	0.7833583840662067	-2.317460796847586	-2.5178066875530662	1.5184355700197025
DRD2	Coupled	-	Coupled	-	Dopamine receptors	classA	14.899675673889446	-9.116336155512416	4.531249092660909	-4.26840156504974	-3.164633143071859	-5.407304119247621	0.8385609488018179	2.0587904083841995	-9.300409354629242	1.8929579104795826	-1.7564651003222784	2.1897209339322856	-1.3521757236150382	-0.7281896191752317	-2.6112069353809373	0.8875609695444007	-0.8842669852514206	-0.23390830769374701	-1.5232724823381867	4.0626740680621	2.5640325974310167	-0.4280358487533275	-2.2081210581913706	-0.4079138956309269	-4.134674619558853	-0.07542239908751688	1.0235919384721925
DRD3	Coupled	-	-	-	Dopamine receptors	classA	3.883200484093865	-22.620646815298414	0.33467028270061294	-16.692647614545702	19.181398810655054	-2.217511800366693	-5.762714319197768	11.066202367386694	5.039736988365584	-7.171531940002537	6.754225971240239	4.128159460437232	-3.733293007432653	-3.6046729078354374	-3.7243980662773413	0.39952530019135557	2.3245438970891668	0.015294833726467397	6.086110896161541	3.740777136744309	5.365716846707564	5.958514554096731	0.6075309030867123	1.2029073090196574	1.8686772647847287	1.681958779077797	11.423616702172176
DRD4	Coupled	-	-	-	Dopamine receptors	classA	28.71205017793765	5.148590435317056	2.8120916373413984	1.6331710225326193	-7.224112603525887	-4.368600333019879	3.395591288467378	-1.9599074100979719	0.3780767616838338	-2.6021151486985667	-6.878538220234341	-7.166484143728192	-2.7509960094053953	5.356841889841549	-3.383421595895954	-5.198426982427052	-0.519164076483328	-3.2541932891440575	0.015096507006523131	-3.8179648643929522	6.596339997886143	2.2653160291274266	-0.8136515729582867	3.805262733264767	1.7598411136274743	0.333034018934793	1.373860145971548
DRD5	Not-coupled	-	Not-coupled	-	Dopamine receptors	classA	5.9461030511743	12.07590665330659	-2.792548070579446	2.768114130059544	-5.214010900369141	-5.27443544536515	2.7860650871270827	2.997736290750711	8.489047817714406	-2.5792404371424893	1.7498621145371054	-1.7056642075056199	-2.3043596137199116	-0.12355194468194165	-1.016622319295426	-3.285815915251798	-1.5412965850067384	2.400502955395794	4.212762714931318	-1.2869168622848508	-1.6512626656211356	1.949092364175047	2.1439024428408504	-2.4903644750953946	-0.4159882592311113	-0.16834515281510698	-1.211563527554427
EDNRA	Not-coupled	-	Coupled	-	Endothelin receptors	classA	15.486621361266986	13.917005785259342	-10.374422446875407	0.88219847325765	-4.512019941501265	1.2222583599018593	9.690438890918886	7.4610046086095085	2.132141033131413	-0.4632590096115854	-0.24232252499143078	-2.0743750288565295	-1.7544797169717559	-0.7133471754752808	1.6156486007312056	0.6621065339085204	2.1403170105262572	4.732623251013103	2.8190195426138698	-1.8009552893174954	-1.4080752311408185	3.4112105288468553	1.0691583045963327	-2.727255244258109	1.9431024307233213	-2.1406765793447704	-0.3895965254315568
EDNRB	Coupled	-	-	-	Endothelin receptors	classA	8.206972534593882	19.8183207724967	-6.38830601218144	-1.720487152145384	-8.26398073160157	2.5087988550379476	-5.821287313194655	8.253792336877641	-3.2543068188624855	2.0301764459468767	-5.099001538324717	-1.1206504272309659	-3.7734537290222105	-1.7984636767484181	3.367371257696214	-3.822224397480243	0.07615938124127763	0.7056133490883489	-0.28570842798301743	-1.1043041424849647	-3.846245770861939	-0.8893111292652683	-1.195489434603335	0.47781058601314114	-1.8692498579014676	3.117227766267891	1.227157072150221
F2R	-	-	Coupled	-	NA	classA	1.6334128073208418	16.34072828150241	-4.980119499715809	-1.1603516182479816	-5.4177400149095085	-1.7731097874300719	-1.9844522722151765	5.0223332323423024	-2.885878116673297	0.5268123410651135	-3.2746149906551874	-3.769766446158411	1.738589214357584	-5.169614482939231	2.06762600018259	1.3631564944449324	-0.635957554271117	1.564053967445522	0.551956669443762	-2.5764875628885457	-2.4382508866708896	-1.1703453031707611	1.2395960896304778	1.720142356800048	-2.5899880341156707	0.8346938505528303	1.8724145655495201
F2RL1	-	-	Coupled	-	NA	classA	-3.953216070831103	18.7875289720441	-5.605672730064024	-1.5274565257696961	-5.873521798517395	-4.123744126055148	-5.162195753062586	12.456822629952418	-3.0731577379200483	-2.525158020086833	-4.854556931933859	-2.143971061189265	-3.8943597946343527	-5.71701106363584	2.557140780726037	-2.946376776325421	-1.2834170443703365	0.24815839467212647	3.0336772398182945	1.0691402102901655	-2.249214926085725	0.33832010618154074	-1.274646388730741	0.2971538630011	-1.3642854886469218	2.383328224293539	-0.2972455271281667
F2RL2	-	-	-	-	NA	classA	-5.152528962855618	9.924116709123842	-6.736868425204877	-10.868828427500729	5.151968831381401	5.339055703064707	-4.059824121372153	9.06144763278134	-3.7602460546465966	0.09129817395330102	-7.0343961654204605	-1.6621608068092826	-5.2777425607224675	-0.26261351716120385	1.4184722661322027	-6.655320372242218	-2.954451912806418	0.981157228640153	2.9421896370595886	-1.6428962679801073	-4.333766235144419	-3.0094650479841376	-0.9958076884227776	-3.0804449079802425	-2.352233664867482	0.7034353130012355	1.9152823324749806
F2RL3	-	-	-	-	NA	classA	-24.473128000672098	5.587639030765308	-1.8286216033948242	-4.714828462303339	10.590607286676574	-0.7081623127734878	-2.136142689947548	0.7494766069822976	-9.852024428032628	-0.9621132407406824	-1.8214967927431938	-5.23102637947677	-2.303775735580753	0.5662739527839422	4.070577202144899	-7.609359807246399	4.466960153407254	0.21986747072230287	1.5478684369676219	-0.7685669573582391	-0.13245436283441453	-0.9926547877667448	-1.6762261160609024	0.8749661496127074	-0.362668223646373	-1.5098677411758232	-3.1987008546645783
FFAR1	Coupled	-	-	-	Free fatty acid receptors	classA	-22.08227924102181	3.7737295209893196	0.5719540575623017	-1.6998088910140445	8.281321368497306	-2.7512844577108475	-6.939942319826693	-7.951182635408002	-1.4048731177180678	4.070422922403389	-2.107333357249888	-2.340862530582178	0.5243321673616064	-5.025454961453415	0.7367003494909501	-1.8011753729783397	7.271952181010667	1.0073161650534415	0.46909797879389553	-0.9150649977571771	-1.0502281811858651	0.07884188832014956	-1.338797082019063	0.1566963864734307	-1.2361744333913556	1.2958596777167797	-0.8754019968710619
FFAR2	Coupled	-	Not-coupled	-	Free fatty acid receptors	classA	-13.770033994346177	6.525147810387282	-1.393366491195865	-3.3988787610650144	6.343008168219318	1.265418493211691	-6.744044989668328	-4.677722542059901	-5.631043458476257	3.54092092990814	-5.0097263921186945	-0.29133168994709185	-0.007071585921245306	-2.8587115802738956	0.780984772615978	-1.410238747880073	6.731551055584063	0.19010308803145415	3.987550378848989	-1.1265269386705437	-1.4627910382211282	-0.16663071909604535	-0.6457263492628612	0.008165288548889869	-2.1662278313100183	2.4900954092049	-0.33520838102032025
FFAR3	Coupled	-	Coupled	-	Free fatty acid receptors	classA	-11.513020682231524	4.1127094929547585	-1.726892865782664	2.611327562536776	-2.9506536054393733	1.8234225050167727	10.804884681096471	-0.1165012420954817	-5.11832648733112	2.049660178948698	0.038830258158575576	-3.68607786336649	2.2950927138185797	-0.7570508352232096	-2.504708703264987	-0.5047213645557078	3.9647385025459103	1.073767830106098	2.2494377727941055	0.9259122438370269	-2.6556766219032277	3.3580404472080114	0.9708274654996136	5.140692361250555	1.4558740912290766	-0.38925895640098407	-1.6637501813410973
FFAR4	Not-coupled	-	-	-	Free fatty acid receptors	classA	-18.382963533820387	-4.791224921598901	-2.6914398121467404	1.2829724110312177	-2.056498092504045	0.9271344576430826	-6.938829628157932	-3.276384353397864	-1.2512121533428537	-3.056055487179	-0.6378367026622522	-3.1415607988585847	5.023131597980538	0.28893243305057015	1.1119891621539018	-6.411805815330493	-1.3465694032728188	-3.561353086968923	0.7489516678653216	2.7664796124612696	3.3210218666131484	-2.1930523329949585	3.211341641464805	0.8568107477692298	-1.539376361336929	-2.594359762020715	-0.4123486161581089
FPR1	Coupled	-	-	-	Formylpeptide receptors	classA	-18.572093467532454	-3.7693652806641045	-3.953057843351281	2.9605479145892972	-2.7639757009809953	0.021232827215528806	-5.733133153334351	-3.8136818308592555	-3.314920801038649	-3.434707081719854	-0.8219232262840794	-4.380254312739673	3.6404712327132227	-0.8692799633320751	0.6696765593352483	-4.751391479123587	-0.754848028346053	-3.406911581092663	2.4312294656672186	3.5036162882433137	3.7992896029608962	-0.4690747082854418	3.3329808791012505	1.3652898337651318	-1.4143553268350353	-1.9185425189243017	-0.23253325683200615
FPR2	Coupled	-	-	-	Leukotriene receptors	classA	-22.653519921318097	-19.98866201829132	-8.740849326563444	2.3147203207919365	0.3839649581552824	1.354726960046941	3.26218674919523	-0.8616322301250051	-1.2858439778318005	2.122176162002494	-0.038506163296419475	2.0298410630825248	1.0234399812229769	2.8982168235648036	3.081842680733913	2.3500328030392796	-0.8830613996980334	-0.22674295169273834	2.4245936275553936	1.5645393705083264	0.24548777925282936	0.8178732037079978	-1.5105149083036415	-2.241366681082854	-3.0557786465460257	-0.8143212359855029	-0.023492579731632723
GALR1	Coupled	-	-	-	Galanin receptors	classA	-7.603026276720921	-13.166725231142088	-9.538130682289214	-0.23172192394405502	2.919117619878122	8.749051029633733	1.1318958148463463	-5.647440192444904	-4.843515904957422	1.0861565466193333	-2.6906020949510956	4.347516348150731	-1.8900033585035754	1.069659588551365	1.3598642436444255	4.801234970216193	-0.8691630051688483	-0.741898663952824	0.7714544644022101	-0.3389673527004123	-0.4363387598310653	2.4636621221413852	-1.5920149946038062	-0.4451908699196301	-1.780556787929794	-0.8938142053187286	0.07757684828116637
GALR2	Coupled	-	-	-	Galanin receptors	classA	-10.503935768307958	-12.163389838808047	-8.47126976320362	-5.175304787091075	9.393814604741934	5.313476569692076	-2.6610988822346795	-4.350623696021582	-3.160457755501368	-6.446802592235375	4.135558632447772	2.7593585326916537	-4.709033547700147	2.449588158795575	-0.09433947445953242	4.780951743211227	-2.547097933931373	-3.7731328074022077	2.1554434350449165	-1.4877730080875609	-1.7328142611755473	3.4839097876983667	-2.007632391454438	-1.5521504562452886	-3.6925166508956666	1.6102432187131834	-3.4691213852065896
GALR3	Coupled	-	-	-	Galanin receptors	classA	-25.125701402613274	-13.634328545189458	0.06160227433810841	4.328746496549019	-2.404585787287284	8.288147702238092	1.8521166465795957	-1.4311593816708523	6.060742036730562	10.352218000194556	7.801022020894284	-5.415871282509579	-0.8333601276298137	-2.4282219639059535	-5.821972910515713	-4.119659666412077	2.5877174112406203	-0.8839859106922744	-2.5423075758914946	0.633179139163224	-0.4868038438567241	-0.02942727874903025	-0.043516454867288216	0.7222433880095392	0.3045926041790561	-0.5613381819743416	-0.08297059478654745
GHSR	Coupled	-	Coupled	-	Ghrelin receptor	classA	13.58378608873658	7.23448140444567	-10.619131469639221	35.12315628359815	28.62732167867237	-3.3734476184755993	0.7314065516524142	5.86556027923952	0.37474588727788405	-0.04205692603710736	1.1397331142288598	1.2217616421989401	-1.4312167284981483	0.8855874081891868	-3.3079533557534218	1.5574543429316818	-1.278286380818872	-1.6278707639508299	-0.22066810624997926	2.626304054648909	-1.2384848043004169	-2.539403795829096	-1.252530579006211	-2.871258028028404	0.20975104227103	0.05864639642577103	-2.065907187028845
GIPR	Not-coupled	-	Coupled	-	Glucagon receptor family	classB	-19.524759362316544	-2.5672836793143947	-12.136630459071993	-2.1095250259063176	-3.620862816165599	-15.448685398183335	16.8781371050953	4.913790569961404	-1.6379053417571168	-2.738194135173744	1.8067057184773072	3.4662081767004818	0.48108753340238886	3.4527347135465183	-0.3223976042442593	-2.419369313678119	6.273674224935454	1.3889747335991713	0.29193528870204655	0.9789027328642801	-1.6035974386443204	4.0418031352136605	-2.8483881392898818	3.312765722712823	0.8405604349266744	-3.8658654985194425	-2.6975097739891667
GNRHR	Coupled	-	Not-coupled	-	Gonadotrophin-releasing hormone receptors	classA	-13.073436017687825	6.566765332922354	-6.5227570641329695	-4.360667063252604	-1.303289560585723	0.3090507633019628	-3.2545085008210064	4.440644222342888	-0.04584180821480627	1.9094635025241415	-3.5228672341203704	3.096735218211612	-2.4026081671668287	-1.4966674897576207	-0.15257648323557393	1.0239572652338782	0.04986079137342618	0.07666930374560463	-0.625751011887199	-1.501228914842671	0.4698462968852987	-1.66949422318284	-0.7616618710793197	-2.70901250801985	-0.9849037582031894	-0.34450288550356395	0.35632816323875305
GPR17	Coupled	-	-	-	Class A Orphans	classA	-4.576342956797913	15.473894820367354	-0.6745193808986644	-2.2656786389060732	-2.855263422423951	-3.395689782797794	-5.07044448776267	1.4214361898450616	7.355769795889353	1.7682498339201473	-0.40222463201341513	3.142045359656557	1.8418536545116972	-2.895981093160458	-1.5455983875987984	3.99604493303907	-2.793611683131186	2.876289997321867	-0.16519260287993917	-1.2218841666578462	-2.2345519030856464	-1.95307583999023	3.1983508158603793	-0.9056453294175857	0.9147163580100177	-3.4395479701347087	0.8493665075761402
GPR34	Coupled	-	-	-	Class A Orphans	classA	-28.614906059072208	2.930823447406895	1.3937573560220307	-2.254606152627569	6.590989863041951	-4.082812728383671	-3.2766014825893053	-0.24870104116812458	-1.7580912041070968	2.7688876258286905	0.6336637197826602	1.887470735193226	-0.514366896709952	0.848614158498671	-1.5401460545198404	3.7366190647162463	1.7881262822571997	-1.4019371570523749	-2.882752146668848	-1.7993424140474121	-1.2760241429823642	1.8817831421051858	-3.1931691885587346	-2.0604889928979477	2.049677418635131	1.9401896461925259	0.8887726847206264
GPR35	-	-	-	-	NA	classA	-25.0815575790645	9.573153159277815	0.7519716154741716	0.6179336968864547	1.33036941130142	-4.87705473706624	-3.3944000188597347	0.6109902172676408	-3.2890414884262262	3.5363300860003664	0.41349021520776175	2.513411271855799	-1.9658856961194557	0.8428909403800595	0.43113832499746646	2.975243196143833	1.5409814479818393	-1.1809970309751991	-1.8185985531324058	-0.26594455506998793	1.0630595497668736	2.8727549530329806	-2.1580346342483647	-0.6824945544451179	2.7254481929898056	3.674286480684445	0.6107358463016297
GPR55	Not-coupled	-	-	-	GPR18, GPR55 and GPR119	classA	17.908839824202953	6.300880584487314	6.164174083308505	-1.2059095654235983	-4.926853666789093	1.213865988143119	-3.4817727520403747	-3.0562076273374874	-2.227237096962541	-8.575682130271021	13.292114818961467	2.7667446851696456	-0.7653682460189163	1.3532760684219054	5.349417418412889	-2.2557704852968885	-1.4792921615934351	1.532841690416486	2.033444901808193	6.424806560015006	-1.0754798448035507	-5.591744218670405	-0.81123871883677	0.7409323933136743	0.27890431750054245	1.551981188794461	-0.39481020065793127
GPR84	Coupled	-	Not-coupled	-	Class A Orphans	classA	-7.562502407916689	4.83272258658144	14.540058071406833	3.152162579230856	1.2885977763497198	0.38969741999007046	4.754285295682536	-4.581585455605625	-5.001370660442705	-6.282286937305213	-0.2738048321249516	0.18911062932202474	-1.1545398831143618	1.086518834495157	2.308241599417568	2.3363302567313955	1.9236431336197295	-0.49369256487789626	-1.6463539672618754	1.2190594613800592	-1.5511919023955218	0.2765205365507478	1.0169838489550738	0.6958006517248508	1.1007472003979915	0.9069360121355902	0.343107800011543
GPR119	Not-coupled	-	-	-	GPR18, GPR55 and GPR119	classA	4.8752560698512655	17.62204620690478	-7.032417881948447	-1.7406521467317357	-4.20837243419598	-3.9491517137080545	-4.500931465933425	-1.1273296941583917	-3.243628230916356	-4.844808463501109	-0.9742349343607409	0.3223231985396557	-0.8893375856139903	-0.9441280373136466	-2.683517120631404	0.5392444283814607	0.31861208845559186	-2.4653100916771566	-0.41679698701457146	-1.281850546662645	2.215245617460189	0.5361614596404297	-1.440445806990487	-0.9920130010187866	-1.9035671307832702	-0.592297023699397	1.5472946985279072
GPR132	Not-coupled	-	-	-	Class A Orphans	classA	-20.971464115707537	11.768642900735902	-4.88905250872027	0.41941479817842886	-0.1868039788847566	-10.555496264915302	-1.4281160596183544	-2.552424586166303	-0.5769383808404611	2.4399649394318987	-1.9037338188397166	0.4765977120519965	1.8461977628084094	-3.430220819211362	0.48082853510989476	3.608237530969277	1.107122246030763	1.0205035967994236	0.3736184728763755	-0.0901515380615988	0.3006659985736208	2.3507692728205334	-1.469034546934418	1.3422854503349457	1.497741377016331	2.5148473626788754	1.274580717933869
GPR174	-	-	-	-	NA	classA	-17.349269958130677	1.4905922061536112	-3.0586407829009166	-1.594513039210156	-2.2639196022338752	-5.577111996716015	-7.737233797464882	-2.699296740415936	5.819422129539631	1.2042574473965042	0.5240232127017309	3.6466601208780833	-2.2607002611013556	0.33544585302205987	-1.3109024285300934	-0.6891491288940489	-0.08273587740834085	0.7664041607242796	-1.0168541547288168	-1.2722941030410169	0.9102870321333191	0.4754940114965754	1.340973474361952	-1.034294072971856	-0.939330532860985	0.10279873325853697	0.361661628041929
GPR183	Coupled	-	Coupled	-	Class A Orphans	classA	-8.048595749489285	-1.933034864671565	-4.803342908285728	3.241104755373663	-6.03051344251716	-5.478777006871334	3.870638849028739	-3.0619831978212213	3.944796699309459	-2.198750596085695	0.5664286791593656	0.7491313549002049	-4.197194604976398	-0.10996987768380935	-5.886250958531502	1.3580702738421875	-2.028353661054249	1.3238870150742825	4.86140857426836	0.5867170083998903	-4.537009777824034	2.9237532133810933	-0.22695109015664497	0.797174135658949	-2.191748299214413	-0.275051937493537	-1.6352654005330953
GRPR	Not-coupled	-	-	-	Bombesin receptors	classA	4.310217550669081	-7.740474713365582	-9.950546063684824	4.826453626904947	-5.616308856000146	3.0424421041939977	12.458981479600766	-2.6314168081351026	-2.0771377364902093	5.285647454170702	-0.6472576822135612	0.5016424126233101	-2.8813927765397005	-1.1766801702883296	0.4939293593196482	2.5036494917443988	-3.207040892895624	0.41494253136705656	4.044864242621283	1.4613116703167928	1.3052662429531054	0.22500141356427633	-1.4581531187002787	-0.2094891610797817	1.1418534509377787	1.0784117233256874	0.03734674578245678
HCRTR1	Coupled	-	-	-	Orexin receptors	classA	9.778567356965127	-5.687979606870353	-7.7095147193403095	6.005916532556712	-8.632833143250277	-0.9054093921630672	8.774458912576357	-4.308934469667395	3.5283026918009845	3.7716076391332805	0.810840946966157	1.2709203874269537	-1.2690609734032794	-0.6269067084278066	-1.873464504494932	0.7511762398147489	-2.183796453208475	-0.3750946994198084	3.791650876457722	1.9466636536209152	1.1454277164944586	0.4526821391775143	-0.9553296346124257	-0.8830355813489297	0.686829431885534	0.817335972912761	-0.854114239491267
HCRTR2	Coupled	-	Coupled	-	Orexin receptors	classA	34.21235804191488	-0.4177404820987319	1.7185299194980832	-0.746321633298256	-4.095629349046119	-6.6061614092053125	-1.8049688243764437	0.08745883659295157	-7.13476734134447	4.947061516324669	2.549796437225088	1.0358143044550723	-1.3428214555466214	-0.16300819723896764	2.671549725499308	-0.22519288350270808	2.489310389608643	-0.8386189056314135	-2.205250336275705	-0.8507684787246964	-2.730060178180468	-0.2940352540143909	-0.5879081035733857	0.05038171416384281	0.2098148152287409	-2.273611801770369	1.5634896969235414
HRH1	Not-coupled	-	Coupled	-	Histamine receptors	classA	-11.264549747730443	-23.41342053389498	8.616744282691238	3.6758324049050795	2.3610698324144703	-1.8028583842229349	-1.0654149431357256	-4.742064441147282	1.3656143315452391	-1.9624864172278995	-3.427346753005419	-0.9922457279372545	-0.48951944997214875	1.179824160245164	1.813799335622164	2.5135720184981256	1.6381976905165132	-0.03307436285279505	-1.3606827381297042	-0.400025704992519	-1.0886335543198558	-2.50129190246831	-1.3301358306340103	-2.0705205294448525	1.6746507310795375	-0.6471331917248988	-1.0963289786119217
HRH2	Not-coupled	-	Not-coupled	-	Histamine receptors	classA	21.99077861088721	-6.105342124524511	-1.3873227667802452	-7.027127901096839	4.543059508489273	-3.501398209141005	1.7901147205261647	5.687990069428729	-3.971754061844752	3.662494972536743	2.1842805935377196	-0.7881887283602287	0.42195423017233613	0.7436657078106536	1.2104426820282321	3.146377726142173	0.20348570008545044	-1.5047895587153888	1.4714554217373146	-4.234422916674327	0.5956339079581552	-2.004287311726695	4.034197058330074	3.773497451720453	-1.1944114708560807	4.918043104929023	-0.20476206210651537
HRH3	Coupled	-	-	-	Histamine receptors	classA	7.249354328584993	-7.138484892399604	8.4856184930366	0.19344774064945022	-0.8042393185778802	-9.561233987955966	1.755987147582142	0.09046598930419002	-5.104968322243481	1.491293785567379	3.2657310059789597	-3.472105690881498	0.7493126166445204	-2.770101586325961	-0.7760161652709023	4.387661292013125	-1.0462371903986574	-4.1332165124569755	0.48918506449000415	-1.9913207711140588	-3.06663849427998	-5.754736644777923	1.6406346641755638	4.749850320588248	-2.4048803568070554	4.174105764654249	-0.8892280208767835
HRH4	Coupled	-	-	-	Histamine receptors	classA	17.75771731726547	-15.756264191887908	5.154607788173115	-4.041926935137856	0.9026434745382129	-6.71780256744926	-1.1831448991256819	3.9936778931525043	-0.4885403838423098	1.5347515151986648	0.5217797475584561	-0.3611360425464571	1.3736932684563514	1.491606136999787	-0.3551961514806286	-1.0865975409822335	0.9488852185350134	3.6353412667591574	-0.7722028337911927	2.5983471516833565	3.3066212868266587	-1.6057335917636677	-1.5692902864239462	-3.1409259231272517	-0.35012252851902737	-0.7281776174483002	-0.42767519862446357
HTR1A	Coupled	-	Coupled	-	5-Hydroxytryptamine receptors	classA	6.069486261241318	-14.656068184788358	5.817082360903692	-0.29087291757850126	-0.26587341689910443	-8.67973725130956	3.413538276856307	8.249273847024009	-1.5796400885053201	2.2186295325497047	-2.8153963068449857	-2.3650215796307044	1.273952935714089	1.2565041989616026	-2.2881167008249537	0.4989950469887587	-0.9656905612738553	0.35045907168060825	-0.007897351438944435	0.047323881360422114	1.7308962061759245	-4.225418055506672	-3.4436292409262386	-2.5151250462209056	0.785297043132727	-1.6166603413964729	0.796629558557563
HTR1B	Coupled	-	Coupled	-	5-Hydroxytryptamine receptors	classA	2.8756217285916406	-14.722808071611986	8.379956246851078	-1.9125633227560173	-0.28462213849486523	-9.199566547083506	3.5689448385226603	6.218020925698396	-3.403637039981545	-0.33586894705678677	-2.7961870094397434	-3.1503272814753385	0.9602686615300231	-0.639995637883023	-3.3034999886441296	1.169567923515579	-3.3088858690596212	-0.4059019167852903	-0.09034153783774716	1.2039304218012494	0.5679423420784616	-5.354383626645757	-2.9718499994068974	-0.6289992890498093	-0.4998049275561013	-2.0785234859423984	0.8312630628981375
HTR1D	Coupled	-	Coupled	-	5-Hydroxytryptamine receptors	classA	-1.6810567869061082	-16.51394302974137	10.421147911223514	0.1012797268810146	0.48596456365194085	-12.078595479323528	3.1488976077737485	3.7902471049767716	-3.9002630708407877	0.27206968480149585	-2.521692775752347	-3.1469080183963087	-1.2799789262692916	-1.8073143354210224	-3.16593064766798	1.3099967957371836	-1.0505017566645645	-0.5677011426279637	0.22326395055912826	0.1521726375288435	-0.9277623965455246	-4.448516116945846	-3.353910252500324	-0.4598468802943444	-0.5624327172998	-2.332091700401228	2.2485580940342387
HTR1E	Coupled	-	-	-	5-Hydroxytryptamine receptors	classA	0.9000614750280753	-15.450192462373114	11.63586732672317	-0.2594414923164319	0.5350182135034491	-14.327687069372676	1.8252609346768824	4.474251581574326	-0.6550230141418573	-0.441775900152538	-0.13334212533285275	-1.6767301430091235	0.4161697239012309	-0.11707535175170893	-3.463054321425554	1.5966505383857292	0.42712034540366517	-0.3737594174946029	-0.019079187144395708	0.9333712695436157	-0.381535327228889	-4.114288238898895	-2.892296949106507	-1.7381643155115976	-1.577568778699394	-1.8106818944544376	0.6952975089326558
HTR1F	Coupled	-	-	-	5-Hydroxytryptamine receptors	classA	25.17384364428921	-0.3107750162516118	1.43879950248416	1.3175480031569755	-7.910638291370578	-0.2293323568873083	1.071353172228766	-0.8632758977313972	0.05734571952472741	1.1427071993852471	-5.603370225534363	0.3119299612716057	-2.329457155415109	0.8367311234561672	-0.02061996441052033	-2.9727147171858603	-0.3350686558301544	2.436134739043954	-2.9975131486312616	3.975730175995055	-1.4092067231291439	-0.44209408162894925	1.8197424580484816	-3.3913152017518353	1.0617489027582172	2.992910227642067	0.24542271103333357
HTR2A	Coupled	-	Not-coupled	-	5-Hydroxytryptamine receptors	classA	28.29302731379778	0.5966496056159897	4.4828570330490525	3.341788284122873	-7.750000176974236	-1.4889077666642374	0.3003864183248446	-4.091741419776785	-2.1845312722462085	1.3721022092348827	-3.9094106546608987	-3.016063222546944	-1.9878581723953828	-4.918576934730381	-0.5814223580385365	0.767455388285329	-1.9322030725051278	0.7942345073195667	-3.579108461299361	4.403797226099856	-2.0976053465237148	0.753413864887055	3.261006182049258	-0.019088681631196064	0.38485698955333214	1.3070395011678537	-0.07722685035145697
HTR2B	Not-coupled	-	Not-coupled	-	5-Hydroxytryptamine receptors	classA	21.3725238909769	-2.6257501158876924	6.389171390771078	2.8054292555457203	-4.01725730262556	-4.300503999940102	0.419788459934922	-2.749255527279491	0.8880345215285004	-1.2544252383512977	-3.243122015029727	-3.8685602812454833	-2.9921245619300154	-3.7013110537034684	-0.24410487198552777	-0.17049891067571588	0.3381395344297413	0.8536870003403328	-2.2693832590034235	2.814064954904857	-0.3010794902036558	2.9645576185782287	3.2307465732850162	-1.8401657717142277	0.5000459094451806	4.022630541016462	-0.7749330014954451
HTR2C	Coupled	-	Coupled	-	5-Hydroxytryptamine receptors	classA	1.6911722337858297	-14.859676776481972	4.949631247384127	3.99044119966105	-0.6662772590604775	-4.828941579440521	0.6563184124279492	-4.606592632644865	0.01703172413861605	-3.6244142501996963	-3.5099905435982617	-1.3381453466225166	-2.8777182776090933	2.569847312649576	-1.6732943580214668	2.07593279401476	1.1452061192294807	0.17559489098903977	1.5451002780692802	1.0535024549835885	1.3486211699059607	-1.733846480142266	-0.23781451463978667	1.822020165132733	0.385921833326828	2.7410688227383857	-1.4382166975349353
HTR4	Not-coupled	-	-	-	5-Hydroxytryptamine receptors	classA	20.71346495255775	-4.338204914822368	3.0068664858144785	-5.350104673724584	4.837592091505908	6.345374056944827	1.7792916414240842	-3.21801410303144	-8.346004370792842	-0.2591128180331231	-9.591286118673501	0.9036826380816687	-4.903610124497245	1.955949067662957	0.5953336683052755	2.5398190199523545	-3.3334934300113486	0.08781815739998731	0.6500995588066895	-0.4212448144496368	-1.9157079425819192	-1.9541789427794727	2.057037400376837	0.5613187267939442	3.301762366326007	-2.0656822163867585	1.5464423567915584
HTR6	Not-coupled	-	-	-	5-Hydroxytryptamine receptors	classA	24.996929826889986	-3.1785237828804025	1.4362331348414512	0.6363954688116934	-6.39357992707643	2.574972203960557	1.6532178708483432	3.3974624794731505	-0.6663558510732867	-0.925133883940967	-3.673389600369787	-2.6365693856930434	-3.6663196455006255	-1.524065593606611	-1.9578715881452715	1.6304019429720766	-0.5520078360372497	-0.577534106283261	-2.0032880283440235	1.469225150899237	2.1059708223576936	1.0290926850157254	-1.205382250588627	-1.1377126543562515	1.4311077930896254	0.6631486056628688	-1.6907499412464084
HTR7	Not-coupled	-	-	-	5-Hydroxytryptamine receptors	classA	-2.148590794536453	-10.104866831407893	-11.539078114885564	-3.203696579856122	4.163950369111852	9.67291733508985	3.3948542808964244	-0.42901746421967346	-2.6458649957176803	-1.1576519654887345	-0.4403890518929779	1.9737441614029654	-2.2789680648529576	3.4531970080539005	0.7763431333099325	1.8933753822834531	-4.014570590854885	-0.20688242389130496	4.2899018169843774	-0.8660852521287261	-1.5463145810898609	0.26148613611211147	1.1337077911385345	-0.2880931618154323	-0.004000911349725125	-1.3580584909542124	-0.762549305268022
KISS1R	Not-coupled	-	-	-	Kisspeptin receptor	classA	0.8506198056132007	7.139026950315822	13.773986503945238	6.797527690071609	-2.917629754841314	3.5112460105293257	1.3356160455477133	1.940750154521572	2.2614243941732477	-3.5810010100643255	2.8258983909660293	0.4701094169728834	4.643794886091356	0.0631986190541457	-3.962145567909886	-0.6079859306671361	0.38093319236440726	1.9955099758819657	0.6517681953694828	-2.1678945258914837	0.1429416439721425	-0.12678867615526154	-1.6151548431261187	-0.47061750248793466	0.19864237493252035	2.5166566124492133	0.6097703289532892
LPAR1	Coupled	-	Coupled	-	Lysophospholipid (LPA) receptors	classA	-3.8941360043839275	6.427834561910221	14.744127981768886	4.567157142177736	3.8033308593099826	4.48057888479601	4.543315524548804	0.3756270323709348	-2.462108190393657	-3.856360532596445	3.0552624725088497	0.48905665821312905	3.6920580529383873	0.14937457086918898	-4.820255240796293	1.0441012840357922	-0.01015566181999087	1.7919108118733844	0.4781660754818683	-4.195835028362461	-1.128720495431673	2.032910713199548	-1.3344952180239573	-0.9286184310063973	-0.1746007268128769	0.6707740916836944	0.037302289752079866
LPAR2	Coupled	-	Coupled	-	Lysophospholipid (LPA) receptors	classA	-2.675706677045806	6.640304997279507	15.17097908567972	4.926598928167436	-0.6001271348811357	0.8787293814105065	0.5061004867760279	-2.0903391193465892	2.198425466104344	-3.00278166371905	3.8238174481689367	1.9968547495422688	4.3849630461132385	-0.005545266069525308	-5.189800001796129	-0.03162360673799892	2.5441119592054426	2.1071926460675976	0.8824113168537668	-2.20036684239937	-0.16386327125736444	-1.0043763863872284	-2.3151818156636854	-1.5098456943333116	-0.7609201555788123	1.649680522943265	-0.4103583218982239
LPAR3	Coupled	-	-	-	Lysophospholipid (LPA) receptors	classA	-9.917261531968702	10.520078511081914	-4.003013598639913	-1.9587982034488043	-5.438031517470283	-5.635878911841788	-8.661010849774042	-2.2124821000226484	6.09174727545061	0.3089123814562102	-1.9367124062915617	2.8721616681353783	0.2707114665536778	-1.0013206647412949	-0.6594581645324112	0.09073448428555693	-0.82353249649843	1.244468268519438	1.1821780187091406	1.8130048353576194	0.21255683288596497	0.6475039079068765	-0.5552826939169155	-0.8908470152818528	1.253958122127094	1.7782792013041597	-0.5593395405128353
LPAR4	Coupled	-	-	-	Lysophospholipid (LPA) receptors	classA	-6.966967678433835	8.55423660960746	-7.067204249959261	-6.359348480441067	1.4686204690263596	0.16538898810857472	-6.005945895551032	-3.28148832853723	-1.8434337894985977	1.587198971702233	-2.8661087244799606	1.1295082103681477	-1.9582128993513923	-0.08951303590722086	0.6832205126474199	1.152123578666961	-2.7772171315597056	1.6167943183241034	-0.0675733142329377	-2.027033534261849	-1.4004220415957036	-1.4160062451728	-3.1353560750063525	0.9688129714984013	0.045350058395140704	-1.0865234466956486	1.6331426443722175
LPAR5	Not-coupled	-	-	-	Lysophospholipid (LPA) receptors	classA	-20.60566147676585	6.049843654050943	-3.311674874864624	0.9624360697191798	-4.110668298571245	-6.622070366177995	-7.854637910046372	-4.705722736830637	1.8951167560346864	0.6799688157006554	-0.9433768605618496	4.5164303770440775	-2.4195236961143722	-1.2989654969259636	-0.7004184321659708	2.3222568807147264	-0.748247428007871	-0.5939310032995613	-0.24791935434223344	1.8665356282337033	0.4759844224940925	1.4034393758359742	-0.5260023391584806	-0.4601054547022554	0.4145545513287166	1.7204651968005726	-0.5626823667836726
LPAR6	Coupled	-	-	-	Lysophospholipid (LPA) receptors	classA	-13.936754041205385	-1.4098131645017442	-5.864540732861685	-3.9442579067717314	4.9739828068982295	1.2831654107394008	-3.806229567764433	-7.892219549656121	-2.6751169697449764	-8.48449592379869	4.154876222075673	-4.23988076480715	1.4213949551904537	-5.240839383232622	-1.9037745595080138	-2.909886314405012	-0.5201498911482146	-1.804918806779991	-2.6658956061645664	2.0718421602813075	-1.1319793293513079	-0.624854051337159	-2.0161981427010605	-1.4128634403029896	-1.172588751634791	-2.532364738495997	-1.475663074886576
LTB4R	Coupled	-	Coupled	-	Leukotriene receptors	classA	-11.06473945532416	2.2997648076991912	-9.275977878216969	-6.433516780369806	8.770394590729508	4.588678232666855	-1.4902045293222126	-7.129071052343686	-7.556768478097585	-6.3187163570360285	3.3878164192688756	-3.651587609205878	-0.36298297173366884	-1.8794827454402185	-1.8881071177412365	-2.2154606248802122	0.9537003985265837	-0.5517355347089372	-4.8181880849185195	0.5140755464174702	-0.3625603617723914	0.8389438219199731	-0.3760288574847013	-1.6142719751869732	-0.6571025180238466	-2.6635711240344504	-1.9483255970103475
LTB4R2	Coupled	-	Coupled	-	Leukotriene receptors	classA	-21.552305226626423	2.161785165767625	17.111692202724306	-1.1394609290676647	1.3274256210350392	6.118603349791237	1.8798512109898915	11.025945453666624	-1.0492543989422676	-0.4421438276492382	-1.5413234295525655	8.545581690476146	-3.5238302388843543	-0.3552813422350675	0.7323148919786285	-1.8629557318088767	-2.5961308683723656	-3.247114270023361	-3.69753085053952	0.1343360413079899	0.2726091770757315	1.085463321243722	0.1215748330620835	2.478262664979547	-1.2014456462285636	-2.916181289339899	-2.316046299993374
MC1R	Not-coupled	-	-	-	Melanocortin receptors	classA	-20.126912998519593	2.3351465234936755	17.628146671977678	3.5085079138282937	-2.2323326032433894	6.140890071887169	1.7592420320056765	8.591725587523007	0.5388529325295067	2.129193061930919	-0.8669967248318065	9.581390123351422	-3.1425291522291388	0.12555402520687683	0.3290764433686456	-2.543777633566415	-1.3455062244545817	-2.624033416058522	-1.237291772071839	0.02577827058259421	1.3113835713749402	1.677587135808975	0.9489292915243285	2.962021882342482	-0.41545833854300884	-0.3709642592342669	-1.2114938827439428
MC3R	Not-coupled	-	Not-coupled	-	Melanocortin receptors	classA	-14.10532137060226	3.8139124810844973	17.18574004013356	2.985448373287396	-3.7128615481100598	6.954776788021052	0.22969367901909019	7.996207931970775	2.0402495707719606	0.32002114685293975	0.16817571981578858	8.609532137865182	-1.7680845685671074	0.1787070685304305	-0.24506792547506911	-3.351871418074783	-0.9617764616986776	-1.9553965525749102	-1.893620504803895	0.02501808228650736	0.48347630651237933	0.4745473069217201	-0.6151162186169821	2.072854912620897	-0.6845006665446238	-0.172286021822691	-1.6868719602251865
MC4R	Not-coupled	-	Not-coupled	-	Melanocortin receptors	classA	-21.427713590539447	-0.03458750009752504	18.592174379177777	2.6935132539511537	-1.4440952184563356	6.8252304668651345	0.45378238027370965	7.198813274697838	2.318023491134275	3.1701333507871863	-0.7783118340491558	9.63198202866706	-1.9360052602388904	0.34388312040992053	0.7997959175225074	-2.3739308144642117	-1.71368514213836	-2.7386564023376296	-1.755736533847849	-0.2760696772086234	1.2425085021703435	0.5536173728282946	0.4845887263100544	2.2360578368053265	-1.2509709081403972	-0.467587187886622	-1.2104441933153887
MC5R	Not-coupled	-	-	-	Melanocortin receptors	classA	11.179759296397762	4.206820542209296	-9.87964570980715	-7.04140435491408	-3.676881968208327	7.615111333455179	-4.4122344945548155	13.252887514368076	5.140758574854235	-6.466509786726533	0.2571377244231935	-2.9745904953924702	2.6022213908726997	2.2885751563256442	1.1445377331529893	4.391909447377174	8.799572639791121	-5.603905537036147	-0.3845228914573907	-0.12583768779744023	0.9396049138828563	-3.774838547900621	-1.932502048261989	-0.9247275507542828	-1.538902793414684	0.706894390695139	-1.9141416830638736
MCHR1	Coupled	-	-	-	Melanin-concentrating hormone receptors	classA	-17.50586241305461	-3.5545864273720476	0.1241506025648819	5.083537345261295	-4.82203809181865	-3.953512122393121	0.23154882718756858	0.9478765621524721	-0.9507255293711407	-1.4753057397127418	2.228227674034683	-3.150121870315347	1.8544844427889482	2.986383857752649	0.04009366342142244	0.9556463854935251	2.833290181563982	-0.8009364376268698	1.0577901091160762	0.8265923132924078	-1.8133265489143364	0.013598456585639596	-0.10737783478240945	2.9848748301437324	0.6302187817264235	-0.47627495448256524	0.22362526362569596
MCHR2	Not-coupled	-	-	-	Melanin-concentrating hormone receptors	classA	-7.93816328364731	-8.411116735871987	-6.180734893576265	-2.324358265382173	1.0106001713417891	16.305107504174924	-0.11697887833556543	2.412125756513865	2.75366904523196	7.7314877811654386	7.328150913932158	-4.74107746601655	-3.887105699328629	-0.47880221059238603	-5.6118473953596	-1.5676540599827167	3.3955240186143856	-1.3204175021172904	-2.547207972612476	-0.7450100250850225	2.2451054178762155	-2.6935911341848877	2.571809935265445	-0.017756956210037374	0.573744458091862	-0.45167900425651947	2.2386690429250553
MLNR	Not-coupled	-	-	-	Motilin receptor	classA	-17.48495931088548	12.755355742486502	10.162950695030089	1.1227675751366535	3.302014175465025	8.275525717571538	-1.394045044284278	-0.3086113898348214	-7.601883710733077	5.096784810012141	-4.4203081762735605	1.5236549082549868	7.312284216620275	-6.118153439493544	-0.17019851999842847	-1.7997715847168827	1.4559627192454196	-2.377013434831518	7.170293860218977	2.6297450611723336	2.429673544761734	-0.639296529666877	1.9065145681601163	-2.1864204408122236	4.383641238612079	-0.35050205391019595	-1.5657753581466005
MRGPRX1	Not-coupled	-	-	-	Class A Orphans	classA	-14.089109339881839	14.109363674229925	9.930022651154374	0.5874309675992129	2.9262588546901145	7.8132495374869295	0.7921136768959925	0.6771087199213812	-8.691445780085095	3.339261404039571	-4.3328066228706135	-0.04411660840645611	7.60411077924984	-5.277791270941312	-1.0975221010194731	-1.665574589839385	1.099908834835843	-3.924300394479356	7.359419717965063	2.597921202053913	3.54663523912621	-0.14270059700188237	1.728027581503882	-2.331757254347252	4.232513144397615	-0.030738413789908204	-1.4987488801545688
MRGPRX2	Coupled	-	-	-	Class A Orphans	classA	-13.736256195622362	-11.32002283066139	6.117696430531899	9.350821440631005	-2.599416077185291	2.8697959472708794	1.0535677221619537	-3.071135453273509	1.5144279789614405	-5.137346668271208	5.360528270526939	-1.283584163344853	-0.5271743479555134	-2.5017134261676146	7.932587253708449	3.012638568843436	-3.931030991035867	1.8824653557940638	-1.9632326636077482	1.9861782451411754	3.3260501654854213	-1.6586635966718155	1.193534927363952	0.8936801904221149	2.511803299877678	1.8938398108311445	-0.40428581527792234
MTNR1A	Coupled	-	Coupled	-	Melatonin receptors	classA	-7.894965973434776	-11.057822545984164	0.5425092718651103	5.8414260261861495	-0.6520566670923893	5.875846011669088	5.469687736198865	0.16590517643411495	-1.1216321353682128	-3.5400161900195273	2.999979343857124	-1.5647472267026639	-0.18894255561999299	-1.5732671671631089	7.593666876640592	3.1449120588365624	-3.160023745797804	2.2710453913119273	-2.109325886749852	0.6865316940193035	3.9676063976504232	-2.042493822011995	0.13781931970512415	0.5441867822971216	3.0847063547942755	2.0599481144150085	0.1606226037607437
MTNR1B	Coupled	-	Coupled	-	Melatonin receptors	classA	-2.8943881344819733	-0.15639953375195406	-5.623136080627743	1.9781611242934918	-6.297233289674337	-4.069366195844605	2.2684415462230683	-2.7667893938765378	4.817412861623471	-1.4902281092598266	0.5860035873989571	-0.3771867063740364	-0.8151768936024315	1.8194936375977828	-3.7979964969588074	0.38626501542436936	-0.194510701655296	3.05634420821901	4.09821022067871	0.6188464201512712	-3.984103717477741	1.388471199966812	0.9726909987042771	1.28021658612034	-2.757353455120046	-0.7772198327818127	-2.062389826106894
NMBR	Not-coupled	-	-	-	Bombesin receptors	classA	-3.6397717027176166	-6.483291317352411	-1.6352650114242155	2.080256606919999	-3.167502178640065	12.271766330110177	3.7288087574075233	0.3112862721639055	2.8942284481457836	10.473302078551995	5.6477046846291366	-4.38543324461427	-5.319262505026944	0.5696824193907374	-6.51198588833674	-2.1397828630382674	2.7645717495763296	-0.2501616626555078	-0.384678167855755	-1.830667157648629	-0.9185100034637149	-1.954429784823092	2.0906861097521534	0.6824528722106303	-1.7119430380142926	-0.0756082537922629	0.705555273689811
NMUR1	Not-coupled	-	-	-	Neuromedin U receptors	classA	-1.8146386537492125	-1.7974513624883413	-0.008522591997685616	7.882277828573743	-8.367363325686382	9.310108521811342	-0.6740971201879572	-3.5334924792458846	1.3015823425949127	5.936468121761603	5.274082105063604	-3.258199344872318	-5.876394809422155	-1.5023790086633533	-3.905389418532619	0.5863823248325181	3.0081620821023454	-0.7718925919329189	2.835684452205869	1.2286387321591121	-0.6139977241597562	0.5974907581084916	0.9234275087024633	0.42493072474611737	-1.9731510752906645	-0.38313881149893936	1.650252671353504
NMUR2	Not-coupled	-	-	-	Neuromedin U receptors	classA	-27.38644547935071	-14.232727142441297	-3.4749391550145705	1.5456627359560409	-1.5603974779347103	-1.8531717281326276	-2.7678914148141156	6.246111371644535	-1.540851342768787	-2.4888249568314986	2.5738479093899236	-2.488894257387646	4.754305929080157	2.177610906631287	-0.32392027213987795	0.18399773980907652	-1.811320668399196	0.3142772477649835	0.8751963388722016	1.5462498398272593	-3.3448445763251122	0.5017897733540266	-2.2975835216078258	4.179974456058525	2.735148495837612	-3.2774610615809823	0.2857535616507971
NPBWR1	Coupled	-	-	-	Neuropeptide W/neuropeptide B receptors	classA	5.765550141056403	-8.5406102080694	-4.571991319344362	3.343196225680879	0.33269960699435625	4.884613527742568	5.185140223384916	-4.12161588706562	5.5278744328705685	0.8591046596006007	-0.44756961636145376	-2.8313079649438593	0.3391371313508603	-2.3440034048848437	3.5868801941575117	1.454328140120704	-1.8585519495916722	3.4833739893289724	3.6484114917005557	0.8111589845395412	1.5171219875196424	0.3041295031625547	-1.5440240182048313	-1.0842204056370943	1.0467116379817687	-3.546662893659819	1.0247332548850678
NPFFR1	Coupled	-	Coupled	-	Neuropeptide FF/neuropeptide AF receptors	classA	30.92209592952848	6.872252190208455	-9.52190221980759	-0.4100852741138574	-8.360388304193691	10.129547719303927	4.3576650665975505	11.479468001664427	9.123685714826475	-5.5562631976801615	2.1163128951136945	-4.006992960235207	-2.675776006690946	-6.428842860850185	4.600385998460698	10.041223347713698	8.560889220410896	-6.051503410900451	0.859551229424745	-0.6363436627876112	3.2677308241084653	-1.2302365055285498	-3.0452208980490645	-1.668722866537986	0.8910346587500992	-1.3348384095768542	-3.0678524294627367
NPFFR2	Coupled	-	Coupled	-	Neuropeptide FF/neuropeptide AF receptors	classA	-12.75457483949613	-15.470061854803452	-4.876459892489152	-0.23694032069194992	-0.5781626293553933	4.37295080214192	-2.652088109803535	3.815841513182505	2.855066026936168	0.4325541244124765	-2.750625511203765	-0.13359265078764773	3.6957259247075758	2.6046575142549173	0.29610000952046656	0.19093537757264037	-2.2845753103147923	-0.2974427625357556	-2.5929991674071946	1.2694250298575145	-0.8640466433413538	2.3170744536259806	-0.9440568442179567	-0.7899362990213237	0.22327587529654364	1.7215506087814247	-0.11051287109087249
OPRD1	Coupled	-	Coupled	-	Opioid receptors	classA	-10.420573397549127	-11.182084023351612	-5.468319801153093	2.462212898857327	-6.799287935795695	4.358378775062122	-2.6656052982173932	4.927754286850068	3.236640045848862	3.080319841700365	-3.7518722771888933	0.6206411302295737	2.3853671209094274	4.2092985344675515	1.1634109683857996	-0.4836784088220078	-0.23603927431041413	-0.5640143916619614	-1.9461808558978821	2.115907133009989	-0.6313745887552856	1.8914215289124405	-1.419483595930655	-0.21183355321485173	0.6959206095576909	1.1289206104605802	0.4192480815639928
OPRK1	Coupled	-	Coupled	-	Opioid receptors	classA	-17.05400356825605	-14.095445767515232	-2.7457779205380133	1.0442600352533165	-3.086645468763348	6.120672444524469	-1.9183140099580704	3.791442628678828	-0.9477756489893127	3.165937110759664	-4.091102585642258	-0.6562517032148637	0.8858035502985805	3.2806077132309124	-0.3642257910399806	-0.43804404259995605	-1.2707748776904468	-1.1284123359064098	-2.003144549806419	3.5043449377003357	-1.7530663050034534	2.899290984606833	0.8646386659809872	-0.17637106202469488	-0.28943039607100207	0.6821656743102747	0.7516739386729662
OPRL1	Coupled	-	Coupled	-	Opioid receptors	classA	-5.112699076370673	-11.082868426486575	-7.49860170507958	1.724341793936845	-4.851582532358518	3.1959098670351853	-5.079326531366067	4.100087053384845	6.8340946000986555	1.8434936139072926	-3.278423423858448	3.3822285733224287	3.9384269545353394	3.9810700188856876	0.8537799497155585	-2.367872621021193	-1.262328666060823	0.3131703684637136	-1.2460969058202445	1.6445949096345192	-1.4299730393911279	0.48026683731984493	-1.8072415264443524	-1.970486441809462	1.7784765169043506	0.3623822495115701	0.260733361806501
OPRM1	Coupled	-	Coupled	-	Opioid receptors	classA	-19.029513166977317	6.680361113034665	-7.700215689445826	5.40753763480792	-6.469975236994904	-2.894167435895932	-1.739410565492739	-0.5365055362463753	-2.8649518915578587	-2.214628856814066	5.62535633403527	0.6656386628668359	-3.4661834316223805	-0.1586382628524369	-2.9054089055799017	-1.5820631299601855	0.46197526364047314	0.7641323403843889	-0.8935299828597905	1.3756999844894304	1.378991263737003	0.24787620944645172	-1.0491047323123575	1.3282801178132937	2.898031562262858	0.6566803027987945	-1.4108468682823112
OXGR1	Not-coupled	-	-	-	Oxoglutarate receptor	classA	-5.661461250208101	-5.275762609797265	-11.627237098614698	-3.445489780792299	3.882469287200044	-5.444462229491384	17.02626249434097	-3.582330382036912	3.4629014914701	-2.833438086052775	-1.9152337515453948	9.674563291023656	4.8430792616810345	-4.807687497130743	0.6159864682057773	-2.472972369130089	2.105922243798337	-3.0126136615901387	-2.5281265525224654	-0.21393898194367586	-1.8066957869520586	-0.7620757534102259	4.559922822407225	0.19122533161006422	-0.20999537112414365	1.2179444142309954	0.9006837443068135
OXTR	Coupled	-	Not-coupled	-	Vasopressin and oxytocin receptors	classA	-5.636622487263085	10.343313322039771	-11.697401654342608	0.3123084901368925	-6.509905114766355	-2.8771188236252128	-3.6233248556471125	0.7199871622701176	0.2724906575240525	0.2671032950258283	-0.01731143661519532	-0.3311877019052962	1.3014316683511	-1.3039323928849935	0.6170077477364186	-1.2340426127669788	-1.6272182967959905	2.802149485575884	-2.3037303931700874	-0.5059908777016773	3.440034883502094	-1.0822826859632755	-0.1961225441171133	1.1967714540574872	1.93141011757456	0.8994149993051147	0.23770854797307275
P2RY1	Coupled	-	-	-	P2Y receptors	classA	-6.796501301479671	7.966023070088884	-11.15460775829042	-1.9695592733051734	1.034869670297956	-1.1362948510254838	-4.422118336792006	-4.129416796651383	-0.22032475585002975	-0.379436690914232	5.251155536106561	1.3669261894791633	-0.9348605078375403	-0.45089304397862895	-0.1811021543833117	0.4873421685250937	-0.8800010138152096	1.5299604631242523	-4.232345363681017	-2.180040194202907	1.3002092546695125	-0.8282658857679893	-1.9600014091278788	1.881706335804658	2.111766114260186	0.2633178112514617	-0.3700981567608741
P2RY2	Coupled	-	Coupled	-	P2Y receptors	classA	-13.0998995488514	5.869480419453391	-13.430068761037461	0.9251637300277864	0.2614515907639087	3.1321276927367405	0.7915971180057177	-2.036958640711561	-6.761142687637041	4.631222083377009	1.6722723884389827	1.6279437021128038	-3.1868203661817467	-1.0424730783215344	1.5923337847430303	1.542042123686166	-1.5780363310775467	1.4218078182534097	-4.488236540941685	-2.4308218687866163	2.1863757725954196	-1.062129791118269	-1.1387730294065506	2.177278091878336	4.088945155488026	1.1672883159202199	1.0017472208573326
P2RY4	Not-coupled	-	-	-	P2Y receptors	classA	-27.31928830925953	1.7355097278155596	-8.62174729649574	-2.9591867359895154	3.403794706513672	-3.8742600108415517	1.6653040368156762	0.8767369787938185	-4.290163617569314	3.1321393577371843	3.0297126073402016	-1.1783383413441584	-3.097862067935656	1.6868965908404765	-0.5447195453350259	-0.29426659735657545	0.6281238962697547	1.6504924357893587	-1.5128384204185867	-2.933208406346434	2.428232580980793	1.6534846283179518	-1.7587312449781243	2.2055587157549352	0.20829496429180872	-0.22319484514669802	-1.3039252162671013
P2RY6	Not-coupled	-	-	-	P2Y receptors	classA	-21.09234567116754	10.268360033782908	-6.73683740517763	-0.6540771482479003	-1.168796731410924	-8.611693428640177	-0.0644220668167043	0.42138453873919723	0.9276631095952668	1.7557872656082831	2.3216409751439766	0.41776366964343464	1.3058753978463638	-4.361952244341976	-1.1127096875134141	1.2314645381212337	0.2352252460514088	1.3327025970873834	-0.657601638394623	0.32193544789695516	-0.36035134015710746	0.49564426559521074	-1.9451600212172884	1.6343646200884379	2.693750722273049	1.263736206742497	-0.48507152372873324
P2RY10	-	-	-	-	NA	classA	-2.0605454472691727	9.554314129228278	-9.910931141676299	-3.633294927819919	1.1813631028531089	0.47962053223991186	1.6215152733475142	-2.4365192813113974	-4.273498102071181	-8.973803554481627	6.012696878608247	-2.2355338489885734	-6.28663834899778	1.6476216799108259	0.7848021311565457	-7.375576803387945	-2.283844027901699	2.0713675969030496	-1.6244469821501601	-0.12452825764358146	4.360097174144257	-0.4583532456797409	-1.3680805774259481	-1.4354156109410063	1.9174323213668398	1.5207484296906713	-1.7719749482531302
P2RY11	Not-coupled	-	-	-	P2Y receptors	classA	-10.068453008260605	15.296340967479335	0.5469503981120283	0.4561266184708001	-4.582129219798813	-5.3561785932320705	-4.146234692466427	0.20764835286166722	1.1299873255300041	0.3437342016534205	0.24033993420000743	1.9796464319804865	0.11101704752632945	4.820134148958544	-0.08769604756233543	3.6971878113677246	-0.05131686312751841	4.262820026353247	1.5775547219522636	-2.7655756812064616	2.607977400849789	-2.612693671711708	4.4179619357000846	-0.6134064887515044	0.05583167282007988	-2.082818281687972	-0.08811200448522982
P2RY12	Not-coupled	-	-	-	P2Y receptors	classA	-6.092659669359062	17.428203385071505	-0.32844562194148313	-2.849558000903079	-5.938103326074166	-1.0695562396927354	-4.668000309870909	4.306290386780492	1.1447900968456552	0.6920254579471518	0.18800253623179225	2.6674037593898747	-1.3667089895480353	4.34282034272102	-0.6958714358511847	2.807268814596709	0.7387403291872301	2.825999614090208	-0.5769344276267473	-1.877219430254419	2.283558361947864	-3.297984145710138	4.3729923223778435	-2.1387672359079195	0.03717780546646166	-3.093103672962944	-0.7703904904572892
P2RY13	Coupled	-	-	-	P2Y receptors	classA	-16.343720099973563	13.197415551010774	1.6886353771609535	0.4604579783621585	-2.982609218877783	-7.338129173181468	-6.0169793744877795	0.023110081313324846	2.8309198554369277	-1.1287156816971828	2.248042126373304	3.1802577548280153	-1.5199764996580032	2.343741085692788	-0.1827676960665852	3.151948766768245	-0.7911075833081662	1.7366624742021315	2.457249852949237	-2.218242847241206	1.4983481381216994	-2.8660685494252736	3.0293147642037273	-1.211420182891248	-0.2744474315646695	-2.3843053368806975	-0.8833561535897917
P2RY14	Coupled	-	-	-	P2Y receptors	classA	-12.032535056493726	-9.521596906842447	-4.753757060355976	-0.3489342035473385	0.5668963139961696	-0.17725187195218026	7.878499847679092	6.323501898769692	4.1492460023273825	-2.0003336004592898	-1.667375293249722	-3.0357402250698655	1.9629925520461957	-4.23949269577382	2.697857498221622	-1.8880549122349133	-4.498504308991729	3.3350894502773825	1.6397888075433256	-0.9834718103715182	-0.9854315270858398	1.2880026383301517	-1.338102270900612	-0.21163322669202095	0.30189971971565965	-3.0308495759443552	0.10992499886979383
PRLHR	-	-	-	-	NA	classA	-14.481585185695204	10.41699845853637	-0.1492584126540968	4.0244106080426505	-3.022966850776314	-5.591442000032636	-4.994024691350242	-3.8926827503361663	-2.2665945351222736	-1.5037688822242268	2.6507145891146093	-0.38552389849145347	0.34444183180297117	1.4986170907468062	0.8017842374740881	3.1027543409832945	-0.808157120183781	-1.2228890005551474	0.3294646240458789	-2.728860932766379	1.930038540975391	-1.535115390033153	2.0206482749723325	2.2907219536447823	-1.049519511169293	-1.0002540934841357	2.703922097563646
PTAFR	Coupled	-	-	-	Platelet-activating factor receptor	classA	-7.290815280033766	24.143484750298832	8.64646824802188	-6.7397823949531706	3.084087508242399	-0.025420737156703562	9.119666292264624	-1.3984988818586226	1.2898543583339055	6.5059184039089795	3.9179927250149027	-2.177980429794552	-1.350768751562277	7.023200577291778	3.4286140725949186	0.24594514744042892	-2.2189867911773056	-0.7846777711554371	3.9310591941722293	3.2332810178982196	1.5170131373455817	-0.007052952701099037	-0.08946010660303741	2.1379027921461247	0.18791035370745898	0.775691246487046	-0.22707133779390454
PTGDR	Not-coupled	-	-	-	Prostanoid receptors	classA	6.818813825632344	17.372066267890833	4.55956011230607	-16.590536801058764	13.742078448363836	-1.3582219135284435	1.6719419777348055	-0.5965694654951332	6.432105887174267	-2.378463530535744	6.299457205362093	-5.2601332576596525	0.21112191309568137	-2.1261874666583607	-2.4269253899156946	0.8968183532825099	-8.339835289498614	-5.5879325352690525	-2.9013776813006595	1.2768349423988166	-4.689326145702068	-0.6177561240244858	1.8151772282531322	0.9390095665546023	-1.1259488512446534	0.6078996494673666	-1.1152512395232452
PTGER1	Coupled	-	Coupled	-	Prostanoid receptors	classA	-5.332101352220468	19.845203829600763	9.184267237644002	-10.081795777705128	4.319673729787884	-2.253792216206098	5.0452072940954835	-2.4712694597038123	6.107311840675277	5.2712253509793365	3.64002578282196	-1.2409711871628342	2.2771728258648998	6.235402112303688	1.6134541045947988	1.4795272198322302	-0.06236786732465014	0.08727372243015909	3.0322360707352973	3.292742904493025	-0.5166048692725731	-1.8827419084855068	-3.324165992683086	1.8511313087959969	-0.6976931663973311	3.0850547955472125	0.36114384992215115
PTGER2	Not-coupled	-	Not-coupled	-	Prostanoid receptors	classA	0.6508193934586312	20.434292632496046	3.006734654715999	-9.133354949437813	2.0037667675121598	-0.9259587239648212	6.090848782704346	2.522209058348754	7.922387642794676	4.071876767064535	-0.3859676384185926	-5.861028266123285	2.227726209274054	4.1438187490752165	1.260313558207118	0.411543448491998	0.43719878801647144	-2.2976454115848886	-2.7722952466742883	1.0507450122259927	1.9000350086618822	1.609657021507563	-0.8857835963439838	-3.5508272041685394	-1.1021655945524798	-0.47340244899015327	0.5821705227600793
PTGER3	Coupled	-	Coupled	-	Prostanoid receptors	classA	23.953275002773363	19.594070242224106	2.437320486741434	-10.314317219892523	1.9692177757285452	2.83124761857254	-2.0886635634639146	-12.284007710828451	8.593640910771581	5.932844237519918	-1.1812023648656347	4.372254879375028	0.9462998935614387	-1.8136718555832982	2.420057948802618	0.9194458312895537	-0.1630494648199316	-0.2539870432411454	1.6023218210492183	5.379373425334943	-0.6474448826388923	-3.634920567302883	-3.643155022892299	5.42480487402807	-0.8930936340359644	-3.8127900754450192	2.760537239535071
PTGER4	Coupled	-	Not-coupled	-	Prostanoid receptors	classA	-8.039193345006192	21.268363357517924	8.03848373300489	-3.819385587307432	4.756460496571726	-5.390015751950258	3.875166546311971	-2.413118003999976	5.353581356818284	3.3238496890286715	-0.5964926489020999	-7.807161635757253	3.411907316532196	-1.7333559796852334	2.4141091599161744	2.8435488961086417	-2.3926576831276134	-2.5869535086937985	-5.652629867956688	1.7764251680055905	0.33094589859160917	4.443787040617611	0.7578784944774108	-2.7774922160416846	-0.019890660517121076	0.0238982208712993	0.14164036401987862
PTGFR	Not-coupled	-	Coupled	-	Prostanoid receptors	classA	2.047969678135774	20.62027841936518	4.847566344023839	-10.758805690123818	8.439736670872778	5.113869828001259	0.36205678968087623	-7.506898942573401	4.793389308639315	3.661867147603724	-1.515974456391496	1.4408869401127655	-1.3462082714388417	4.91473998845558	2.1663136259498827	2.134277691889213	1.03612075381659	-0.5287284038357802	2.772484760165813	3.2442441484992193	-0.5903855924202555	-0.2502964365150641	-1.3467042060379162	-1.481000180747983	-1.581044753374437	0.21626536326623474	-0.5336630101830205
PTGIR	Coupled	-	-	-	Prostanoid receptors	classA	36.8108816205719	15.97616962938838	-11.485303292833583	28.797551379272708	20.132087542317027	-0.42837744870892736	-2.8303239309081945	4.741858859614274	2.328676414895688	2.1031881380531643	-0.4529780444452777	0.39651813673126857	0.16706509318379573	1.6444703200324156	1.1068807597633008	-2.4227535236931197	-0.10424463534027818	0.8338150916253556	-1.1921123886064005	1.486724407146932	0.29971092828430407	0.05548914636682117	0.3921925811828692	2.554398813733856	-1.1876174835302196	-0.4899926850030955	1.7120047421278837
PTH1R	Not-coupled	-	Coupled	-	Parathyroid hormone receptors	classB	31.076713432262355	16.64143571323059	-9.543875862529124	33.270019722292005	19.477725094908596	-3.674149179035928	-2.4621121730440167	1.8383331040264241	2.2608846736716424	1.8975319035390565	-2.470178087059831	1.6401752260739242	0.22838229279567832	1.5634751821808468	0.47080663116916216	-1.0655463561566698	0.7492323968393491	-0.35162659489069353	-0.4228391789262808	1.6868249174051435	0.5388917942314675	-0.3491945693287379	0.5543814448238568	1.245897428603298	-1.597869880517556	0.0001780963899029282	0.9864897419126835
PTH2R	-	-	-	-	NA	classB	9.638022529860631	10.571468360213741	12.496983003997407	5.25345899371693	-4.192346688527427	5.023957410198041	1.0289799378890223	-0.8762476417752507	-0.8162578071932105	-3.4364822933644534	2.4270960333715563	1.1583922028315834	4.913272738100263	-0.2903393942193967	-4.135804281102274	0.7727572751459526	0.29401076877426335	4.033611633027144	-0.6038405550197091	-1.6420300135555188	-1.0502920634622246	1.3450215162671157	0.42287373220115637	-0.866561823859107	-1.0332263931698948	0.6129778679616305	0.5618522801677291
S1PR1	Coupled	-	Coupled	-	Lysophospholipid (S1P) receptors	classA	-4.221051779602436	4.518136826986845	12.776867783432392	2.8965718133471814	2.5137049490098047	6.2524187912586555	-0.02388262077015396	-2.1709319403253864	-3.131178972126123	-2.1252478620403963	-0.7217307360897877	1.0074605279646154	5.025967321800586	-2.900024648922479	-4.588647005688186	0.28182882546682136	0.6857650554255746	2.9403847126869507	-0.7045603924706538	-1.595107372034728	0.5323634058563348	1.2288442841289982	-2.438220317073695	-2.532370946761666	-0.20000648722348927	0.3608803445998414	0.6501017714474702
S1PR2	Not-coupled	-	-	-	Lysophospholipid (S1P) receptors	classA	10.475541885431912	12.29246745802236	9.971825761293044	2.582426851713426	-2.4068487285825215	6.562733575260232	1.25971183489427	-1.5358703422284694	-3.3395443406646947	-4.042042398372541	0.8593534018310627	0.22623006352473937	6.0318290018997684	-1.1913315735626908	-3.9691496416456062	1.877785901767217	1.169394311057036	3.4952753817154316	-1.4330157452379984	-2.1700758574426415	0.47150323396147586	2.0099202738063258	-0.4532454351492918	-1.760218282676472	-0.6701707718346875	-0.2698863280567698	1.5024997903770867
S1PR3	Coupled	-	-	-	Lysophospholipid (S1P) receptors	classA	16.204603898967036	12.373648844762158	7.784447250742357	-2.3568226909167755	3.3273816453196474	11.618418081060508	1.765054772795314	-2.803610959586451	-6.50982778485783	-6.619414358753491	2.201220790473379	1.7691757956901841	1.160282834632349	2.3667730019280695	-4.220742483543074	0.5677122371954597	-1.163928277166985	2.869461756748087	-0.46288595533223825	-3.6064734486317027	-2.418553382097221	-0.9248584096371646	-0.5654191194846346	-1.2104252638226878	-0.5849682642062637	-0.3638825702440734	0.6705941992780092
S1PR5	Coupled	-	-	-	Lysophospholipid (S1P) receptors	classA	-2.0190553461498153	-11.008478945690293	-6.4920331948740015	-1.0968796581852824	-3.6827196693861657	6.303951570371016	-4.363862803174935	4.406129147399331	2.44903752253943	-1.128421389202749	-2.9285783064717226	-0.9971244652131251	5.156716558226191	1.8121758735307372	0.705094608819446	0.6091771571010055	1.8939963607179924	0.11653445035043629	-3.056836296892057	1.4141570990609107	-2.4263026808392385	-0.31353424325844675	0.20232936651097655	1.7391647208648353	-0.5068071613438432	2.1461912979495583	2.333180423760942
SSTR1	Coupled	-	-	-	Somatostatin receptors	classA	-11.664322759914208	-14.007486431200064	-2.9758004341600373	3.209375602120634	-5.021914751038434	-1.2671190580861458	-6.967561821321025	-0.7856252622674856	4.681943840995823	-1.477702225519821	-2.385388122604898	-1.9000514166293692	6.53577159459657	2.3510026103624844	-0.7033637776281625	0.04476570268212683	0.9215034932111329	0.1313788368165322	-0.5048312916128517	2.4455354023001914	-2.83045959387191	0.5553393483412669	0.9785424426628752	0.8676555813854963	-1.8004653950207508	1.209658885509625	0.10369357121424976
SSTR2	Coupled	-	Coupled	-	Somatostatin receptors	classA	6.55432966641614	-9.016554393891752	-6.952885270516432	-2.312828057137893	-0.19689832915585392	6.331225854215981	-8.83135261209283	-3.3718393387214274	2.5832666213998867	-2.1599227949577453	0.18356099582523724	-1.0636430598338327	4.169902467443517	4.886693280380313	0.32190169366700966	-1.08588055119073	1.7703239276961906	2.061621955885748	-0.3387875678682016	1.0879185658686594	-2.804117131338021	-0.3538753537659816	0.09379264241014122	1.1626237484937036	-0.6977848002104036	-0.36824473041758554	0.11801342071288784
SSTR3	Coupled	-	-	-	Somatostatin receptors	classA	-4.7158385070759685	-11.440605641292718	-5.992163207808888	-0.7541806323152055	-1.0368767267594436	6.97229896281424	-2.9506819249397953	1.4328593728650527	-1.4656631797964328	-1.135747662277929	-3.961918210290627	-0.6194743995836808	2.584635343906083	1.4119763755611392	0.0450805839688964	2.9879067242268946	0.44834140506321424	0.3521654399744721	-1.7637041579817596	1.7238373207179551	-3.611667767587261	1.4508243423588587	0.6647105736353751	0.5127785689654887	0.7342174614934155	1.704159309824111	0.38008687459665236
SSTR4	Coupled	-	-	-	Somatostatin receptors	classA	-10.469482018859777	-14.677479366126532	-6.107478328934171	-0.9579629855318463	-1.6659725785957433	5.9880543543382325	-4.527419245575079	0.5586379672292165	-2.274383919957991	-2.049780893817903	-2.7045382289400157	-1.762332595533216	4.8401640488807764	3.8971261601171214	1.000819472529685	1.1462418579704339	-0.3191965809260709	1.2170570262440663	-1.222158638341202	1.8859613476470958	-1.3971134520215505	0.08155614668948917	0.788499130225363	0.20213401309320536	-0.8584598623874091	1.559012397577784	-0.5260489687724753
SSTR5	Coupled	-	-	-	Somatostatin receptors	classA	2.5727370014987523	-5.714425024951449	-0.28353117700984776	6.626100003445816	-5.333644663650835	2.0780329907370887	-0.720614664447183	-7.020816659316037	4.019086184880356	-0.2928119541727159	-2.0232151252703345	1.277087276096389	2.998929243150921	-2.5227238473174523	3.2170704819757603	-1.006511901763223	-4.155684835210191	-1.7894700410491424	3.022031986007687	-4.686563848303387	2.224935194501859	1.225932996082506	-4.201668347080218	0.45588849506867846	-3.753141805865438	1.0311404480178838	0.2702474065827228
TACR1	Not-coupled	-	-	-	Tachykinin receptors	classA	-1.5704712452852372	-9.186888237320048	1.1967879865412745	5.872495447347902	-1.872202089966119	3.2869022933959635	2.1080951391255023	-5.396407047221501	1.1002768870692865	-1.3634501453971528	-1.4482772065875942	0.5299139382561701	1.2937321802800084	-2.1412039998080523	2.1725782481067433	0.4861160853836474	-4.842961395856659	-2.53014459700899	2.3063576413134457	-5.158713851833381	3.092462216285454	2.2836590591717285	-1.7544773409458247	-1.1352188778594052	-4.933315155606738	1.5181303337710363	-0.6933755235142872
TACR2	Not-coupled	-	-	-	Tachykinin receptors	classA	15.5837887868344	-4.1526256303050895	-5.481580415956839	4.181042294357755	-3.795640687508718	6.590673190795629	2.0157451022624655	0.47183105472313847	6.510450592375087	2.0004849702726433	-1.8563457039519946	-1.7574223244085394	5.385947172019147	-6.174063116694307	3.893696202186089	-2.168469005904558	-6.130568666438701	-0.8228518031350105	-0.7965619344717134	-6.085545166331071	2.6595895706954975	0.5231275887421176	-3.4526435556719477	3.220119048544258	-2.301050896852329	-0.9630638860727286	0.10363059655239536
TACR3	Not-coupled	-	-	-	Tachykinin receptors	classA	-12.032603109802052	19.79285723360148	5.457689497067389	-9.559814993340154	9.801359577543801	-3.296915580709695	6.125220975402264	0.3784850509031558	1.58927349666513	5.962873212369707	-1.844856203177779	-8.39296560021304	2.4466689895173452	3.9558141906163926	1.1712324775003953	1.4914722701836058	-4.379972577906522	-1.0829718110805124	-3.635461792680364	0.8550685529777321	1.5899251782567092	4.1407176606968745	1.1612811852105525	-2.494085121128511	-1.174734412948857	-1.2703681516118348	-0.48085385115809837
TBXA2R	Not-coupled	-	-	-	Prostanoid receptors	classA	7.112108648400227	1.142689423158338	-8.932124765066145	-3.2086706363949546	0.777991984076475	10.387876541811096	-0.18338110264964702	-0.4923600747291479	-4.9960452885519695	0.931031577909019	0.2754896236955488	-0.568811805559251	4.704053028485894	3.3715235533065435	-0.43176294637744544	2.5400848911355913	-1.637956140881792	2.8235470858205263	0.23623664851057857	-0.5855612752818493	-2.077294008210678	-2.5718034067868007	-0.9866736729534455	-0.007078186083609538	4.689632103487444	-1.2559572884939454	1.252343390174843
