1.169436447624857545e-01	9.168087410518034608e-02	2.585448714717534895e-03	2.112945849295730927e-01	1.136099677679434372e-01	3.213288845415395167e-01	3.440958754908817752e-01	-4.136366889622893062e-02	-3.296662941999484175e-01	-2.267647755222824968e-01	4.944284287136686828e-02	5.158034387517531488e-02	-2.403158380668895533e-01	-8.800707887165883092e-02	3.230493084009776195e-01	1.698262597846730004e-01	2.234823634164802286e-02	3.497986600596263151e-02	4.938304530496952227e-02	-1.067761685416473982e-01	-2.115751811049325082e-01	-3.072786487414087553e-01
-3.348135267514310565e-01	-1.272746161957251376e-01	7.822556979711627057e-02	7.892194568661103915e-02	1.072557257943904802e-01	5.702845830365046303e-02	1.355434736512086125e-01	2.869952527795154307e-01	-2.355421207583978382e-01	-1.305542448481893936e-01	-1.359580905170842567e-03	6.908113313790517455e-03	-2.628964106166159498e-01	1.780235499657525089e-01	3.054687934284231465e-01	1.243042093556901984e-01	1.416395901574740712e-01	-1.935935088650289071e-01	9.990828055441731276e-03	3.551753626015876492e-02	-6.389885123940980405e-02	-3.441586591831118924e-01
-2.620256841000368486e-01	-7.212985183988970643e-03	-9.230241322408630489e-02	1.687558283571551423e-02	-1.593807506566524423e-01	-1.711954881333502820e-01	-5.035718425047423785e-02	3.594122955751105075e-01	-1.623821269015538480e-03	-2.226182883697245540e-01	2.599483572516126384e-01	-1.444802765648754705e-01	-3.417979873563746773e-01	3.304169998992834700e-01	4.079209425704902747e-01	2.773142441920399548e-02	-1.485471232773894479e-01	2.170060941890323003e-01	-1.099017724801163304e-01	4.822055362030851222e-02	-3.316472007072608641e-02	-2.828153829870074243e-01
1.406544626898821038e-01	-2.307307836749810659e-01	1.795724614533585894e-01	2.043314817315800280e-01	-9.891691784943019983e-02	8.611037720388305117e-02	1.632954961190873910e-01	-9.069815229310658478e-02	-4.391965997753772277e-01	-1.676927298898477359e-01	3.916732577388776781e-01	-1.483698568243714266e-01	5.371243381281248785e-02	-1.773008865259266542e-01	5.838472299473519700e-02	3.591855883799512927e-01	7.575302384276512424e-02	-1.396435687218595609e-02	5.722943549808143932e-02	-2.442835519506176556e-01	-5.234985906018257279e-02	1.368171151006493114e-01
1.754985959004659868e-01	2.324343928187379282e-01	4.694776054094058626e-01	3.106010210069584110e-01	-9.398081264892629849e-02	7.153697522709535905e-02	-2.391981208169408346e-01	-2.162674027653406217e-01	-1.368350573556163796e-02	3.994025291245348885e-01	-1.951625890847053513e-01	4.722455784271492041e-01	-9.763078393141506883e-02	1.022182608439633211e-01	2.400368189472095182e-01	-9.568722247024501193e-02	-4.195484560411180119e-01	1.346278919566721854e-01	1.696717933985603388e-01	-5.074186292822487065e-02	-3.576565432723451815e-02	4.229231455076019885e-02
2.049408985918448889e-01	-2.157538602119773649e-02	4.189438059224172006e-01	2.254619459223798639e-01	-2.946894727156937899e-01	-7.994917292577029266e-02	-2.522190560812395677e-01	-1.105053550819620201e-01	-1.704265077778929771e-01	1.438147285533303288e-01	-2.421047614692304617e-01	4.375577889754558303e-01	-1.268296197310920803e-01	-8.305569893879932372e-03	1.484807636732641926e-02	-3.969786195884986851e-02	-4.322860645721637862e-01	1.536380084654840293e-02	4.901911155670762854e-02	-1.676460441530159551e-01	-1.987056419832967658e-01	-2.091549566330304921e-01
9.093082895619890305e-02	-2.126999732612120941e-01	5.046491874661829247e-01	6.869649906023964081e-02	-2.152365695133663659e-01	-8.755762544330915331e-02	-6.090546988957889346e-02	-1.430628196101164928e-01	3.639535432793721825e-01	-2.796232907056924732e-01	-1.092166310391087525e-01	5.134758910482355443e-01	1.290993429670242790e-02	-3.045729947265450321e-01	2.869757036056848065e-01	-1.850338109620357774e-01	-1.125776379263545707e-01	1.487532093826904878e-01	5.561232479654353023e-02	1.676009712102738136e-01	-1.990869950450679243e-02	5.795559983990290764e-03
5.694658260174335906e-02	3.346667647696654341e-02	3.369583028132813185e-01	-1.416069076542962879e-01	-1.480250013365018158e-01	-1.119812531843704800e-01	3.580008048841366586e-01	-3.150577986315589163e-01	2.650081018921235376e-01	-2.068841251265461367e-01	-2.277618560632254097e-01	3.472078877525633378e-01	2.306966309713709140e-01	-1.391307461419814817e-01	2.412999372457442782e-01	-4.481320232007628135e-02	3.377172416418218748e-01	2.674019115734654894e-01	-4.112436905507305118e-01	1.176722185968122197e-01	-8.057395954340026978e-02	-7.717270272877464754e-02
-5.596917679467973070e-03	2.364122355797675934e-01	2.678305657489944980e-01	2.246698358501236226e-01	-3.129740893939642749e-02	-1.129444423540733496e-02	3.686130827374732299e-01	4.906480362750387930e-02	-8.390950360580871903e-02	-1.588709161145782645e-01	-3.214984165179613496e-01	-9.350239822392653055e-02	-2.752042128153115441e-01	1.194715895304063885e-01	-5.672303219907977312e-02	-4.196971782359070618e-03	3.988007544803299775e-01	-1.559652690451576729e-02	3.729206981755440325e-02	1.390487530614553657e-02	1.148284639123523659e-02	-2.107141847594755021e-02
-2.946084396289506135e-01	-2.924704487095864391e-01	3.371517456747737118e-02	-1.746152895142033534e-01	4.734562619136189338e-02	-9.337009984917396532e-02	2.579120952692210561e-03	-1.996234173706539217e-01	-5.136287630786618048e-03	1.123960076664211188e-01	1.855545372292815576e-01	-2.326303200537798710e-01	-5.109651589481457867e-02	-2.156396867535001136e-02	2.943956914517397577e-02	-6.378867034155125126e-02	-1.729851575062679447e-01	1.800580720317964123e-01	1.221854591228250207e-02	-2.516944980509741026e-01	-5.674935507352618647e-02	-1.049354645122531904e-01
-2.072735163970478856e-01	2.159973586717641170e-01	1.608868528636906714e-01	-2.081116757653629079e-01	2.986273534801612839e-01	2.586014756335493492e-01	2.103250166893778916e-01	-1.069709660730844836e-01	3.062403417862699304e-02	-9.800548660256040712e-02	-2.060863548962671432e-01	-4.019692577283174445e-02	-3.145207922368071785e-01	-3.147946642876239265e-01	-1.195440873427900813e-01	-2.017268183009809090e-01	6.594887994887266291e-02	4.566958287256396576e-02	1.249776891544316371e-01	-1.405624545137520720e-01	-3.923420161317647120e-02	-5.082818200635534633e-02
-3.260741227688579956e-03	2.127683573045798804e-01	1.769997534794953351e-02	1.801727183948783617e-01	3.615153015975068884e-01	5.206670696750853589e-01	-1.155190342283464455e-01	-6.096480262174169829e-02	-6.003867699886423354e-02	-2.608549199589876855e-01	1.053695096625962835e-01	4.199734404816416605e-02	3.313760295753315765e-01	2.539443219886114989e-01	-6.114485590692163297e-02	4.715727901692669949e-02	3.081708965795005306e-01	-4.771364334836518395e-02	5.685049106619239900e-01	3.881900957996807511e-02	3.323460430578108193e-02	1.611082588339359661e-03
-8.332222975055486591e-02	1.738047683434817414e-01	-3.259408943529506358e-02	-1.319904463611920042e-01	1.126619387950426043e-01	2.526231914662352418e-01	-1.219037875650316183e-01	1.775653970386782132e-01	2.427556689395128919e-01	-1.358307740063081914e-01	1.713335328550818354e-02	3.298425874876607655e-01	2.696095568961979771e-01	-2.485685876396691307e-02	-1.250672075080273837e-01	4.778332085951818298e-02	3.405991049237888646e-01	-3.694232815165453959e-02	3.151912901572142545e-01	2.124164064369972894e-03	-8.546697692748064790e-02	-2.018907359384551903e-01
-2.186087401772869587e-01	-4.787905188171071025e-02	-5.306341054346393193e-02	-1.371483949681296943e-01	-6.268769812480511246e-03	-7.489070223958278760e-02	-3.412278809385104195e-01	-1.060168493489977576e-01	8.233151637766991660e-02	1.570408338888944766e-01	-4.235240340145427634e-02	-1.682975518953713431e-02	-1.069286449829452285e-01	3.249321327808857296e-02	-1.659611744810934875e-01	-1.194010075430938927e-01	-6.632332256204620524e-02	6.660219815655168962e-02	5.340160879243442682e-02	1.928346570936969456e-02	-1.246353921866049652e-01	-3.015073762525965484e-01
-2.434084025133798068e-02	1.839874496171831075e-01	-1.004607152578257667e-01	-8.011892197374739788e-02	-1.150119366410000538e-01	-7.237187462610594757e-02	-2.707423584020536289e-01	-2.482267285414818669e-01	-1.422753632278885710e-02	6.880748945081453793e-02	-1.125909138377459567e-01	-1.796730970453011000e-01	-1.037602898378590238e-01	6.472673772387207980e-02	-5.769534317487169661e-02	7.086148411692665128e-02	7.024582193829961851e-02	-9.350778094896201875e-02	1.469680205255542993e-01	-2.094774469845757381e-02	-4.885594026986911365e-02	-7.316989739526064129e-02
-1.886058288785626424e-01	-2.910908523380907886e-01	-7.453979984080112697e-02	-1.668360306018769890e-01	-8.710930901678008709e-03	4.756874133724704745e-02	-6.326142366866978339e-02	7.998144103927944115e-02	2.288350516432962611e-01	5.947715603311528459e-02	-1.872361726365289469e-01	-5.328955696093572864e-02	-1.880462368869665890e-01	-2.497081676053415911e-01	-1.658020391956232520e-01	1.459606350976125066e-01	-5.320590817691506907e-02	8.140696968091153118e-02	2.488030252355523664e-01	-3.873362413767630213e-02	-5.539426685187631531e-03	1.777839225227794903e-02
3.193696404007562717e-01	-3.801152250076519357e-01	-1.921385565248404093e-01	-1.635780259968988293e-01	3.256727424606912780e-01	-1.879029060641765614e-01	3.992204262915054480e-01	1.523917749238057617e-01	2.644317000731679079e-01	-2.783949070691345631e-02	-4.399446344741145959e-02	-1.664977345609610637e-01	-1.490542191679307682e-01	1.081555906293542868e-01	1.998996008898147048e-01	-9.124994037979035355e-02	-3.276711951439822273e-02	5.039649386023599409e-02	1.994966361754739459e-02	1.552024137655020064e-01	-3.071875560481600598e-01	-2.206540063148751049e-02
-1.098451090956498316e-01	2.904074993850461195e-01	1.591917402032782258e-01	-1.316910597378617154e-01	9.497069334809812857e-02	2.463299525589245365e-01	1.580807384813419370e-01	9.500988018557494919e-02	-1.897587618844230606e-01	-1.061343883403163407e-01	3.024134190733380745e-01	5.094488647015164851e-02	-8.777324896709892688e-02	2.206688310387370719e-02	-2.189109166837998055e-01	1.847891705272675100e-02	-9.801657529717047734e-02	4.077709772633661411e-02	-1.159991888969659907e-01	8.560740945592978934e-02	1.459917378167969182e-01	9.594959205260862600e-02
-3.614713177842798220e-01	1.767646373397317727e-01	7.270235103888768313e-02	-6.754372627043093991e-02	3.608081230025517866e-02	-2.185662453849365749e-01	-6.395919579015532652e-02	-7.071984966629152325e-02	-1.043672339233329138e-01	-9.498567327438645069e-02	3.291796923457063900e-02	-1.752266820038553274e-01	-2.047807678632240433e-02	-1.255489190816104217e-01	-1.479233478876307017e-01	1.030444812802478599e-01	-2.195675798771896947e-01	7.697582502714295227e-02	2.082228566638917866e-01	-1.579508314274735703e-01	-7.044231514892435042e-02	-5.804146468747264920e-02
-2.512798523988913901e-01	-3.219808367140198496e-02	-2.237813963184271879e-02	-1.817672744846373090e-01	-5.890612289429116022e-03	-1.248889710583392793e-01	-1.998493427636028816e-02	-3.070465068250659568e-01	6.032665348881154077e-02	-6.911688263402335219e-02	3.727057978058640614e-02	-2.403451675590161651e-01	-7.151684660853009634e-02	-8.183857859474773233e-02	7.309572049563609064e-02	1.589828940147730019e-01	-3.089753870525779531e-02	-2.275302615419982216e-02	1.234117284599876574e-01	-1.460960980451410096e-01	2.797787805845977638e-02	-1.203037264341237991e-02
1.030090073073351847e-01	3.397936551655753590e-01	4.775113534931267889e-01	1.060078437689602193e-01	-9.311052654560582342e-02	1.506005816664846529e-02	-3.753358984572426060e-02	5.252867403076152270e-02	-3.984616094428163752e-02	-2.900658986354113789e-01	9.452265669211872001e-02	2.576231354105617544e-01	1.131607905777525236e-01	3.626300026982680058e-01	-6.574748762872444086e-02	-1.762698925472903633e-01	-1.678474723150462922e-01	-1.176413805979810434e-01	-2.911927605898918629e-03	-6.912562663895861770e-02	-1.510139570640865458e-01	-6.600045088882126876e-02
2.611510861391610483e-01	-1.269474482392597414e-01	3.404883813963845429e-01	-3.642662070004294012e-02	1.634185441506641120e-02	4.793361337550893775e-01	2.011550705899501912e-01	2.324025978117202906e-01	3.917040262034611198e-01	2.795846668170261923e-02	-1.692677392299939687e-01	-8.893599316423952961e-02	-2.387987556325528102e-02	3.358640739969248612e-01	2.253790304996179938e-01	2.249598071205756097e-02	-2.985868350607726596e-01	-2.422289458016833041e-01	1.219054765738540741e-01	-7.251690353626400604e-03	2.190553079677797323e-04	4.220360954226688027e-02
4.679636204621932527e-01	3.054728885065229882e-01	2.813920983350270966e-01	-2.955915145049771708e-01	-2.296329497524314256e-01	2.721266918412885705e-01	1.635943490806682776e-01	-4.468210074194668008e-02	1.770774682165381086e-01	-1.724585655531704065e-01	3.196673983039240163e-02	-2.447812713258014639e-01	3.295220782444536201e-01	2.863639636531312149e-02	-1.691763656635575375e-01	-7.011550308970311562e-02	-1.117311037843850136e-01	-3.129476436148324048e-01	-3.832703657877079700e-02	5.611865053270707199e-02	-5.791372075144374937e-02	1.800943115469846867e-01
2.330610113575014020e-01	-2.748037863644913203e-01	3.074121373348538966e-01	-6.061791489055198823e-02	-1.212471013838434253e-01	3.145420164704391119e-01	5.479371737685811983e-02	3.348810342143367369e-01	2.295621410348951952e-01	1.343510282938854550e-01	2.243719893444821589e-01	-1.044926241328649752e-01	4.187449520171758754e-01	1.998057994585157593e-01	2.170313928002436457e-02	-3.186458388080562476e-02	-2.669485254405143948e-01	-1.534606520264065743e-01	-3.617648267985539706e-02	-1.277267680339278129e-02	-5.522513729047743777e-03	1.714462434733661222e-01
4.466239378729202070e-01	2.655517244609539307e-01	-3.775956439666641740e-01	-1.718661361868461801e-01	-2.018948140958836679e-01	3.741621733720581489e-01	-1.399383628043858740e-01	3.760284560375158625e-02	-1.880257658663933573e-02	4.610556783687157489e-01	-5.179425753083458650e-01	-3.820702173499586074e-01	-4.973343264848192717e-03	-1.992006392808007287e-01	2.401180129304728572e-01	1.342969235874695577e-01	7.412076241774886998e-02	-1.767641198854292828e-01	2.982424155998413678e-02	-6.213761875451094541e-02	5.785584391008001537e-02	5.107785214559085879e-02
6.982665262213087753e-02	4.956597293373158908e-01	-2.709972697747357051e-01	1.610440657332533332e-01	-1.057971207981163592e-01	1.883755030095041194e-01	-2.075717131514639713e-01	2.329684963534154885e-01	-1.985004883444281276e-01	-7.444072023181681763e-02	-1.065269638495596471e-01	1.131123783012798339e-01	-2.144537213359722361e-01	-7.372819976085760729e-02	1.527593136474879876e-01	6.290198112276794429e-02	1.930648395145927732e-01	-6.779131105098164245e-02	8.160810580319738383e-02	-1.915846935287405794e-01	1.732462505402652952e-02	2.847413575080393403e-02
1.977038939489610958e-01	-3.560962776760630555e-01	-8.257526183755838078e-02	-2.716300526508703683e-01	3.252820581145491330e-01	-2.567789541841958845e-01	1.882513779075756233e-02	3.828653553209275806e-01	4.573568239634503291e-02	4.020615810903583887e-01	-1.109069443039486513e-01	-1.711720655746386266e-01	3.049528237021141841e-01	-1.225560698419929651e-01	1.246140610397593607e-01	-1.810999968610885469e-01	1.257958039231929503e-01	-4.680813451891276122e-02	4.129959685370803713e-01	5.820887634349474274e-03	-2.561320821935171854e-01	1.457773847125141686e-01
1.329942104208543530e-01	-7.813539533804324255e-02	-5.818771478741882608e-02	-2.911992395693087654e-01	2.495063387134120181e-01	-4.880078374983893297e-01	1.614178388324294111e-01	4.446185967698717545e-01	9.390296754339384766e-02	3.377405312470642684e-01	1.742414791861530282e-02	-2.445769543176083971e-01	1.696868327544705235e-01	-2.276394356573475941e-01	2.356666751170036211e-02	-1.753415437253917908e-01	-4.777650191741341507e-02	-1.805939839534441704e-01	1.389138861278161052e-01	6.058733623071871355e-02	-3.717469121018346923e-01	-1.150969135122321789e-02
-2.601463044766640365e-01	-5.154110360159361304e-02	1.038851643319743528e-01	-2.901439495597652463e-01	-4.882803768670780642e-02	-2.065804693670744152e-01	-4.542089947242994308e-01	-2.938413659876695228e-01	-1.201744385514468272e-01	-5.119926484537213468e-02	-4.917364935191268632e-02	-1.194227984157076317e-01	-1.377847760983872960e-01	-3.544119001768766819e-01	-2.204491322993840374e-01	3.704204862306412216e-02	-8.312265161536004643e-02	-1.521877914301899854e-03	9.811089082642911186e-02	-1.269273423510614007e-01	-1.252195954014919954e-01	-7.548852974277593664e-02
-2.038532907621243562e-01	5.317391666309619763e-02	6.200782815951411120e-02	-2.122610492163231333e-01	1.112256294140255286e-01	1.463883381445816451e-02	-4.730178215783357315e-02	-1.103928042368354095e-01	2.175280416604864764e-01	-1.628978227343904073e-01	-2.449937394496605192e-01	-1.714107646991403500e-01	-1.609363247170719768e-01	-1.288199814366072504e-01	-1.962405459207845204e-01	-1.897434726130950086e-02	1.220869877498020548e-02	6.134075955804513258e-02	2.601724777969964819e-01	-1.666859626359286084e-01	-1.103147469665395446e-02	-3.602999892616025324e-02
-2.297198034721857629e-01	1.998833863385671705e-01	3.618879935419435506e-02	-3.684346821813394568e-01	3.949656569897705416e-02	-8.334948186521155822e-02	-3.966246149575429203e-01	-3.149454508889017457e-01	-6.243219943308325054e-02	-1.952935622975316976e-01	7.667571057171727877e-02	-4.994055187974322935e-02	-8.031254743069358992e-02	-2.292284755138875030e-01	-2.930628193436287665e-01	1.657457390837332664e-02	-1.928625739866798861e-02	-1.098935029594824420e-01	-7.217023564384154877e-02	-8.473982401891833049e-02	-1.308932646453986326e-01	-1.043588899080065135e-01
-4.487693429384823629e-01	3.157738916802913659e-02	-6.878105347219633237e-02	2.533379778107064384e-01	1.394630982643232375e-01	-8.970532901457199670e-02	2.009647464830193464e-01	5.017577983612501319e-02	3.135652371115290604e-01	-1.665374238125377493e-01	2.617530082450212348e-01	-6.005077045401510660e-02	2.261637626790910516e-02	1.938670873501913416e-01	5.654677097200683233e-02	2.071098058344766069e-01	-1.299002199300755278e-01	-5.136144887972900891e-02	-1.301605208982191397e-01	-1.295697780127441079e-01	1.492663994969062324e-01	1.398368290718925711e-01
-3.740479895604754690e-01	-3.793813098041218246e-01	-1.885392436402819893e-01	1.173644098161904376e-01	6.691593740055780393e-02	-5.637503827454959371e-02	-1.758574235718866341e-01	-1.201516189092286663e-01	2.603443659989768677e-01	-2.525629605433139524e-01	1.709195969594274056e-01	-1.444372418080767662e-01	8.159089969063091502e-03	-1.191770839683716915e-01	1.226602767020895240e-01	5.380885760767883941e-02	-1.868122044747414778e-01	-8.380803721905800974e-02	-4.934567573234574511e-02	-6.559472445406418217e-02	9.385254072074689091e-02	7.656230980308488532e-02
1.485580876951883289e-01	-3.428378416322318545e-01	1.333729897754523108e-01	1.811232423851525386e-01	-1.372851160470205389e-01	1.224741598418296745e-01	2.764811032837505289e-01	7.949762115207871516e-02	-1.868186320085097885e-01	-4.484176528394989009e-02	-5.175878724759837984e-02	-1.786835547670822533e-01	-1.674483980660357030e-01	-4.946770515088569527e-03	-1.684038647206935191e-01	1.862479256581577591e-01	3.938998643092543883e-01	9.817285807647875909e-03	-1.196835464128433307e-01	-2.362424472515704116e-02	4.903982786632392343e-03	1.849952427071730257e-02
1.614993980032130572e-01	-1.646247182749374649e-01	3.102313589823804119e-01	-1.543033110112085604e-01	-3.823959023399632895e-01	-1.090945835225547583e-01	-1.865681089835482045e-02	-1.262114353500600437e-02	-5.012313321644035896e-02	2.897530426300574599e-02	2.220878803605942919e-01	-2.019721675942508232e-01	2.815431368063006090e-01	7.404397792334202477e-02	-6.922110435680071429e-03	2.318132232259906278e-03	-2.063461220510176553e-01	-2.067687160459956708e-01	-1.373564491885619632e-01	-7.925826670517827077e-02	-3.286121578781219660e-02	8.969830458672004014e-02
2.146618475488735467e-01	-1.823360250733517818e-01	1.600350874923151812e-01	8.761028370008558386e-02	-1.284981677990774673e-01	1.235097294828390868e-01	1.019276984847812123e-01	-1.967688852130539123e-02	-1.857836873304898884e-01	-2.001646389648595592e-01	-3.588224316972534189e-01	-1.551694539844001575e-01	-8.463818085124454049e-02	-1.629012744119333334e-01	-3.644697777049014653e-01	-2.425568179861968543e-01	4.555062304266326301e-01	6.787952634010237414e-03	-8.763814308934998742e-02	2.225013753527141647e-01	-1.359901939939219262e-01	-3.075763931963444997e-01
5.910401905909755393e-02	3.204530707641479181e-01	-1.370900051385531837e-01	-2.081162952569467484e-01	-1.158404293724151803e-03	1.059460980395008772e-01	5.911866409839675214e-03	-1.800150888609521882e-01	3.802982175373177953e-01	-1.518600979994512989e-01	-1.200250770245341464e-01	-1.720984249056256021e-01	-9.723357038361264693e-02	3.371990124326594840e-01	-1.242472365827995279e-01	-1.026580609519092968e-01	9.232095557074505854e-02	2.426572868910271685e-01	-2.195809780973927150e-01	2.191776853741516651e-01	8.652426876662787369e-02	-2.616945837742403261e-02
3.866100814979593625e-02	1.073512850822331138e-01	-3.178457316738922955e-01	2.700216048939819147e-01	9.659474100803648600e-02	2.150097699225405612e-01	-3.678944318046376005e-01	-3.871113840618687907e-01	1.948179987006569136e-01	-6.387872222666809985e-02	-7.687653051083017178e-03	-1.720936877403129728e-01	-1.745120287487695321e-01	-5.749232102666880159e-03	1.372742975716713665e-01	-5.063640828945308314e-01	9.444891073816846783e-02	-1.395062345829132799e-01	-2.139980737798375110e-01	6.440846645989986574e-02	1.814368532989096006e-01	4.765454821439034649e-01
-7.921379846058398955e-02	-1.399884439431234133e-02	-2.139849008473870828e-01	2.228191372715392915e-01	-2.658273760289521156e-02	-3.709852448792091972e-02	-1.282530552186595674e-01	-1.822135009386990356e-01	3.570438131745971577e-01	-4.080662327279790391e-01	2.592890908878432432e-01	-1.102735491444456623e-01	-2.367385896112957633e-01	-1.303311559372678785e-01	-9.843715768923811185e-03	-3.583723080097675484e-01	-8.942880960578428184e-02	2.271039185667159954e-01	1.722875511371482482e-01	9.457597661399871902e-02	1.499122238211604841e-01	4.362608495368227035e-01
-2.616095402716204776e-01	-4.931488480795604978e-01	-2.046610985521557236e-01	2.539956429568019369e-01	1.155474651821995248e-02	-6.911998147560827199e-02	3.913037885418639283e-01	1.894462450324894687e-01	-4.328657212960351081e-02	-7.401138757589924289e-02	-2.303945969579148101e-01	2.010650349366742695e-01	2.016671753063512679e-02	1.192593080841241465e-01	-1.026718758312084312e-01	-1.229763554890662275e-01	-2.053929200833945201e-01	-4.345611452922185092e-03	1.071905088401422235e-01	-1.695218153377320291e-01	1.277801111877373830e-01	2.756814362319277567e-01
-2.416862223020266875e-01	-6.304826402968242982e-02	-1.906512862821059806e-01	1.929413726294500475e-01	1.255713423471317980e-01	2.786217386387915620e-02	2.156677522724906593e-01	-1.876357843802953507e-01	-3.150178288349268496e-01	-2.432536739773305534e-02	-2.341292045148894441e-01	3.074512884958491843e-01	-7.502325944603525920e-02	1.673689192341822896e-01	-7.247318981680161976e-02	-1.516065454364028675e-01	-2.736547657720325710e-01	-1.166378223809326348e-01	1.141749565009478884e-01	-1.600946417520731357e-01	3.402244026210177880e-02	1.296862014232958160e-01
-1.472433341894542613e-01	-2.628134891040004861e-01	-2.282922960756714192e-01	-1.924729464869197881e-01	-6.777577039545490400e-02	9.601920429917851219e-02	-2.790701611116225278e-01	1.920809812277899375e-01	-4.313778774191969756e-01	6.751282891390816832e-02	1.519207490355622796e-02	1.448014325787015943e-01	5.801875648704279270e-02	9.676570985030365224e-02	-2.620180448446511323e-01	-1.339554976964557886e-01	-2.919213794790135874e-01	1.662347955613336647e-01	1.357341864031199330e-01	1.943709490990060407e-01	1.239864832608179590e-01	1.316843845070706509e-01
2.448219411441089066e-01	1.919422436454550907e-01	-1.119958655660207164e-01	-7.958500517198621727e-02	3.212833758013507457e-01	-2.825476915518875809e-01	6.753871635784233773e-02	-7.249491325181009471e-02	-8.610458323823606819e-02	-2.095366398522700846e-02	1.002608300242533723e-01	1.859690993292306416e-01	-2.477319113703650433e-01	2.647887428834792001e-01	5.174818526098434734e-02	1.070346907170459244e-01	4.703913919330197924e-02	-2.785525131582423930e-02	-1.378595216509131416e-01	1.935897084232424820e-02	-2.946607755065166478e-01	1.757885097348405312e-01
-4.032512467987193205e-01	-2.183443752995481435e-01	5.266560963122993849e-02	-5.072298048861503261e-01	1.390565481807744808e-01	1.107148222077831423e-01	2.124783963418683808e-01	6.813956168900615895e-02	-4.477664455433771895e-01	-4.730424400391457923e-02	-2.489510675253667760e-01	2.139106604665163558e-01	-3.854105008448615449e-02	-5.795772117020130121e-02	-2.504916173053203798e-01	-8.680873302218627963e-02	-3.531578261733401836e-01	-7.296233481818048539e-02	-4.392324752690528189e-02	5.968260392686681737e-01	1.366311361705532246e-01	-5.579408296176153158e-03
2.678762251818219142e-01	1.252644718922578393e-01	-1.631996095205213437e-01	2.300068997493089767e-02	2.716091205267816555e-01	-2.993437950696203886e-01	-5.397664497479961326e-02	6.919860160191011744e-02	-1.098768251459053547e-01	-1.007978268525712429e-01	1.138773945120627462e-01	1.871558758864504401e-01	-8.410594808189403304e-02	1.417462870150540122e-01	-7.688805469399587200e-02	1.961620722478455703e-01	-1.866692048471585430e-02	2.013959127905660257e-02	-3.093807445678009582e-01	2.785343690566277272e-02	-3.357568088218433333e-01	1.767635564800095205e-01
1.986298609740137222e-01	1.902640109073955865e-01	-1.507212024824824692e-01	5.208030568637605356e-02	2.950654078894742738e-01	-3.562472306571436431e-01	-2.028211900509504229e-01	9.570732701867869230e-02	-7.439290646353176328e-02	-7.845037144342346946e-02	6.304740292986785177e-02	3.314052875602649384e-02	5.162556262046168187e-02	2.203316698589749822e-01	-1.932552871500126390e-01	4.396376843151692665e-02	-1.052011854422126372e-02	-6.151431581479247651e-02	-2.385482416267694084e-01	1.546570642287821429e-01	-3.126548446204095444e-01	1.800541970533492131e-01
5.132855790147037300e-01	-2.617011198499269442e-01	-3.377018246442943794e-01	1.642390417848651196e-01	1.627709042857450605e-01	-1.322720064085416980e-01	-2.233842006195985164e-01	-2.227631718612275158e-01	-8.866840547706299203e-02	-2.960473731225775063e-01	6.721377999469213549e-02	7.531993716348353574e-02	-1.014962359038926176e-01	-7.969495990380442985e-02	-3.409351546155721911e-03	3.287603310083498376e-01	-7.981873128090372083e-02	1.527494123577402274e-01	-1.133657498701783756e-01	1.392253467049583693e-01	-3.229797044991435384e-01	7.908963356930653887e-02
-1.595722144531185882e-01	-3.755381854968078414e-01	-8.161078119076894954e-02	1.664860775007111215e-01	1.245293677072408234e-01	2.618345254654909082e-01	-5.012892437645162236e-01	2.747935448074779741e-01	2.360818430535926993e-01	-1.034860845256914824e-01	9.340151230226022283e-02	6.644818826133022660e-02	-1.518404471824915114e-01	5.147337504045240708e-01	-3.058599086744192563e-01	1.236420765102490271e-01	2.618605609075895790e-01	-7.810710851870772409e-02	9.886615490553084251e-02	1.567948108573388732e-01	4.321799148789327166e-02	-1.665147935418471725e-01
1.881694387754525022e-01	-2.082213819434451663e-01	-4.715828300517948546e-01	-2.689982887228422603e-01	-1.660592757681792486e-01	3.192598044435141502e-01	-4.325448028884263940e-01	3.556060798245779808e-01	-1.563459308599366160e-01	1.993606259689793547e-01	-1.321209863996832823e-01	4.482669540814219755e-01	1.247150484423501654e-01	2.938285480868064181e-01	7.266808620823014819e-02	-3.072044925017037298e-01	2.532568826811801288e-01	2.644045062016139869e-01	-4.303000981210255982e-01	-5.397152006850733930e-01	2.466477837325827677e-02	7.193894612563030144e-02
-3.292821558749060573e-01	-1.780617629975433658e-01	-4.013428575561499290e-02	1.933935326641497976e-01	7.033908280402823010e-02	-8.445292971583054364e-02	2.758491900085766613e-01	-1.454257919865246385e-01	2.972106940610471093e-01	-1.221684622175169266e-01	7.922552904485624659e-02	-1.118629922043326702e-01	4.328643343502799889e-02	1.190273512379086684e-01	1.243096862141655351e-01	-8.002731522348896509e-02	-6.474291490766993784e-02	3.312285104866118796e-02	-1.149873802594100908e-01	-5.689749781767311498e-02	1.084066621000721875e-01	1.089302138882689529e-02
8.292644471319665644e-02	-4.588272008567216287e-01	-3.431357338902462084e-01	-2.062851469025536455e-01	3.728006188064734994e-02	4.862468865346422642e-01	3.857823791500102351e-01	-4.644486559276145288e-02	-4.803040640388093196e-01	1.301976746538402625e-02	1.655055878223226640e-01	3.372225443183314575e-02	1.900601742463073340e-01	-5.556053996052611604e-02	-2.298551017060727619e-01	-1.094757751753867719e-01	-2.283277871288328376e-01	-2.538950969833201829e-02	-2.068447620624977445e-01	3.119989462710570094e-01	1.104314737571697180e-01	-2.681122207124625456e-01
-1.515403221870061934e-01	-6.318361115497990455e-02	-1.072340137349631628e-01	3.591284822877319205e-01	2.397934358842460090e-02	-6.781013359177741340e-02	2.325429953347932788e-01	3.281228209168383925e-02	2.283564310741132419e-01	-5.567369897359256137e-02	-4.387809737562013979e-01	-1.529449050546732337e-02	3.893421267133468366e-01	-1.136045396724685019e-01	-3.100118408371255185e-01	-1.225927647456243053e-01	8.326047157226100504e-02	-1.162345818838337597e-01	-1.713486649566776654e-01	-1.770250649271264687e-01	-6.756818886611820618e-02	-4.991955210229433171e-02
-1.943973894560665772e-01	-1.215566284493423133e-01	-1.696373287893069848e-01	2.883851697565883443e-01	-1.538585703519713410e-01	-2.550422405097245715e-01	1.612520050364328050e-01	5.379452215626628897e-02	2.396194315804596464e-01	-1.666947437814981017e-02	-3.786112249276294972e-01	-1.832169188747401201e-01	2.266043970045591993e-01	4.144562789203969921e-01	-2.584668386580863952e-01	1.533547925232710274e-02	-3.319795527281855282e-03	-4.338325194469902502e-02	-1.206561488191255777e-01	-2.022477578648909993e-02	1.199426413863322397e-02	-1.752257014818703884e-01
-1.654966952908423217e-01	2.245845910603697648e-01	-1.632022943145716998e-01	6.188584373544115946e-01	1.145694337967109733e-02	-1.495875148791723785e-01	1.347270444404201906e-01	-1.017042239760095473e-01	-4.504938645098185979e-02	-1.342764784226237740e-01	-2.545845326382773499e-01	-4.727700555126330799e-03	3.686731124402188864e-01	-1.386935399526021129e-01	-2.915718175555940817e-01	-4.519597386190802452e-02	-1.007208599042527103e-01	-1.339943419336875885e-01	-1.568386475501051536e-01	-2.197481054195813133e-01	-8.924962174876177601e-02	-3.754807122098197808e-02
1.924221955919461768e-01	5.541305175737538252e-02	-1.207539045695489588e-01	1.059898354762685291e-01	-1.234498105893944847e-01	3.712232767680029299e-01	3.627161516554724963e-02	3.729118702709845468e-01	5.186415214301791643e-01	1.365752542629637967e-01	2.272157117762811651e-02	5.486246429732260371e-02	-5.264686335904050773e-01	-3.542056676793388648e-01	1.609198246014050260e-01	5.362588003946096998e-02	-1.757727479247950253e-01	-2.116305064744052333e-01	3.305356675369806266e-03	-1.825585274705789768e-02	3.761342678617197576e-03	-2.471045617360854985e-01
4.327553646388203612e-01	4.622407572155448618e-02	4.191367216171136556e-02	-7.366576708120722849e-02	3.507586244913341589e-01	-4.201837945163997556e-01	3.368022718520290865e-02	1.034629146081258028e-01	1.256982615234980005e-01	2.448023274123140979e-03	1.461304449845975649e-02	4.360992299757875806e-02	1.235029092185653196e-02	-3.363820990479218787e-01	-3.843332280113839761e-02	2.534701733160622111e-02	1.535843658629401469e-02	-5.122419994370410595e-02	-9.959647383528830167e-02	-8.268029282654743017e-02	5.131486632663813108e-01	-2.093487345420242396e-01
4.611575487643114757e-01	8.321452098270737396e-02	1.544559279294007437e-01	1.322770520309899875e-02	4.699147095665393015e-01	-3.585536391138335333e-01	-8.581824538517970891e-02	-7.792001118194938347e-02	-1.145034625727486821e-01	-3.303948046909623015e-02	6.600458398717516662e-02	5.741948185184318765e-02	6.022098736180005185e-02	1.208116659388939335e-01	-1.958979544277434856e-02	3.561147957084972310e-02	-4.243098586256878468e-02	-5.566849801843094976e-03	-1.566232027005537084e-02	-1.369367977404459258e-01	5.569197358524973218e-01	-1.962552534063256582e-01
4.831468400381538908e-01	-5.078109922478135640e-02	1.065697685764952773e-01	5.540641278702290208e-03	4.783799780399219381e-01	-2.472281304386368117e-01	-2.423226706750004900e-01	8.759130243088335266e-02	-5.558012716897001160e-02	5.816625890439173358e-02	2.264286223442069090e-02	1.483310730490494944e-01	1.244505313822810988e-01	-8.171530903344655095e-02	-5.574544313285017400e-02	-1.993926247884109798e-02	3.369372263020584818e-02	-5.995706568283896282e-02	-2.388775137492179026e-02	-8.630598084036313067e-02	5.650271699637182676e-01	-1.438579862280281174e-01
5.122011321770483239e-01	-1.149404249637619307e-01	9.874071861860822530e-02	-5.376737275575410591e-02	4.109818478681752096e-01	-3.132125168776267454e-01	3.482392573140084824e-02	-3.304009289783083059e-02	-2.451310620511385277e-02	-5.299551106221284114e-02	-3.319655958760119822e-03	-7.849638891849314293e-02	-1.965662489950342415e-02	8.269240349007418722e-02	6.503489370831899707e-02	2.572886001572664144e-02	-4.970921266425051832e-02	8.932324175298702804e-03	8.323842488267094164e-02	-1.360685030979809362e-01	5.567093453115682378e-01	-2.570510264581307713e-01
-1.154760672373330854e-01	1.103196196448548022e-01	-2.120429724831797702e-01	2.343689001192761079e-01	-9.815901748089621293e-02	-1.583738624763303959e-01	7.013418119214090418e-02	-3.561260216335558337e-01	1.337261464788980919e-02	3.954907379670813961e-01	-2.071451806866088374e-02	-1.055589812228281965e-01	8.072622800755450967e-02	1.560321522449670817e-01	-6.982151012069733043e-02	1.898821738717082486e-03	-1.227339370747597275e-01	-6.165965563498883306e-02	-3.157280545027696395e-02	-1.299548881990448546e-01	-1.061691644085728525e-01	-3.072282602227240922e-01
9.045191922106732285e-03	1.371381926043319377e-01	-2.634609729948114709e-01	2.783137263394422356e-01	-9.915521081946349069e-02	-5.733043624815165051e-02	1.262186022277755615e-01	-3.903413319680482663e-01	-4.503592386748630355e-02	3.758922426971558206e-01	-1.792171157808384804e-02	-1.557239701214236105e-01	9.721362776277378548e-02	6.771016274895083620e-02	-3.514572353626269768e-02	8.530594748071723687e-02	-1.386751321462740272e-01	-4.557823777275914201e-02	-1.827732581743286497e-02	-1.731062079105237517e-01	-1.078232777793390329e-01	-2.650774766018453299e-01
-1.062468037268980356e-02	2.188111825421871770e-01	1.677419653824293866e-01	2.813183402567308311e-02	-5.082878016258966791e-02	1.622444091290360310e-02	9.362267235899376927e-02	-5.261970342559334213e-02	-1.319776125834506153e-01	4.195668448188549782e-02	2.202786286783414982e-01	-2.435530669030845086e-01	2.433400153975388835e-01	2.619860808707192429e-02	-2.106557383833928265e-01	-1.166036887840868515e-02	4.566751664077312034e-02	1.396849371869321732e-01	-9.621387735919509354e-02	1.780676171218175396e-01	-3.449983231297063663e-02	-1.484096087330084857e-01
3.479980401920834687e-01	1.480001963769460027e-01	1.576651613217363024e-01	1.110065930969333786e-01	-2.709586583398366777e-01	1.547002053766187435e-01	-9.958977631286260179e-02	8.953379353542170738e-02	2.768017436481460050e-02	-1.657207520839581449e-01	-4.725016668513958885e-03	-1.346680252662627864e-01	1.210012361554844706e-01	1.876898343478280648e-03	-2.755125720862867111e-01	1.604717358375593317e-01	-2.328631472817548065e-01	-3.659983353465629530e-01	1.922793810619889340e-02	-7.589655035470868616e-02	-7.847235512375791422e-02	7.985368677028910345e-02
-2.295915670964710498e-01	8.750111299819078592e-02	2.849558126149063231e-01	1.606970277679710124e-01	-1.241809151807965889e-01	-2.141186042719898097e-01	1.816978043245982832e-01	2.650030694226692130e-01	-2.267766065824599886e-01	2.881243548921621489e-01	2.083901556489977658e-01	-1.084048555815821102e-01	1.332690880224253749e-01	-1.933352915701544092e-02	6.876886100581167116e-02	3.487911214007224925e-01	2.249682171657309548e-01	7.458929729574542700e-02	-8.103367547609922894e-03	-2.387355776560509402e-01	-4.631681829701504889e-03	1.840564199979665139e-01
-3.475176289774903034e-04	-3.125511783779384989e-01	5.063663728687722854e-01	1.268465636965322996e-01	-1.930340945881394710e-01	-9.270964373876051934e-02	-2.162233056220909042e-02	1.579488318518227838e-02	8.305098666810302455e-02	7.252177588742553249e-02	-1.266559718115468636e-01	2.085717925292455421e-01	-4.236723330848852220e-01	-6.106013385117833869e-02	2.126321701407385759e-02	1.123615255836460797e-01	1.001290160923131306e-01	-1.389344178069618074e-01	6.688028729466970190e-02	7.485105987001096361e-02	1.407382293484265960e-02	5.285951829898395682e-02
-1.373735608195650326e-01	-2.324663613476143365e-01	4.249285156782618977e-01	2.341720186409247395e-01	-1.976202509663041174e-01	-2.174732056820508352e-01	-2.955494255629153022e-01	2.827142714320660666e-01	-6.378342755654345386e-02	-8.049808833099154209e-03	-7.009599366332994186e-02	3.194977629377942357e-02	-1.331630740493537357e-01	-6.554579505746889467e-02	-2.531391994114618460e-01	1.238080426342214393e-02	2.273905308779950729e-01	-5.519285917632806016e-02	-1.854162086716832636e-01	1.073244665060141823e-01	9.853249470277772315e-02	2.680951284939265822e-01
-1.549762446965526341e-01	-3.981297419412878624e-01	3.891153106139542128e-01	1.211806074826831357e-02	-2.975426941390341140e-01	-2.448825882910314888e-01	-2.647701455194939602e-01	3.593496290336510302e-01	-5.627420083503497511e-02	8.396511815877868989e-02	1.359448429568528849e-01	5.200742081688527422e-04	-2.114630114266650152e-01	-2.476862697996641827e-01	-2.384604644301300813e-01	8.402914022491191071e-02	3.298012784713320600e-01	-1.001552911107616017e-01	-2.041620314559037530e-01	3.543695133904930378e-02	7.177141704009180889e-02	2.280491764652567144e-01
2.505885589623166321e-01	4.574817057979996271e-02	9.140262529438836214e-02	-8.742947331814635015e-02	-1.686022098877373587e-01	1.128150824969057775e-01	-8.598949583354549564e-02	-3.372122298373647631e-01	-2.104369706040773169e-01	1.458306735277179189e-01	-2.837257591801718368e-02	-2.285803367740394665e-01	-2.216448873999164459e-01	2.312304864687815265e-01	9.432679312485128809e-02	-2.164152683350876460e-01	2.788918544292373625e-01	-3.720244766908196304e-02	4.050405323937097957e-02	-1.189414877126881293e-01	9.148017406492889303e-02	1.099306502042260020e-01
3.281671699748808790e-01	-4.043501374665117165e-01	8.206597973495344256e-02	-2.134433775813827372e-01	-3.939214407482631297e-01	-5.615990412489731826e-02	4.748706198072297387e-03	-2.707761253166499071e-01	-2.446324899663468722e-01	3.909139490115084298e-02	2.059627471360812034e-01	-3.730203950259445844e-01	-7.226384481240907820e-02	1.214442784188060065e-01	-1.787004436026694634e-02	-2.779953955840421820e-01	7.215392663680889052e-02	1.876010819539717933e-01	1.683936606235656996e-01	-1.448771261216130202e-01	-1.014618001754451562e-02	2.579645290789921511e-02
2.438574042438363676e-01	-2.678598444882013818e-01	1.237851624904588305e-01	-1.012649658019668525e-01	-3.445283683791786067e-01	-1.422835432619793117e-01	1.144125078584105337e-01	-2.497192680252967589e-01	-1.567081057802646726e-01	7.130603523655373865e-02	-2.543533924227293561e-02	-2.639537051433738513e-01	-1.762352741716433080e-02	4.346861578886488942e-01	8.320473643048337253e-02	-3.475330473513074669e-01	8.198517056660641067e-02	3.059375260052700773e-01	1.175091078253022170e-01	-1.130558127328233770e-01	-2.337403678839191853e-02	-2.364688431238800778e-02
-1.009956752808695013e-01	4.229164307173218784e-01	-7.740616540814754254e-02	-3.051816146977354149e-01	-2.220615626827432687e-01	-1.577633223808692087e-01	1.702063652958441531e-01	2.323459357957885496e-01	-8.639064408203576961e-02	-1.335146805116505242e-01	-4.575216472186434125e-01	-9.141989316512993957e-02	1.829254236602292361e-01	-6.140624275150585731e-02	1.565791766522385831e-01	7.193447091073092159e-02	-8.960347923749890919e-02	1.445756192634203297e-01	1.160340800667163663e-01	1.762831556707903369e-01	1.536251117000125566e-01	1.570055270449350060e-01
-7.437428374387747287e-02	4.037816987590356899e-01	-1.670704484491373210e-01	-4.419690155759627426e-01	-3.169760286901859292e-01	-1.965689178886523836e-01	-3.401438820831598122e-03	2.448606709172962415e-01	-2.760215862664373576e-01	-3.258925443863332494e-01	-3.545405080380721330e-01	1.141855376978489628e-01	2.606960668529697545e-01	-6.174447812922596174e-02	1.315568260945857160e-01	1.857478031222950243e-01	-2.606159754914029111e-03	6.476930765189317651e-02	-2.177391889859199570e-02	-1.222031669498218898e-01	5.909630083320955435e-02	1.354720752796406413e-01
-1.647362845535152720e-01	-2.823924684794825724e-01	-1.341321903841687646e-01	-2.923307187619453296e-01	6.263080711520091493e-02	1.874622226652044032e-01	1.898396271704060889e-01	5.748817600582546705e-02	1.986082727452911367e-01	1.571543709362438201e-01	-3.810848491280990902e-02	2.824663584000113303e-01	-8.040570587658267543e-02	-7.502393717926787720e-02	-1.093043739020433669e-01	4.023585702038540712e-01	3.929179413900352885e-02	1.049483391862625764e-01	6.571804750091655989e-03	-2.606430932295485947e-01	-5.337644889543522071e-04	1.108037222720922726e-01
-1.180576702340496165e-01	-2.665802896611993433e-01	-1.895851939944886155e-01	-4.057090111172447222e-01	2.609758019554861974e-01	4.272784092089211283e-01	1.752738515712551348e-02	-8.848353566613442744e-02	2.418894697740197816e-02	1.363415648847935042e-02	-2.755637708079369114e-02	4.834467445148490361e-01	8.996557142793347103e-03	1.404143213397831824e-01	-4.415344163392954241e-02	2.085025271767663169e-01	6.958906969465859793e-02	6.953221429059171232e-02	-9.174643178247418596e-02	-4.373905966764187747e-01	-6.023771702006714551e-02	7.847668930363477235e-02
-3.131773579617316283e-01	-9.296137199352055847e-02	-2.129840092266841178e-01	7.909441452452249666e-02	-1.711101327475643696e-01	-1.197095164350073238e-01	-3.554586597987598462e-01	1.553915649164662738e-01	-2.561948204521616868e-01	-3.536288250972966507e-01	-3.662427648957588405e-02	-1.591490534710644777e-01	1.825327147110993586e-01	-6.120321720675633154e-02	5.647937953776376308e-01	-9.433690129091605592e-02	-6.960294227106490761e-02	-3.855108609634487205e-01	-1.984137616907754309e-01	1.412044132431175547e-01	2.537715153080194463e-02	-2.475700599768219934e-01
-2.220267328435941712e-01	-4.400302492636520152e-02	-2.399646587968795042e-01	-4.996444223764356062e-03	-1.833195208494333428e-01	-4.305180344246967855e-02	-2.856893733943726144e-01	1.435869422914826110e-01	-1.379349439826055568e-01	-2.992138111484103358e-01	-1.536137914616211575e-01	-1.519176909524011521e-01	3.541770316974126448e-02	-6.413536365889285773e-02	5.516378834553943289e-01	7.867132469258902860e-02	4.911632771959290045e-02	-3.616362288520879043e-01	-1.129641189356428294e-01	1.043120139950195896e-01	1.279616678189319789e-01	-7.142116869750712860e-02
-1.562894151059294190e-01	1.488608101204244027e-01	-1.333335912901992444e-02	3.560665634462629181e-01	1.777975134589246040e-02	7.774857848008523420e-02	-5.440301363591050314e-04	6.233837943055843267e-01	2.960803752372747136e-02	2.108370031131245881e-01	2.101582914069451691e-01	-1.986917767565440918e-01	2.594844515231995927e-02	-2.316245703791652011e-01	1.252793321786024594e-01	-3.752928830198997145e-01	-2.626234110999957350e-02	3.612252258857286957e-01	3.456491152099119835e-02	-2.824225912753686174e-02	-2.912252430814984971e-02	-1.090166243731356260e-01
-1.083512093487853239e-01	2.994004348235006496e-01	2.920274176186296502e-03	4.011229486670335187e-01	5.581110175106689109e-02	1.097960616065898898e-01	-2.464448178265903899e-01	4.599985907163850474e-01	-8.283904837287330014e-02	2.353582336621927729e-01	2.269999933409099502e-01	-2.612296270827071248e-02	8.955679005559898098e-02	-3.131128259855969209e-01	5.844549133174462875e-03	-3.893030971762485581e-01	1.163654284176411126e-02	3.987272867012321975e-01	3.872619119668928994e-02	-3.361287136383836471e-02	-7.638008232349005611e-02	-6.239481571136478583e-02
-6.743794339870112092e-03	4.430210651491460760e-01	1.309632880347945671e-01	6.233181177032727505e-02	1.397168132564120813e-01	2.136098663431566513e-01	1.094422782689555840e-01	7.880714961624477044e-02	-2.421577492513466989e-01	3.590239264399163605e-02	2.742595342361268673e-01	5.075716318669686034e-02	8.409424236738965996e-02	-1.823711382707997042e-01	-3.410646552799020265e-02	3.837673851804370567e-02	-9.504131326207207464e-02	4.624010505897816481e-01	-1.344430268680000262e-01	1.054585213397265658e-01	-4.062326625128084151e-02	-9.189718233693234400e-03
3.141181681247668944e-01	-3.651524232491154542e-01	-1.342036670808347265e-01	5.031025582142428787e-01	-8.751170634170883644e-02	2.264690187404820587e-01	-4.025159093489347195e-01	-2.088963033152885784e-01	9.931608606656691651e-02	1.228903508323193478e-01	-3.101805476467987543e-01	-1.926140433856236567e-01	3.891050737097976331e-01	-1.438389698973208952e-01	1.329912554041927375e-01	7.136138137441671025e-01	-1.157995482700908269e-01	6.802027821225328230e-01	4.128983165063004890e-02	4.668763163895067181e-01	5.626700143588556080e-02	2.136891387188821073e-02
-1.104676466135208340e-01	3.340433087600027662e-01	9.610752425664180476e-02	-3.498151625807157661e-01	5.077802179102846453e-03	1.327879766678700599e-02	2.104514329108551907e-01	1.186305222802496867e-01	1.623921799215466422e-01	9.080634384361759015e-02	7.099916494938538457e-03	-1.971785218570484832e-01	-2.734861867343196806e-01	1.684091814933224018e-01	-3.101684778829763567e-02	-4.802531405695462802e-02	-7.287475735972341606e-02	4.525118464288243048e-01	-3.230897198765470546e-01	7.680576134931306476e-02	5.221938546204433346e-02	-1.086688766591241279e-01
2.380709001940616854e-01	3.287160514773487807e-01	-6.525733058364235895e-02	-2.597846238983274603e-01	-1.856826840276806501e-01	3.027128421297045069e-01	-2.583134810337909260e-01	1.779828320898384220e-01	3.784153088096718354e-01	4.925464385909575186e-03	3.656094451876674145e-01	-2.008352432339666205e-01	-2.165285797943887203e-01	-3.973975126572894950e-02	-3.566171630756257982e-01	2.580625607590704140e-01	-2.633442243653104087e-01	-1.295200995002887823e-01	-2.755552946915612589e-01	-1.296485280301873898e-02	4.705446659702210133e-04	-1.087577135324317296e-01
-3.754198416714580877e-01	-1.103537394227300551e-02	2.868676756535455952e-01	-3.648433559752875532e-02	2.654573680795621615e-01	5.081891927299414524e-02	-5.294064841386318665e-02	-2.032134524387463614e-01	-6.791993833999752581e-03	2.993534956222488330e-01	-4.567803817510891935e-03	1.214136147223280476e-01	2.775058205329659633e-01	-5.654182655300974553e-02	2.813404169872670835e-01	3.987064173282831719e-02	1.253151627226630760e-01	-6.008937596907417550e-02	-9.016178708506933370e-02	1.592382892841755215e-01	-3.665950306038257694e-02	6.051401700343050222e-02
-2.863572678961885942e-01	1.408033154506860112e-02	1.560756076086693145e-01	7.728891979194253692e-02	2.935082105590972601e-01	1.912076644119085622e-01	-1.658596988196427424e-01	-2.075473396996809217e-01	-1.136836801623813953e-01	3.794840455366543241e-01	-8.036788235645934975e-02	-1.076758630973726205e-01	1.096552148270760613e-01	-1.413794590774684369e-02	1.678918675423256290e-01	-3.966614798025547978e-02	8.837397865396734442e-02	-1.315639031312966500e-01	-1.357254391870715005e-01	1.825693523249787842e-01	3.339495665711810640e-02	1.092571116300165984e-01
-3.635505229810288563e-01	-6.021651661666554273e-02	1.489887914174899131e-01	-9.388830427078098673e-02	2.313747736804081523e-01	8.474362127966000857e-02	-2.102606275113851342e-01	-2.884333499407802925e-01	-2.381810118248443020e-01	2.348398933893113272e-01	1.235562266332493331e-01	1.255039575628428238e-02	8.100609659164401122e-02	2.738878102025455244e-02	2.233840596809794632e-01	-1.169228940108205106e-01	8.741034833851768493e-02	-2.500847918078181742e-01	-1.427219482891694813e-01	5.000687999247087345e-02	-5.591676139251657018e-02	1.784253242204959788e-02
-2.562680512254347787e-01	1.889767684746894438e-01	1.994652779119879538e-01	-1.073334381955368989e-02	3.623471844575090750e-01	2.810922976409041540e-01	3.397804227044876058e-02	-2.384892631002018260e-01	4.731183135338742907e-02	4.571437726027944293e-01	2.236052003175489217e-02	-1.180001780184967847e-01	1.118231654902932110e-01	-2.709727009461392055e-02	2.219242954932132417e-01	4.134022961184356110e-02	1.288248267551680426e-01	-1.635492208064745490e-01	-2.887463752310257536e-01	1.973689711274579650e-01	6.310024514194555179e-02	1.724768563398315913e-01
-1.062676983819708515e-01	7.156021564583996131e-02	6.074299767677114603e-02	-3.025284389722689843e-02	4.154219618329146879e-02	7.762500905945909913e-02	-1.289071507330484256e-01	-2.291833397776105868e-02	6.627195593236925864e-02	-4.463441718150853998e-01	4.482366282943032187e-01	6.223297033538279649e-02	5.611442239650177299e-01	7.711801224819979372e-02	6.671790638894524450e-02	-9.611128122906187343e-02	1.969050098238485091e-01	6.541835710939992998e-02	4.750414897579889328e-01	2.239428323080706884e-02	-8.744880453618196492e-02	-1.291367318427371347e-01
-1.426892419113765242e-01	3.533588046202475880e-02	-1.547462967266816647e-01	1.336307177352715758e-01	7.210377754347090107e-02	5.599933908541791794e-02	1.701690417420437806e-01	-4.024997619762424317e-02	3.623934484991274685e-01	-1.203790254012157210e-02	-5.720656702841013519e-02	3.987836635652409339e-02	2.206391512292693591e-01	-3.554145882486941521e-01	-1.705489725949289048e-01	-2.796505570586538258e-02	-2.750155927180813684e-03	6.706871859558073690e-02	-1.249280311155824968e-01	-1.667182632756413763e-01	-4.832798086286540541e-03	1.016622772353552029e-01
6.543301901178998070e-02	-8.348573173330681163e-02	-2.406949749768635405e-01	-4.897006225737944862e-01	-4.736678481403465146e-01	-2.354480320652026226e-01	1.166810665500164629e-01	-3.143404250795170385e-01	4.459808783326157378e-01	1.070227525209910824e-01	4.739691036883190711e-01	5.424344455666716414e-01	3.309118201237009615e-01	-2.047812695387285498e-01	2.513676165299855714e-01	-4.314103676472846177e-02	2.848182138902394245e-01	-6.826997821607776185e-02	-6.538272176262042990e-02	5.462820240368160968e-02	-5.878350924270040606e-02	-2.020288241131910079e-01
-1.032599358250874261e-01	2.409817143849426468e-01	-3.202314469544301212e-01	1.422977850155051349e-01	-3.120118231834532185e-01	-1.690721332759133055e-01	2.396935195148280906e-01	9.877018584671662382e-02	7.613954277707378829e-04	1.869841659122178645e-01	1.422855717452464232e-02	3.814338478203626592e-01	-9.150299134106666676e-02	-4.142648868767441483e-02	-1.744180319363761444e-01	-1.677793560588530797e-01	-5.744958897954129812e-02	-1.935043670674914951e-01	8.051964539710497470e-02	2.908114564241698896e-01	1.858296270526595961e-01	-3.766842444884080376e-02
-7.084477932556406711e-03	1.664102235588998391e-01	-3.078526595023839962e-01	7.848351570763144325e-02	-3.100404846372512013e-01	-1.328250986233333597e-01	8.542098618722314407e-03	-1.637558091398968463e-01	1.720968855761970421e-03	4.230422984319009982e-01	1.517530056406254102e-01	3.418169391975393601e-01	-1.455369940929975014e-01	1.188803169619552375e-01	-1.520934579333409475e-01	1.232462831112034196e-01	2.145319666483994636e-01	-1.620532833777115489e-01	3.722931207048527646e-01	3.607557508661320411e-01	1.615426861076032783e-01	5.511087186173908858e-02
2.972289978836087920e-01	-5.509579726157903118e-02	-3.492643432325194808e-01	2.771549842858814783e-01	-2.246325251643551124e-01	2.289616685901488813e-01	5.465389327634474492e-01	-2.035347516065979800e-01	-3.023536161865623129e-01	2.697666989035277935e-02	5.295087663752950924e-01	8.953427790173580647e-02	-1.845622172297059216e-01	-4.886851999699381444e-01	1.179105289247076895e-02	-7.795182870505328043e-02	3.742477403935755981e-02	-1.736350492881204299e-01	1.975967081918634724e-02	-3.499311036761449528e-02	1.198726817518334237e-01	1.356569683164228490e-01
-4.562995345993026142e-02	2.037477795818322668e-01	-3.448714649963496859e-01	1.334445079083197983e-01	-4.265863777383836486e-01	-3.971678609175468555e-01	2.013596111641895448e-01	-2.970520103825161073e-02	1.957002973041208349e-01	3.064056847070739109e-01	2.550676918960037010e-01	1.644665591787932701e-01	-1.499563503620956750e-01	3.146280233163610829e-01	-8.792299392792461699e-02	1.332742818785901950e-01	1.143626883388079440e-01	-3.414149065829159141e-02	2.483313094033322010e-01	2.265581701879818000e-01	8.850602925951332745e-02	-2.352237942742183702e-02
5.529483975772379045e-01	-2.156256930114844594e-01	-2.086009765307016983e-01	9.137830812366674882e-02	2.876033858720023484e-01	3.905692471027796125e-02	-1.714815724664550331e-02	-1.527623907919764268e-01	-5.969381476832391446e-03	-3.481833939959229629e-01	-1.582432958811558765e-01	5.806715720663038760e-02	-2.020094804896687690e-01	-1.508357267719062644e-01	1.301978346116738072e-01	-2.155917410474619267e-01	-6.013128637683540223e-02	-6.145212742712991699e-02	9.502518734305939740e-02	1.641256819589504978e-01	-3.056571258639844690e-01	5.077486045660429409e-02
-8.532785857944085979e-04	2.627439995345589030e-01	-1.184542013827987739e-01	-3.041653857209101197e-01	-3.011233446992780394e-01	-1.510229922921194345e-01	1.674493020901097751e-01	8.159226874850049327e-02	-1.640116303930204411e-01	-2.605291568587201900e-01	-1.922474735361823506e-01	-8.238234861509885487e-02	1.186962110563780093e-02	6.205298697158345006e-02	2.664441396214993762e-01	1.747595650610061779e-01	-8.106194237946635905e-02	2.098461863287683637e-01	2.258908076149892807e-01	-6.736686456693974367e-02	2.120567148728389195e-01	3.651503405187815354e-01
-3.069224486875601343e-01	4.153000232551530557e-02	2.564581606373930178e-01	-1.525347884967683532e-01	2.723182903505190211e-01	1.077116606650241476e-01	2.042110475885235976e-01	-1.628443750868698026e-01	1.452759210442222115e-01	2.066776928637154842e-01	-1.059687344084143772e-02	-1.238842629933749329e-01	-2.198762308423405365e-01	1.734408695226778430e-01	1.258345535250080249e-01	1.675229314395814129e-01	1.984584089947090402e-02	6.280181628366000857e-02	1.158862606643860788e-01	3.018931587978081199e-02	4.760472532710628008e-02	1.359043163777333696e-01
1.478439674603130027e-01	3.388490511281384565e-01	-1.418080244213830443e-02	2.861400802034085727e-02	4.028941143805621627e-01	-3.369275460079497186e-01	5.683726925777320312e-03	1.228323476605905767e-01	-9.650258474136912124e-02	1.095762350729997392e-01	8.483372716028562965e-02	1.098613748020409175e-01	-1.462625250400667043e-01	5.799419728655375028e-02	2.600194171051090075e-02	4.084175981120413690e-02	-2.026775903101559004e-03	-1.014493567271314567e-01	8.646617368454191654e-02	9.338739500510141733e-02	-2.829062058575750882e-01	2.590900591195455238e-01
