0.614242	0.36047632	0.7132127	0.9999996	0.15509659	0.11390865	0.5688664	0.54146314	0.39155462	0.48562244	0.48739877	0.16620222	0.34474736	1.0	0.38845617	0.5879266	0.4846349	0.35625598	0.40836272	0.18189953	0.40308228	0.2848717	0.31209245	0.5871243	0.66997904	0.21516988	0.23093839	0.3684608	0.44478646
0.70258343	0.4222921	0.7443664	0.61478734	0.36641523	0.104896605	0.39000943	0.5354896	0.12397504	0.3966377	0.5119438	0.11833733	0.41488296	0.77904534	0.36982626	0.5608197	0.299116	0.37375316	0.5150741	0.18321039	0.9138923	0.34594262	0.4647401	0.066685766	0.5315876	0.13059303	0.5383987	0.41284847	0.3694195
0.5997111	0.35961032	0.7016755	0.68840986	0.2932722	0.061338782	0.685182	0.38072765	0.24477431	0.77022433	0.3720573	0.09676793	0.2509241	0.6153945	0.3408793	0.49815726	0.40463787	0.34893355	0.4505371	0.11374676	0.79527843	0.4553545	0.48624223	0.266307	0.38527468	0.28693923	0.19708475	0.616351	0.55389
0.38682443	0.12716869	0.5966566	0.87631094	0.37217394	0.1718341	0.6717505	0.29697	0.34096074	0.6974789	0.3960427	0.0827322	0.40469214	0.85775274	0.40645957	0.52039963	0.55571145	0.23407412	0.5101371	0.18692651	0.43706483	0.25812146	0.26847887	0.4802032	0.43018237	0.47353584	0.33197868	0.45991555	0.4880039
0.69323385	0.21903689	0.4763769	0.38055044	0.4654515	0.13995728	0.33500552	0.57559294	0.41674742	0.3123877	0.32158402	0.8015708	0.48963866	0.44177455	0.46504447	0.56420696	0.38924798	0.57988274	0.66620743	0.27885738	0.60741997	0.68963075	0.96120256	0.10572949	0.37596875	0.648548	0.29215336	0.51481986	0.5305312
0.98732203	0.49134457	0.6322545	0.04590386	0.42894903	0.14355558	0.33455154	0.70616436	0.4158212	0.373598	0.22265299	0.33658034	0.84561026	0.45903283	0.24984221	0.50192416	0.3089288	0.2750321	0.2723791	0.55296856	5.066395e-07	0.6605033	0.58682543	0.75982386	0.79052323	0.24486932	0.4933769	0.43000212	0.5661466
0.8537651	0.49410945	0.64122504	0.086058736	0.47170904	0.10363826	0.40556216	0.5992242	0.4703057	0.3414764	0.31091943	0.6126367	0.5620348	0.78173625	0.17155935	0.3845754	0.30798155	0.295874	0.30461013	0.6308978	0.16002125	0.60575974	0.7666856	0.50525683	0.76380724	0.41454136	0.52854615	0.26566648	0.3749674
0.9946011	0.482643	0.6705136	2.9802322e-08	0.36940438	0.34912848	0.40405285	0.6156597	0.54093343	0.5720978	0.033784002	0.23189694	0.8788191	0.3642082	0.30307668	0.30985045	0.39444727	0.24844714	0.22856238	0.49932107	0.20502496	0.32712692	0.5617126	0.7269835	0.60048616	0.15358388	0.36441863	0.8489685	0.6609647
0.7361715	0.44534543	0.7727103	0.14030159	0.4875236	0.4531995	0.37301946	0.5684925	0.72753793	0.31199744	0.18560274	0.60551834	0.51693773	0.3149786	0.5813158	0.6580063	0.40035313	0.31464773	0.73501027	0.43093	1.0000002	0.23619255	0.2768373	0.6331557	0.7474034	0.5692992	0.528201	0.6780491	0.94877493
0.62059677	0.19223204	0.4722327	0.38164997	0.48358688	0.12006897	0.45810917	0.47758648	0.582013	0.27436715	0.43624663	0.8547697	0.22671118	0.22116457	0.48694444	0.80019736	0.35580564	0.6897188	0.7581344	0.37815353	0.6468196	0.5724308	0.19393098	0.5517464	0.36811453	0.2228276	0.57546216	0.66242796	0.99999964
0.07769558	0.26869777	0.16495147	0.30756056	0.37871134	0.29950774	0.48136547	0.19110963	0.25880033	0.53638345	0.31979755	0.42991865	0.59873205	0.8406805	0.6465452	0.22579464	0.4270654	0.36253232	0.51558995	0.323824	0.5570015	0.38855183	0.55347943	0.47453088	0.8230846	0.6025892	0.6404678	0.5888931	0.47219568
0.16937801	0.4534047	0.3828454	0.23028882	0.33763152	0.45368016	0.41794655	0.26168644	0.4352379	0.38493708	0.3557017	0.24795926	0.52472305	0.3312013	0.44436783	0.3362555	0.31748277	0.69673514	0.5317668	0.16530386	0.62745863	0.19443652	0.423703	0.4615538	0.6474954	0.1437431	0.5127023	0.59806526	0.42815834
0.57111335	0.5042345	0.40150696	0.61397755	0.3046099	0.540151	0.14528477	0.40115842	0.27266842	0.7328598	0.3220635	0.8251127	0.7817714	0.34023708	0.29336885	0.74828434	0.59021044	0.97550416	0.4892748	0.28509867	0.61526954	0.726921	0.36816695	0.29867312	0.44454312	0.033249468	0.35073417	0.31157404	0.4674355
0.48488277	0.7449094	0.6604457	0.4102649	0.40472075	0.64992404	0.29040858	0.16235083	0.21238579	0.8846321	0.33041567	0.65168756	0.6754903	0.31677175	0.34421426	0.64495945	0.5307747	0.76419866	0.2798282	0.30063298	0.6418783	0.5252507	0.281641	0.3702033	0.22956884	0.40899724	0.4340167	0.35875332	0.7210124
0.07965675	0.5937032	0.44391292	0.40966287	0.34247038	0.30738628	0.4514832	0.26777306	0.43818116	0.15280232	0.4264102	0.5139897	0.4092695	0.70769864	0.38017762	0.24213658	0.4686744	0.60285234	0.4354124	0.3950426	0.12077984	3.2782555e-07	0.2338027	0.50594664	0.65818113	0.6612601	0.579936	0.14990294	0.5709118
0.14046094	0.42225835	0.3401139	0.5084177	0.366019	0.3235347	0.35084337	0.32702345	0.42005724	0.04024592	0.40992194	0.67230487	0.5654734	0.44763964	0.44370824	0.263667	0.41142908	0.650391	0.52004415	0.33505583	0.16828331	0.21929651	0.18341213	0.63518685	0.5635604	0.22127448	0.2602989	0.31680715	0.5334844
0.17352042	0.52499235	0.33878705	0.23994806	0.44422993	0.21603934	0.59650844	0.30748743	0.26633757	0.78933823	0.33861944	0.4625685	0.75914896	0.75530314	0.9999999	0.22654207	0.35413778	1.0000001	1.0000002	0.99999976	0.36913	0.2529981	0.71992135	0.544384	0.5872853	0.48506936	0.08773485	0.37108293	0.41749817
0.4960411	0.41365647	0.027605832	0.65778655	0.7602836	0.57442254	0.31010237	0.1691888	0.9376011	0.45303017	0.15207128	0.3191241	0.5148754	0.5500519	0.47831172	0.47951764	0.45923588	0.5155512	0.5935147	0.43818107	0.74456334	0.339732	0.31123164	0.07652885	0.6650286	0.107275575	0.8751476	0.4926993	0.5948495
0.51490563	0.35420415	0.36099392	0.44971982	0.27612686	0.55492646	0.1300064	0.3144398	0.27960294	0.6276822	0.43430713	0.46113178	0.34778714	0.6310284	0.2429976	0.37881258	0.54702556	0.75007397	0.7764987	0.51469797	0.19667035	0.3425812	0.9999998	0.5996761	0.86773884	-8.940697e-08	0.6671704	6.854534e-07	0.46091664
0.23509327	0.4950838	0.19152759	0.67099637	0.111534625	0.18380094	0.43704766	0.32169268	0.4463808	0.22154956	0.42285556	0.9154577	0.64269227	0.47612664	0.276354	0.3274266	0.48718962	0.16092187	0.49631882	0.49312657	0.50754064	0.35999656	0.6486463	0.32432005	0.27507913	0.47814837	0.45593718	0.4928966	0.48298275
0.1521895	0.4074107	0.18463148	0.37628853	0.2787584	0.3187917	0.42141962	0.22270913	0.3568483	0.34347716	0.4121748	0.5809338	0.81282777	0.25595796	0.26481164	0.24061505	0.4213034	0.17313462	0.4440515	0.18813552	0.5617299	0.42519295	0.5704521	0.36085102	0.34691316	0.40618217	0.45146823	0.65738344	0.56595945
0.6586964	0.38347358	0.5864319	0.33591115	0.36936766	0.5237402	0.29367733	0.5466634	0.6914646	0.5698071	0.9999995	0.37726212	0.3124687	0.46628776	0.48472002	0.31151468	0.6314137	0.5002832	0.38869324	0.40393776	0.326808	0.37406462	0.48797715	0.78020316	0.61097205	0.41848287	0.6258862	0.51210654	0.49416327
0.6331166	0.035664856	0.36519784	0.4484576	0.41803274	0.5333696	0.2315707	0.634385	0.6636898	0.5961355	0.8697959	0.22447942	0.5765406	0.5230992	0.5952044	0.29980698	0.59798294	0.44288695	0.35859707	0.46116668	0.66083133	0.73706305	0.49775305	0.49031818	0.075469166	0.43129778	0.51072896	0.6450177	0.58337486
0.5778958	0.06225553	0.39535537	0.3399263	0.56226194	0.5714302	0.12814507	0.6081796	0.529174	0.34471357	0.8266967	0.386925	0.5567692	0.4525616	0.5679991	0.29159072	0.7224397	0.45981783	0.52212536	0.3617477	0.5903607	0.26588446	0.5321509	0.51821125	0.34980044	0.40184873	0.41134393	0.5001929	0.40778857
0.65776783	0.16002458	0.47010738	0.38169792	0.38457555	0.6135162	0.25627488	0.598095	0.7108586	0.6241343	0.82453036	0.20671768	0.54284316	0.51594514	0.53576565	0.25266796	0.5914607	0.4580877	0.27953467	0.30788738	0.57197684	0.4613551	0.5479847	0.46878892	0.3587343	0.7933408	0.442289	0.61000556	0.4430307
0.21059467	0.017842978	0.62004626	0.5992234	0.8287896	0.4296946	0.33374202	0.4750514	0.31198585	2.9802322e-08	0.3143387	0.21920799	0.8540423	0.3725344	0.4287544	0.46765277	0.416883	0.530911	0.60594165	0.19957627	0.44950005	0.60730165	0.30522317	0.4516478	0.44207528	0.34862125	0.16705057	0.56255066	0.4082368
0.18168792	0.34304625	0.8388914	0.6384107	0.7152277	0.27644688	0.60719347	0.3875447	0.42444137	0.22985926	0.41572702	0.39933553	0.5814728	0.29265928	0.2827819	0.42869446	0.53608036	0.660191	0.57889473	0.16353285	0.34391737	0.75480425	0.43069988	0.6348511	0.61411375	0.1868023	0.32653868	0.53883666	0.17307818
0.8363581	0.7399334	0.14440328	0.9863239	0.52467704	0.33023962	0.14703403	0.37011245	0.82913375	0.25366583	0.16086973	0.3421461	0.57037675	0.69380885	0.57263696	0.38872907	0.49060845	0.58235306	0.17971134	0.19720547	0.27675477	0.5826055	0.7480432	0.076003194	0.7117541	0.5823148	0.20007768	0.6170712	0.76081145
0.7914582	0.6830512	0.07309255	0.99022824	0.5334121	0.36184168	0.23514748	0.24004863	1.0000007	0.29205325	0.047482133	0.26358035	0.48036772	0.6533975	0.6013596	0.33503175	0.5126704	0.6061204	0.21623152	0.27608874	0.32226977	0.33156288	0.5394065	0.13416922	0.53887016	0.40599942	0.2936706	0.57095903	0.62536925
0.23820767	0.57174486	0.27758434	0.44370738	0.17928544	0.20958629	0.46522352	0.18606687	0.45866662	0.1982621	0.40750057	0.9417026	0.56746393	0.46110436	0.3015596	0.3196621	0.5886847	0.23300642	0.58862525	0.33965105	0.61355543	0.20865396	0.6078136	0.47481623	0.51931924	0.63337547	0.44661465	0.3832181	0.29365766
0.12782532	0.3867254	0.15665713	0.35031986	0.27896988	0.2720276	0.4944983	0.13700837	0.35895568	0.38463336	0.4245991	0.6755339	0.78527486	0.2997202	0.3437266	0.35786715	0.4684467	0.16628778	0.37065738	0.20517482	0.5000262	0.33755612	0.5918148	0.35577464	0.51177454	0.045730025	0.6124797	0.83119667	0.66320634
0.11790916	0.5693341	0.41956297	0.29110128	0.37008962	0.3146812	0.44934237	0.12151477	0.34560022	0.18416291	0.4390441	0.7595006	0.56123865	0.2456235	0.22430901	0.2098339	0.45022804	0.35268578	0.2953676	0.19392583	0.74439967	0.3331389	0.6514949	0.26266932	0.40198097	0.5727917	0.44012952	0.64221895	0.4035606
0.10496023	0.43589482	0.08827305	0.26745728	0.42999563	0.26645508	0.4986025	0.7372376	0.38385323	0.7512109	0.2794211	0.13780195	0.5208382	0.49188212	0.3954269	0.6909481	0.56200224	0.33046377	0.4938622	0.0062484145	0.8521313	0.7103674	0.6459942	0.6586902	0.7974014	0.47949907	0.40798146	0.41513863	0.56726474
0.020023435	0.4744366	0.16317773	0.2459063	0.4993452	0.24904814	0.47057918	0.65890473	0.367344	0.5070841	0.3436344	0.25301307	0.501716	0.5798903	0.38289422	0.6538907	0.6081332	0.42466864	0.49497417	0.14440599	0.48163214	0.5501159	0.62650084	0.46555617	0.7772299	0.88029397	0.33956373	0.31840003	0.6178521
0.80782735	0.17070754	0.42404816	0.33757135	0.42207545	0.07060838	0.34345353	0.6514604	0.36754334	0.40987352	0.28945333	0.8554335	0.43632492	0.64435405	0.36473352	0.60718507	0.32034212	0.7035715	0.6520295	1.4901161e-07	0.5156566	0.42651933	0.5463604	0.5138781	0.2064892	0.80117667	0.3441501	0.99999964	0.41436288
0.74566364	0.09227699	0.41645724	0.32398766	0.40712288	0.34486806	0.34938535	0.5977491	0.7479095	0.40835422	0.1418865	0.45508885	0.484375	0.5660458	0.40451777	0.46539998	0.58440876	0.48917437	0.44419947	0.3582487	0.7689761	0.35831934	0.55599993	0.28062493	0.910246	0.86791074	0.46307993	0.4615353	3.5762787e-07
0.8328076	0.34819564	0.5637181	0.28437907	0.44795898	0.031612188	0.26368457	0.6305114	0.19540553	0.16492671	0.33626115	0.7744975	0.39803407	0.47617722	0.41532683	0.6252024	0.27511662	0.84357464	0.5091419	0.0022200346	0.46036556	0.01033771	0.36771166	0.5981943	0.26207107	0.835068	0.5055857	0.88264287	0.517419
0.4139602	0.23406014	0.23316757	0.77844447	0.22631022	0.6062846	0.03487289	0.5372264	0.35298666	0.11237976	0.11907455	0.6426375	0.35177463	0.6602079	0.1790878	0.24914134	0.6918024	0.521448	0.6113296	0.59667665	0.8247948	0.6692853	0.60017717	1.0000002	0.37869242	0.544277	0.24648891	0.74245095	0.71953666
0.13208795	0.5199982	0.28064674	0.27868566	0.5856558	0.30614078	0.33271408	0.8786383	0.31653887	0.2960666	0.30522835	0.095822096	0.6322527	0.22477163	0.44190407	0.8116646	0.9228258	0.43639496	0.6283123	0.41850752	0.19514829	0.03474635	0.5385157	0.4267035	0.16645741	0.6984843	0.15329003	0.35950682	0.70182335
0.20071004	0.42588744	0.19536899	0.3785242	0.5024498	0.38665983	0.33550635	0.8371768	0.31378153	0.5932394	0.21748903	0.16797638	0.60593903	0.4265709	0.52344763	0.637026	0.6559548	0.48429886	0.58349776	0.28424543	0.5309495	0.33434215	0.7331137	0.5150702	0.2962069	0.6049215	0.27841303	0.5277493	0.53301775
0.13666952	0.71285546	0.4504725	0.588987	0.39551753	0.2791559	0.46203932	1.0000005	0.57207775	0.5018809	0.36940512	0.47483486	0.24241413	0.48391297	0.20460935	0.4836671	0.4895365	0.56435305	0.51888746	0.8995222	0.05006987	0.6617758	0.6293417	0.09056026	0.17161411	0.60897934	0.42382193	0.9479883	0.36484724
0.0822368	0.7352198	0.53702796	0.39254272	0.5236047	0.29188374	0.44758338	0.93577904	0.48030764	0.41880673	0.4581254	0.3172984	0.3745691	0.5410732	0.18628204	0.49447498	0.4562035	0.6852506	0.36662102	0.9190048	0.0085963905	0.47805622	0.44821644	0.13747057	0.27612305	0.43074986	0.4121172	0.8601161	0.4667172
0.15639889	0.34730196	0.5697792	0.3631004	0.5638195	0.59579235	0.41426313	0.11381602	0.47114882	0.2487157	0.043727756	0.46190387	0.5098882	0.51280475	0.6707059	0.5494545	0.3638335	0.63454646	0.17725092	0.17030674	0.18272936	0.3845794	0.30725494	0.7699761	0.4086088	0.4877144	0.25639933	0.60354936	0.3476773
0.7138322	0.9170972	0.2932261	0.55718476	0.7540064	0.17302245	0.30724996	0.1216366	0.46390906	0.4442641	0.44440874	0.42786586	0.40646854	0.3741995	0.28455064	0.48388305	0.4393458	0.44240707	0.65296274	0.42934126	0.5990891	0.57537395	0.5221156	0.75672084	0.32599437	0.45398128	0.468856	0.40495697	0.44952694
0.35578957	0.38536575	0.39591515	0.44354695	0.2391847	0.5891002	0.2151745	0.31690532	0.3241095	0.51282656	0.16612868	0.011169493	1.7881393e-07	0.42009693	0.084943086	-5.9604645e-08	0.4255731	0.6432961	0.4381112	0.40323186	0.4717947	0.41785467	0.5560891	0.8685699	0.6528657	0.5320561	0.1814915	0.5648599	0.8602637
0.691069	0.9613024	0.3429595	0.48202932	0.79841983	0.114497185	0.30561554	0.08134246	0.42171237	0.4261498	0.4418713	0.4207228	0.36293912	0.4422863	0.30352843	0.4360219	0.52404916	0.32010236	0.65885466	0.4649481	0.56111896	0.65136147	0.5613488	0.63307965	0.35076812	0.7613676	0.63010037	0.48075455	0.41639245
0.57063127	0.7389955	0.18774693	0.4574785	0.8700237	0.17813446	0.365693	0.037863582	0.36161932	0.59130955	0.45470577	0.27621716	0.29615518	0.29808688	0.36013228	0.4276009	0.49386755	0.31960002	0.46721607	0.43608382	0.39412194	0.38785648	0.3615042	0.7038522	0.4007135	0.4415274	0.42703214	0.54004085	0.46183565
0.4375732	0.64115757	0.28521392	0.35024303	0.99999946	0.22015063	0.27106327	0.08740008	0.26881075	0.38063318	0.6183059	0.33339387	0.46577212	0.33041668	0.28555694	0.49452403	0.5287497	0.22047488	0.6016451	0.45876357	0.45427072	0.56076133	0.31409037	0.23273322	0.5846126	0.5256246	0.35634157	0.3094974	0.5481225
0.23575555	0.39344484	0.31035894	0.6451299	0.35322112	0.54971695	0.36474952	0.13121551	0.34635144	0.8095957	0.42300528	1.0	0.48814932	0.39325714	0.2426219	0.9999999	0.69363534	0.60922724	-3.5762787e-07	0.17513208	0.24454322	0.6402916	0.51460487	0.691084	0.6775638	0.75097466	0.6815108	0.51181036	0.4130724
0.185745	0.63784885	0.99999976	0.22996709	0.75706184	0.40500882	0.5177322	-6.2584877e-07	0.1897417	0.10345191	0.315942	0.4579511	0.3433828	0.87747824	0.8117151	0.64734113	1.0000002	0.6318948	0.30917665	0.33351964	0.33410197	0.63360304	0.7742046	0.40392715	0.7616702	0.6460556	0.99999976	0.61985683	0.6475729
0.054320693	0.36376932	0.1672067	0.31091762	0.5012278	0.2884738	0.46741408	0.7656612	0.4617044	0.57688797	0.24866785	0.22921032	0.47386026	0.370866	0.45160297	0.7755172	0.5799753	0.34337074	0.5936854	0.15802643	0.6381664	0.63885325	0.5507513	0.58843064	0.6405355	0.36452848	0.60316026	0.5751129	0.44274807
0.20998856	0.24107602	0.47179806	0.37056193	0.61907023	0.5536078	0.14048229	0.33439088	0.20559487	0.1417928	0.24599329	0.3084073	0.0368008	0.5923394	-2.682209e-07	0.23994537	0.55953526	0.70270205	0.57898456	0.015545994	0.6070317	0.6893318	0.7453065	0.40851265	0.6031364	0.3964023	0.31127274	0.43786654	0.5868981
0.12013391	0.728418	0.39870134	0.45632076	0.3797323	0.39754614	0.40250626	0.89693135	0.8165015	0.1915816	0.30861804	0.48767945	0.3535509	0.46199235	0.24678792	0.6754369	0.49596837	0.5138427	0.50714093	0.37982336	0.7201286	0.35076135	0.44538304	0.5001668	0.31189537	0.11944407	0.61807805	0.22634313	0.15008
2.3841858e-07	0.4175686	0.1491153	0.38468325	0.4963548	0.3557483	0.47583044	0.76288366	0.625811	0.44559482	0.24018136	0.34232944	0.35523337	0.47463307	0.4026111	0.66775656	0.52462107	0.52250373	0.33728388	0.2833432	0.44622827	0.39610562	0.3933169	0.7262539	0.74681264	0.11945817	0.627391	0.9374071	0.26886502
0.03732717	0.6484138	0.37918687	0.27887434	0.5422754	0.33691302	0.42388397	0.8357899	0.6119231	0.21916083	0.36886767	0.23517087	0.37260014	0.37658963	0.22261114	0.6418146	0.4011258	0.59310913	0.37604657	0.3294438	0.42402405	0.32408348	0.35541236	0.3084699	0.39108032	0.1716556	0.6488682	0.4991515	0.40328765
0.2039399	0.17242344	0.6245686	0.36692327	0.70208675	0.683164	0.36710766	0.2484343	0.4757029	0.35101378	0.23700081	0.0005142391	0.6684488	0.4877741	0.50662994	0.4421644	0.11720237	0.5410051	0.38966072	0.20314097	0.27389508	0.6567966	0.8093741	0.40380365	0.08744255	0.22485532	0.5023508	0.3961094	0.33210912
0.76155806	0.57452404	0.28661016	0.3334181	0.576711	1.0000004	1.0000007	0.4566096	0.23179924	0.2998255	0.3046677	0.2948677	0.40834114	0.3093046	0.37695566	0.25651577	0.337112	0.48972055	0.4532041	0.34062636	0.74496055	0.29771692	0.49262363	0.28462276	0.24556825	0.6806392	0.41796112	0.3494444	0.53559995
0.90749407	0.4657606	0.109642506	0.5167915	0.49581498	0.8410541	0.88189805	0.64050364	0.12237513	0.18412083	0.42520058	0.5904368	0.4699234	0.46718577	0.38276935	0.4981687	0.45763046	0.46151304	0.5846833	0.4024397	0.47327295	0.60962963	0.5035913	0.46674475	0.5808566	0.48801175	0.49316928	0.43966278	0.41088706
0.9999997	0.6797894	0.2760227	0.46904364	0.42580083	0.9311798	0.9298078	0.6237472	0.20505494	0.15115547	0.3590856	0.4235932	0.43362656	0.42109975	0.42307246	0.45613128	0.5164306	0.55039483	0.41319504	0.33279574	0.37283778	0.4980226	0.5288935	0.5858495	0.47810778	0.46890184	0.46369398	0.39680615	0.5194158
0.97433764	0.3647496	-1.4901161e-07	0.60318977	0.4527282	0.80227923	0.8558655	0.751408	0.10709268	0.11501396	0.37280402	0.5855024	0.5086288	0.652361	0.45594287	0.57599604	0.60525596	0.41342583	0.5487629	0.37555647	0.35904658	0.6266978	0.44728464	0.49704474	0.54375494	0.31666666	0.42726856	0.62627125	0.37636837
0.08937684	0.46286628	0.295268	0.5355531	0.49951318	0.30717868	0.35438588	0.7812357	0.4286127	0.39834112	0.3269494	0.5843924	0.5653707	0.7536842	0.5417186	0.25639433	-3.5762787e-07	0.5691638	0.1304721	0.5494338	0.8592198	0.77302814	0.32958317	0.7599874	0.38290274	0.77980685	0.59685284	0.13253278	0.52038085
0.08210021	0.43380636	0.31561524	0.50068384	0.57418424	0.30484176	0.290002	0.7843958	0.3518069	0.30850458	0.37643868	0.5520996	0.5781901	0.78994477	0.49831235	0.30949703	0.030514091	0.544594	0.1623629	0.5332322	0.90135133	0.78247553	0.33843172	0.6311242	0.3167221	0.8024062	0.56328344	0.08471051	0.53542876
0.50177544	0.20329058	0.33900112	0.30842587	0.3830713	0.5911912	0.15100904	0.19271818	0.28681406	0.51929814	0.24385072	0.2281398	0.2848238	0.26945487	0.34144077	0.577539	0.33114815	0.5124562	0.49549192	0.7323159	0.8765686	0.4523724	0.6677136	0.41576117	0.63209915	0.3269808	0.49377373	0.94252986	0.15002617
0.3846717	0.111462295	0.504694	0.3840696	0.5987363	0.4978457	0.25081208	0.47131816	0.740842	0.10520488	0.67951465	0.584313	0.452272	0.35979414	0.44717243	0.45630205	0.49178675	0.42724234	0.40743834	0.2594712	0.46793258	0.53653085	0.48252484	0.5387072	0.47476026	0.41269627	0.29502973	0.27838174	0.49120867
0.3842995	0.109040886	0.5002183	0.23336633	0.5145211	0.294732	0.65606	0.17239913	0.6688436	0.56256676	0.24381109	0.5543282	0.15980738	0.38184196	0.55494565	0.419727	0.36187494	0.5063449	0.6025687	0.38833204	0.5603721	0.6955128	0.6099745	0.20677775	0.5116285	0.6673011	0.59425724	0.80661935	0.580119
0.5707776	0.19304216	0.5356321	0.25798035	0.54275376	0.37263915	0.5287632	0.4155209	0.8878385	0.41922224	0.26576787	0.7317902	0.4172862	0.28716666	0.3013663	0.4838088	0.4295715	0.48315856	0.49377543	0.4789383	0.7340264	0.57855666	0.54917383	0.4438439	0.5668168	0.2508163	0.22132121	0.016710848	0.3754031
0.4719954	0.13798502	0.46934855	0.27328432	0.5703653	0.37256253	0.61310166	0.2921875	0.83535856	0.5553086	0.25951102	0.6560422	0.3240633	0.16300264	0.35393888	0.43930152	0.6254367	0.48530498	0.39749715	0.40521407	0.4507934	0.45207933	0.43095684	0.53237545	0.5321088	0.41749045	1.4901161e-07	0.23389462	0.26467365
0.46670717	0.12154457	0.449917	0.2534408	0.5606333	0.30807418	0.6437677	0.23726176	0.79737866	0.59049696	0.24622896	0.75494623	0.2824279	0.23338585	0.35690004	0.4145207	0.63110083	0.46078262	0.409326	0.38245097	0.35834348	0.40444213	0.59813225	0.3546259	0.61186504	0.6288377	0.11412877	0.23449871	0.36075628
0.7176349	0.08156547	0.3371374	0.27132487	0.51831245	0.18430902	0.29016134	0.5494234	0.2508226	0.43283308	0.0687677	0.5544302	0.49047983	0.715502	0.2502563	0.27778238	0.81803757	0.52236134	0.4263658	0.20611602	0.20239255	0.55831254	0.31284082	0.45786467	0.054786503	0.37664586	0.6168055	0.154995	0.5100041
0.5702348	2.682209e-07	0.30689853	0.17028302	0.6460974	0.28141424	0.32863674	0.4645486	0.29615247	0.5546049	0.0844848	0.49902302	0.47118744	0.7926928	0.2836946	0.13275528	0.8407914	0.4925637	0.52750325	0.27923322	0.4477455	0.34111214	0.37632585	0.34074938	0.07174763	0.30243057	0.63095325	0.11017075	0.38508564
0.6809893	0.011869431	0.30318	0.16301239	0.55218846	0.24621984	0.41488338	0.5218581	0.40242288	0.5967048	2.0861626e-07	0.39923996	0.46687612	0.8142694	0.26231778	0.21676998	0.6629875	0.3916837	0.45678756	0.4873628	0.6066658	0.4694318	0.17444628	0.28928035	0.12604156	0.5393045	0.8578607	0.34118927	0.4595767
0.3277166	0.12662026	0.61876756	0.81734604	0.5692461	0.40739375	0.55409694	0.46271625	0.59581536	0.4521385	0.23276031	0.1678381	0.795437	0.17105088	0.2122975	0.25606796	0.45482525	0.6667133	0.6999442	0.39229137	0.48229313	0.45750904	0.334476	0.49101314	0.59533757	0.6409956	0.85947204	0.5732897	0.5169276
0.3400602	0.44472665	0.85597414	0.75931156	0.4918913	0.45729285	0.5580632	0.34884068	0.53575146	0.45555162	0.30558115	0.23495051	0.7268754	0.259211	0.028659135	0.086043	0.49231654	0.7206006	0.6525158	0.37858057	0.61027837	0.45559534	0.46272355	0.3502496	0.6216699	0.9999993	0.6928239	0.72376144	0.3509985
0.14881596	0.74042046	0.650001	0.24350458	0.32681414	0.5146418	0.44739017	0.30063802	0.51787275	0.37666115	0.30195332	0.5688246	0.5251518	0.87333894	0.3934985	0.39110368	0.48912612	0.40470546	0.68956065	0.17878667	0.60549945	0.7749177	0.4497544	0.36873403	0.28397927	0.2526391	0.1229583	0.6014068	0.36401376
0.21253149	0.99999976	0.8543179	0.23120552	0.3025192	0.55567914	0.38267902	0.35918224	0.5789008	0.17544821	0.26357576	0.58385026	0.52746177	0.9621475	0.44173434	0.34923303	0.84957385	0.32153812	0.6257924	0.47722337	0.8957745	0.8783262	0.31619704	0.5084081	0.33461684	0.1364601	0.33813226	0.71166337	0.46927318
0.392685	0.27442944	0.6372934	0.84928876	0.5414603	0.035691053	0.5848062	0.5106685	0.15139872	0.38286322	0.19135301	0.36014414	0.44717884	0.021692872	0.5632516	0.39436764	0.72276974	0.48710892	0.051551044	0.8232887	0.9834918	0.34072372	0.73494196	0.63041896	0.3063272	0.34291956	0.51356256	0.40267697	0.44257465
0.37654084	0.22092313	0.6155826	0.91730213	0.5422014	-3.2782555e-07	0.49309826	0.5497715	0.16554537	0.1850357	0.19031021	0.4863495	0.52434593	-1.1920929e-07	0.5956284	0.45416424	0.76274	0.4781568	0.23377556	0.7420734	0.90384746	0.4616677	0.7763447	0.6463777	0.40394044	0.24318545	0.40224427	0.23508382	0.56143034
0.35067528	0.1993007	0.5464597	0.72412395	0.32518667	0.60554886	0.4272466	0.17503098	0.6867415	0.45803073	0.20694605	0.32688624	0.4512095	0.62230307	0.39833435	0.9295671	0.20885068	0.10724962	0.80528665	0.393397	0.088703245	0.4556542	0.72996956	0.6918637	-3.5762787e-07	0.6286419	0.55446315	0.18894288	0.5381676
0.34251183	0.39863163	0.67937845	0.6045142	0.36150408	0.57373047	0.36934933	0.12952349	0.6047347	0.34837136	0.24730605	0.3797634	0.40466553	0.49849954	0.40212005	0.9020909	0.2671665	0.19623712	0.61814195	0.37643746	0.17261261	0.43325317	0.67580867	0.6715722	0.08838484	0.74333656	0.5861928	0.09931153	0.5432421
0.64582026	0.5238053	0.6045579	0.4071099	0.2387414	0.55495274	0.1273585	0.23458822	0.22343284	0.29041946	0.3159241	0.27770895	0.3848729	0.3535953	0.38526177	0.71296346	0.3028918	0.40605497	0.4078084	0.6404302	0.84810853	0.2608227	0.55360365	0.36977595	0.7155273	0.7212229	0.4870558	0.41914055	0.16412196
0.46979663	0.120242596	0.399356	0.36450827	0.5474277	0.51953286	0.031150341	0.3279025	-5.9604645e-08	0.2026743	0.37085804	0.24813329	0.5467892	0.49480724	0.2296118	0.81525636	0.47693038	0.17976338	0.52191496	0.9865339	0.46012324	0.54420125	5.9604645e-07	-4.172325e-07	0.99999964	0.7263706	0.17011508	0.39683053	0.6325324
0.25368476	0.074148	0.30367827	0.5340734	0.3664372	0.655571	0.30377766	0.12385225	0.4963606	0.3744756	0.15318453	0.39277452	0.41853386	0.6196523	0.42935562	0.6430579	0.5185047	0.3515907	0.6077348	0.8921561	0.60659444	0.27944314	0.29125348	0.79901874	0.20525903	0.32194978	0.54323465	0.8031769	0.28623393
0.16487443	0.03359607	0.36257637	0.27604115	0.6763122	0.6146462	0.19752513	0.14392275	0.20100729	0.25680235	0.32687485	0.38712332	0.53133804	0.67544675	0.3896528	0.5662201	0.4630339	0.3170339	0.16501749	0.3081123	0.36116534	0.44319946	0.69744045	0.4104475	0.18168634	0.5181799	0.2036152	0.965479	0.3241983
0.60352194	0.62478775	0.5147756	0.35565943	0.027689695	0.384959	0.26796964	0.3805108	0.458014	0.34533757	0.19670518	0.045257032	0.4384525	0.02607587	0.5992986	0.33872914	0.5533487	0.39202547	0.44734648	0.2011213	0.32129377	0.74911946	0.29057023	0.41043732	0.35777694	0.64438546	0.42094523	0.40283042	0.2888475
0.49433914	0.4173208	0.32407615	0.38238207	0.14126301	0.23126763	0.25923815	0.380788	0.30044794	0.22166581	0.27517146	0.1918498	0.3738739	0.039748043	0.61813563	0.36504114	0.5510362	0.49747726	0.4774663	0.33264244	0.11043936	0.6667613	0.20619458	0.4138419	0.4035229	0.56719434	0.51383966	0.41816452	0.4309699
0.42822626	0.5532832	0.45056954	0.27074334	0.1716423	0.25396514	0.36240566	0.28233394	0.266397	0.3467214	0.32305416	0.19162679	0.2591853	0.13726655	0.56578463	0.22919017	0.4578688	0.5370793	0.508151	0.2686752	0.23005137	0.57104635	0.4027242	0.25381505	0.21271876	0.6372365	0.5291248	0.36891994	0.33309352
0.6602694	0.41946808	0.31516483	0.5458217	5.9604645e-08	0.25758138	0.14415206	0.55623144	0.45485184	0.060392648	0.23090807	0.32496363	0.44604787	0.19309977	0.71110857	0.5017204	0.6870364	0.48556092	0.6649647	0.25169697	0.29557097	0.7623805	0.40969652	0.4570257	0.5673401	0.5581123	0.75039136	0.35915875	0.21924476
0.57611156	0.6389911	0.50552505	0.4921104	0.30497748	0.6465814	0.2539854	0.25250784	0.31877416	0.99999994	0.30914736	0.6435153	0.79476213	0.5137815	0.31468028	0.6863434	0.57075274	0.676484	0.4004809	0.41519567	0.5884415	0.35895818	0.28154892	0.24913818	0.30786	0.60131615	0.36448327	0.38478842	0.32142147
0.21997365	0.7932613	0.43651006	0.24283329	0.34400812	0.49537313	0.34537283	0.72734314	0.6405302	0.42424166	0.26698357	1.7881393e-07	0.6689063	0.40533456	0.21471979	0.46508792	0.56963223	0.5445409	0.6123097	0.13695684	0.9699819	0.41670027	0.59854066	0.5140806	0.39804432	0.85138047	0.3893364	0.1077939	0.57645494
0.4198268	0.8238653	0.88895905	0.5033667	0.56944937	0.7624595	0.1756185	0.7899258	0.49697968	0.59751445	0.116263375	0.789976	0.43926924	0.4247397	0.7277978	0.15487418	0.7121309	-1.1920929e-07	0.6080649	0.26387355	0.6264525	0.36713994	0.4256215	0.46501476	0.46655506	0.5183061	0.31362087	0.5684567	0.41925496
0.33373407	0.5307163	0.63772464	0.62733746	0.5751953	0.6747667	0.28002116	0.7868042	0.26548392	0.8299176	0.21339598	0.6576052	0.34476274	0.20287344	0.3926661	0.18423668	0.3985808	0.27413356	0.47682866	0.27475917	0.2396681	0.18874219	0.69627136	0.4428975	0.3367114	0.3591171	0.7753571	0.66384506	0.6562187
0.24413094	0.4620218	0.55665034	0.58041656	0.7114313	0.54272646	0.22916384	0.74986964	0.19112167	0.6977087	0.23612283	0.6833283	0.3412231	0.17020294	0.48984545	0.24014105	0.32248974	0.31782097	0.48787865	0.024296224	0.27540195	0.54209304	0.28863418	0.5838229	0.8727803	0.54828477	0.341645	0.37583718	0.39158565
0.40638873	0.4080819	0.55346304	0.6380051	0.66446775	0.5643943	-3.2782555e-07	0.8910785	0.17214283	0.30923164	0.33591476	0.7366605	0.4293206	0.33541524	0.5597158	0.42522836	0.25125635	0.3193263	0.65228015	0.16409342	0.4346795	0.22626214	0.7750567	0.11134055	0.44280973	0.0983555	0.5933864	0.16694552	0.4785081
0.21629164	0.3509921	0.37001628	0.76746786	0.63903046	0.4296247	0.305318	0.8784465	0.281677	0.7528236	0.23549533	0.9431979	0.2299642	0.5159294	0.61022097	0.25803697	0.41422194	0.18600723	0.59038496	0.3924836	0.25440413	0.5691732	0.23502606	0.46185282	0.72708005	0.570966	0.38517368	0.65067804	0.22474787
0.94781494	0.75587034	0.28695416	0.4715235	0.70116913	0.26343527	0.076892674	0.45269448	0.28933573	0.26858374	0.2909908	0.19779669	0.64226717	0.5959327	0.46556634	0.5181845	0.47307622	0.56057894	0.5728077	0.114635125	0.73438394	0.24548516	0.5837494	0.82285124	0.45253745	0.47259256	0.4889136	0.6842034	0.02845198
0.34094894	0.105979204	0.58041656	0.9095855	0.4957883	0.40362	0.42230666	0.54852974	0.5139889	0.36600843	0.37407887	0.4658137	0.99999994	0.45985106	0.16739649	0.34916437	0.65103316	0.44966674	0.88690984	0.34001747	0.21834126	0.67953503	0.55347586	0.588592	0.7510294	0.7624498	0.58139795	0.6768155	0.48701805
0.39300722	0.27587885	0.24547392	0.33646926	0.22189106	0.25371328	0.39439964	0.26656145	0.24603066	0.58812517	0.31792572	0.26332623	0.46894154	0.1911506	0.6414143	0.32782122	0.31830364	0.39325762	0.65194595	0.34044313	0.37144563	0.9999999	0.47269845	0.34499007	0.46943837	0.18537703	0.513507	0.52532476	0.59792274
0.75059366	0.77376294	0.1557576	0.5548483	0.7572216	0.076951295	0.3844244	0.19126335	0.43907315	0.6516645	0.34893137	0.4234932	0.52291954	0.38468245	0.3550506	0.3072976	0.45298162	0.43932202	0.67906284	0.3672921	0.4183247	0.61835575	0.4367633	0.84408784	0.18210539	0.4010656	0.37723902	0.63049555	0.26783442
