Gene	IUPHAR	Shedding	ebBRET	STRING	Family	Class	PC1	PC2	PC3	PC4	PC5	PC6	PC7	PC8	PC9	PC10	PC11	PC12	PC13	PC14	PC15	PC16	PC17	PC18	PC19	PC20	PC21
ADORA1	Not-coupled	Not-coupled	Coupled	-	Adenosine receptors	classA	-0.26149114676257496	0.15887939970134968	-0.1122108809909221	-0.09807113188271316	-0.01582205695285688	-0.042590885907229606	0.01229280170768531	0.07230298557314246	0.3290375088324176	0.20542587989205077	-9.235392302395089e-05	0.01817463541823124	0.2115657654463813	-0.19608316656887745	0.1634117538509358	0.38177870282699783	-0.19471477101173879	-0.0165488439321768	-0.15890004708801553	-0.10932584472353703	0.1260364572779363
ADORA2A	Not-coupled	Not-coupled	Not-coupled	-	Adenosine receptors	classA	-0.3331682835906528	0.06899754089232356	0.13295758750811776	-0.19985957697673634	0.22460100115131565	-0.12469729124595894	-0.09434406037279956	-0.12324263990195507	0.38027643787481796	0.032007570909427144	0.3736388204002475	-7.674943905527936e-05	0.31958029833703816	-0.011267183885621377	0.3049784058150339	0.10668995604536162	-0.0005404367757977598	-0.05384677984730678	-0.038336877155186924	0.1161983891657278	-0.043462755228044554
ADORA2B	Not-coupled	Not-coupled	Not-coupled	-	Adenosine receptors	classA	-0.19997321686490657	-0.050054499565138445	-0.1761538069595085	-0.26930417866101847	0.058651367441410605	-0.06727406374832672	0.055025124845185666	0.3483275830159172	-0.34116510417626666	-0.24801997487521962	0.349633925280855	0.17062564745283484	-0.04545030652082167	-0.062214273907593515	0.12183600577683204	0.1006739523802938	-0.03779906848528519	-0.161585482976941	0.3403645642315828	0.18662761758190285	0.12143382013109064
ADORA3	Not-coupled	Not-coupled	Not-coupled	-	Adenosine receptors	classA	0.2607906915423019	0.2961106810994901	-0.19676914024255754	0.11513653441944162	-0.09998750528109922	-0.14803195401284538	-0.21560623499515144	-0.028688669548189414	0.009243259901693035	0.029949477814247512	0.004405140141516678	-0.23318276304563837	-0.15944558570345294	-0.11104300696551633	0.053394196215616016	0.10065266057050294	-0.12788763470600473	-0.4997637092290798	-0.16912093832569872	-0.3062609401492983	0.08081899548878554
ADRA1A	Coupled	Not-coupled	Not-coupled	-	Adrenoceptors	classA	-0.1031219831104165	0.18354938632534468	0.19918833667620367	0.31324609343261134	-0.3283840363909395	-0.19368690901485985	-0.04565138627380477	0.1369420445306243	-0.1536005873145514	0.3644190330708979	-0.1827405506383446	0.43929912682954225	0.09831560077899415	-0.37655205161671323	-0.13215233359531076	0.0777261126257191	-0.20700637630736984	-0.12227909776229116	-0.12889068644269777	-0.04057091287142316	0.009071573304250556
ADRA2A	Not-coupled	Not-coupled	Coupled	-	Adrenoceptors	classA	-0.10278808495470199	0.14635289585062397	0.17697046672056413	0.24536571061548113	-0.3192904920084712	-0.00038800150123490863	-0.1441558370663611	-0.17594303158881752	0.16547184583149732	0.3238604663133776	0.1594912929463418	0.5967603288613893	-0.1266118562833815	-0.22534494084111542	-0.1952708293748047	0.049871404249036085	-0.11276622587401909	-0.010559894768562887	0.0038523400741235663	-0.14562961751422937	0.17706658932976824
ADRA2B	Not-coupled	Coupled	Coupled	-	Adrenoceptors	classA	0.05198996980740702	-0.1972506363229528	0.41553613697718567	0.24115594168093196	-0.14195588103866907	-0.2312280643106549	-0.07464368456756826	-0.18452006905470897	-0.12530941343028248	0.4545686586021771	0.24087345960168505	0.16873550041402177	0.00699453742927439	-0.1403978223277281	-0.05653714586475348	0.057038334701938746	-0.3660629058116047	-0.10579642760630156	0.33732243145406937	-0.020030796314989007	-0.41153755708908907
ADRA2C	Not-coupled	Not-coupled	Coupled	-	Adrenoceptors	classA	-0.028442035893802838	-0.2229607659664555	0.50358357692674	0.4567236395761364	-0.21433874674392392	-0.09148086657876588	0.21262696693954866	0.2044383780736742	-0.04546094432198755	0.31889136476285374	0.1593189569864789	-0.02151233188709394	0.12603669719649582	0.09559179351979293	-0.15989707546395715	0.19673631751178838	0.0017462033331509686	0.08013096386438069	0.16816871569764494	-0.14559113654612887	0.0972166348655582
ADRB1	Not-coupled	Not-coupled	Coupled	-	Adrenoceptors	classA	0.03719381970530071	-0.19481399235949765	-0.08903190329941252	-0.059291369662182035	-0.03491362996757337	0.024954263404378042	-0.16213801578613385	-0.09535943096934338	0.4764599270367454	-0.11459414598023479	-0.21297459634971783	0.16729843745139394	-0.017294394329491262	-0.21377232481074954	0.11935521704647215	0.025845508677990486	-0.12917456938275143	0.041582930401272124	-0.17599796070456067	-0.010769168627941417	-0.266780936229092
ADRB2	Not-coupled	Not-coupled	Coupled	-	Adrenoceptors	classA	-0.434022237009063	-0.10808277605767042	-0.07490659009856712	-0.02218175075354244	-0.3844761128429743	-0.005981758075045667	0.11276309842417842	-0.009261049533089814	-0.40350742046826915	-0.14721087703830266	0.09492407590846222	-0.09170256253161226	-0.06665144816039452	-0.1576321270128342	0.01348013628433248	-0.036073172129433624	-0.16834044294133016	0.0809785322858923	-0.0614124334568859	0.20895280680196224	0.3166674638679813
AGTR1	Not-coupled	Not-coupled	Coupled	-	Angiotensin receptors	classA	-0.2583968262118704	-0.12462210996626537	0.20368057426642466	-0.18475957246477498	0.25416805684473204	0.03735128616270172	0.15305049686592778	0.4506458795140562	0.18204462526180207	-0.01748247394848368	-0.38169857888973935	0.11154149978209112	-0.10279733792749882	-0.17006912958722953	0.05237419322628201	-0.41463217119135876	-0.09958510384493123	-0.1667095755201556	0.09556952084890187	0.08329669481685685	-0.14000735895865918
APLNR	Not-coupled	Not-coupled	Coupled	-	Apelin receptor	classA	0.3224179490405353	0.003856259122106004	0.134399023844568	0.0012834527460463905	0.43607030926613366	-0.09302579899728955	0.393668807205399	-0.24213568934091942	0.1463256699267505	0.041335267551416054	-0.2362347104667823	-0.16861677468975808	-0.10870301917662051	-0.20777354083141045	-0.1610012959035509	-0.19256552840438773	-0.06697576622272558	-0.13744315116180905	-0.16366011344473047	0.08376360288663272	-0.13571014999562006
AVPR1A	Not-coupled	Not-coupled	Coupled	-	Vasopressin and oxytocin receptors	classA	0.5105319055489026	-0.11292813421670102	0.27716666414381563	-0.020518214735588274	0.0885794696808667	0.0108573129017845	0.3712503593860161	0.19829993766965692	0.05996445732499424	0.324565519896545	-0.0007216692412846372	-0.0265791423088302	-0.2014615094516696	0.0672564650477553	-0.07771772135048527	-0.07733452602447291	-0.03492768596897432	0.22457880989976134	-0.13971996080170826	-0.12874834307183738	0.0503573222470266
AVPR2	Not-coupled	Not-coupled	-	-	Vasopressin and oxytocin receptors	classA	-0.09335860136199409	0.38781141447865214	0.04479247689047531	-0.20605088952522188	-0.4196463045921936	0.3173323542653854	0.24373623451076668	-0.4557923598777588	-0.10666254288568923	0.007537992824298458	-0.006237464474901101	0.03345784291392688	0.05840685153959633	-0.08749135879080105	-0.00773678988908734	0.13822095556927771	0.16913031413037474	0.32071428781553807	0.14467931107067555	-0.1192554501984914	-0.16917022393287837
BDKRB1	Not-coupled	Coupled	Not-coupled	-	Bradykinin receptors	classA	0.326366527330474	-0.054503078620399034	-0.19033536085167663	-0.2223480298096562	0.12338269634130204	0.021274108708911763	0.1948762933150268	-0.2204243611203334	0.20058049218738036	-0.208520841986134	-0.3467266767017702	0.2856460951945863	0.06964271625858982	0.31813241514423846	-0.08895182841049463	-0.0048953951766781256	0.012321044879838346	-0.1581431649759825	0.0756691088711786	0.01846674180013389	-0.021142187172128863
BDKRB2	Not-coupled	Coupled	Coupled	-	Bradykinin receptors	classA	-0.2998113590274029	-0.04242179786816144	0.03516194113320002	-0.23939389226307897	-0.1609646715630384	-0.03688408361245312	0.07741775595822965	0.062476652642840955	-0.22314618268421355	-0.019101214275152874	-0.1279112014044542	0.010511080488219159	-0.16883825919838466	-0.2605649818010816	0.14721963709035962	-0.08483744320193178	0.40692073763434916	0.07107793808887652	0.1374123451533432	-0.10625893649686921	0.01729141512434157
C5AR1	Not-coupled	-	Coupled	-	Complement peptide receptors	classA	-0.20923697205783687	0.033263474724477195	0.10216734049006798	0.0557789342386671	0.3795149438381162	0.4452657694441723	-0.20593035452656785	0.09634887321036002	-0.07936105275427079	-0.18738136046466497	-0.004639378976585777	-0.18320461701751056	-0.056623218543766604	-0.33402362581352646	-0.26541517980525264	0.22643859223599772	-0.20907497712862047	0.09065831844535208	0.023827029884929456	0.20896904606696448	0.1296386823145404
CALCR	Not-coupled	-	Coupled	-	Calcitonin receptors	classB	-0.12868968275651946	0.3698135450945775	-0.12441918391670914	0.21388809420046093	-0.12012244672655915	-0.18872754507701137	0.14254982123782578	-0.023983792352069808	0.05205314096970324	-0.040274031112383625	-0.20926685781795754	0.030759757447531736	0.27211624934867423	0.3960523127506135	-0.3141601158401703	-0.25712820068720993	-0.18934377550045953	-0.11030504197100272	-0.1137032128674148	0.008161843747582892	0.06389841185613114
CCKAR	Not-coupled	Coupled	Coupled	-	Cholecystokinin receptors	classA	-0.4284093452346367	0.2695746603914061	-0.1130918809997809	-0.23515599902958437	-0.041099826887800193	0.12543289800110624	-0.10300378618070583	-0.16127014326282899	-0.21472424703013457	-0.17212403243784402	0.12862365437340026	0.24893764476259223	-0.17534160431923557	-0.16167288940711935	0.036468619704224145	-0.06883938376590268	-0.243670455759586	-0.021572631631150488	0.03284225846718545	0.11699419337991673	-0.04888942328739188
CCR5	Not-coupled	-	Coupled	-	Chemokine receptors	classA	-0.00010990059110508918	-0.22303311624309885	-0.04727878721944287	-0.05314988613249656	0.021216553072745798	-0.0967427958410651	0.043550434484750565	-0.20337519292235134	-0.010026604635439444	-0.18405764362158675	0.17154207446885528	0.08496415288102374	0.0418521756714829	0.18474254832919992	-0.023047342728271088	-0.2998103063964092	-0.28766503483829914	-0.04920469431898615	0.04068433323937852	0.010819699077319191	-0.19025143995498348
CCR6	Not-coupled	-	Coupled	-	Chemokine receptors	classA	-0.28799622454781865	-0.03876301982371619	-0.10347810729750154	0.1793505477904316	0.19160223417535263	-0.10197063284317388	-0.10022343276542799	0.058866698432772854	0.028785714314767397	0.2651871937057549	-0.027735832083661156	0.4421566969968122	0.20666276742689388	-0.07134238590216496	-0.31871265603107085	-0.24792005833852662	0.11585182950747148	-0.18750769300430853	-0.011882933399147987	0.07557303962847593	0.27559304321673334
CHRM1	Not-coupled	Not-coupled	Coupled	-	Acetylcholine receptors (muscarinic)	classA	0.0026368000053769982	-0.06171067076857903	0.031209134601417502	0.18384112836134445	-0.05911534143343152	-0.5073944537884463	-0.3677830277741157	-0.0150769343527341	0.21173285078570817	-0.11136881422380299	-0.01178412598876067	-0.006685998729981114	0.17871759532658274	-0.3332193179672125	-0.08117108824924915	0.18002783262366628	0.2964197863551705	-0.07237517686525861	0.05935128107730761	0.265950160739007	-0.23603263465710403
CHRM2	Not-coupled	Not-coupled	Coupled	-	Acetylcholine receptors (muscarinic)	classA	0.3054884173006062	0.24398092324613524	-0.25345734768109135	0.4852258384901007	-0.011520606955946072	-0.1686423464779124	0.0830511554136052	0.04042436627572757	0.07423159110533552	0.006208062145756989	0.27589122367779306	0.06873409141267733	-0.08210411536061565	-0.2629654488441679	0.14209959867407632	-0.1406010302588027	0.5327704830759288	0.11570145036853777	0.1913034082248257	0.33370628793495904	-0.30663028778589607
CHRM3	Not-coupled	Not-coupled	Coupled	-	Acetylcholine receptors (muscarinic)	classA	-0.23923803498472077	0.33348401295545627	0.01343812990500522	0.18888817740496644	0.38887666390139064	-0.4065880079312196	-0.214584517935534	-0.19415314612138118	-0.1322958138044087	0.05412674642626685	0.18408615126245328	-0.1005930338517559	0.16551262857382568	-0.17028469653536632	-0.2776149678953321	0.05613961953896919	0.19684886892484066	0.1090724324564779	0.07517326539970783	0.08631738174903619	0.0018175947225174804
CHRM4	Not-coupled	Not-coupled	Coupled	-	Acetylcholine receptors (muscarinic)	classA	-0.28168244757098737	-0.46153634869348703	-0.28019798419810915	0.12342671176385402	-0.037119606587605415	-0.06638138027139116	-0.09067428348163573	0.13724570445479217	0.11538061195838081	-0.1498961807502882	-0.08615112191157652	-0.13188218827973455	-0.20899282640757685	-0.0327791273007149	0.03884928212356879	0.19784213266812903	-0.06441061417202375	0.22772392957772053	0.07634495826427036	-0.14310925428321775	-0.07252386404133968
CNR1	Not-coupled	Coupled	Coupled	-	Cannabinoid receptors	classA	-0.05722889217094647	-0.2906181514394677	-0.13323702417479208	-0.03997484014092883	0.05438508394640373	0.05174994634888352	0.17960347488948653	0.47971761755955944	0.21652295391398832	0.14178743539483132	0.14231757122281966	-0.11226832082381104	-0.0027729294440574366	0.10990452027157084	0.12363376417676361	-0.09805828104457887	0.15045045222490908	-0.10128843481301564	-0.20526153606082317	-0.18354356322044954	0.1038757528270384
CNR2	Not-coupled	Not-coupled	Coupled	-	Cannabinoid receptors	classA	0.24097840351308114	0.14340835690540873	0.0490574572825263	-0.11955244303170483	0.1782471417979464	0.26136775441174037	-0.04306490208543276	-0.4483822741969554	-0.020084549217595008	-0.04720698010639389	-0.0662335714392923	-0.3667907961563383	0.08924789805673508	-0.22311669426857045	-0.05575492897244274	0.04767871768396963	-0.09146379621772577	-0.2357268096395431	0.0775445151928497	-0.01043118321615196	-0.015410337135695248
CRHR1	Not-coupled	-	Coupled	-	Corticotropin-releasing factor receptors	classB	-0.2908998214992724	-0.14345553008360867	0.2364863992642233	-0.09247721128666193	0.03731046368193438	0.41979061984600013	-0.07057635416574093	-0.16053689329626164	0.05571788212261994	-0.18686108958994016	-0.15712024394364638	-0.0064273069115780715	0.05639456824441406	-0.08473137796207814	-0.0972035875249864	0.027320329313140292	-0.00010809409117520741	-0.03899569374267462	0.11590429197383245	0.0335496737792612	0.09619392678420191
CRHR2	Not-coupled	-	Coupled	-	Corticotropin-releasing factor receptors	classB	-0.30192208660433895	-0.17518903886260845	-0.19639520644408665	-0.09575002048576603	-0.36342406894945023	0.17019410950274996	0.07842929517748858	0.33712635395308227	-0.12005347499030308	-0.05637697260844814	-0.003399988559982419	0.06367377123218419	0.22208850281128595	0.17166860124936847	0.05164091317150773	-0.03280557185221759	0.15694546402514264	0.06769736566922797	0.08435050826666333	-0.10026533768154695	0.09819645637097772
CXCR2	Not-coupled	-	Coupled	-	Chemokine receptors	classA	0.3412041871183261	-0.37813134810522114	-0.10876364390888689	-0.006784358462161862	-0.4188650268402911	0.05154370793168987	-0.07858155212148044	0.1731992320353784	0.12553777910654426	-0.09966217713777074	0.14835704574773023	-0.08728836746806592	-0.3549980429875007	-0.3337493130941753	0.24608442587815943	-0.21581039355232143	-0.2754839197432137	0.14496805735739915	-0.16694342334548146	0.017975976126053828	0.10218870655241027
CXCR4	Not-coupled	-	Not-coupled	-	Chemokine receptors	classA	-0.42105718760223293	-0.0034608975395531002	0.01023715851702513	-0.20802004769417015	0.01754879852089972	0.2232865258943016	-0.1786829734846105	0.027554495000441166	0.09207221461879811	-0.02073967389381071	0.08898394693669875	-0.021020136588360057	-0.11506536243399165	0.08162829961736355	0.0382270322366735	0.1485987722853784	0.3225008446749193	0.04175697304163212	-0.11211289917987824	-0.2536262413269471	-0.12999956645965408
CXCR5	Not-coupled	-	Coupled	-	Chemokine receptors	classA	0.08717277807187222	0.13037391400991885	0.13554759591641583	0.03873197380004145	0.025630731489031538	-0.07810521010293543	-0.2584476054297493	0.0314102566508805	-0.24286469102883923	-0.28524062361677666	0.46505430096895295	-0.044584228957782454	-0.24462298140134978	-0.002855675924302174	-0.0754744643535575	-0.15571100725741388	-0.21562101063347644	-0.13551326025794858	-0.26697146225365553	0.0263036257764985	-0.3570211470668648
CYSLTR1	Not-coupled	Not-coupled	Coupled	-	Leukotriene receptors	classA	0.028153185793609387	0.04774751987215057	-0.1824169308076986	-0.10575268689959427	-0.16521169447424108	0.042351280202824026	0.07106101449836114	0.06576191742181488	-0.37974058037149716	-0.1427470868759619	0.15379589551824532	-0.008134918444574544	0.08987094954161463	0.0704412253262891	-0.01439092059293331	-0.1698765938142345	-0.04164666825852249	-0.12678554404859588	0.014141358246450167	0.06392220844510343	0.11616345903907335
CYSLTR2	Not-coupled	Not-coupled	Coupled	-	Leukotriene receptors	classA	0.033757127978315385	-0.007977598757501977	0.08472305731961942	0.20795353449461637	-0.19054516505305202	-0.2670740143761375	0.10705292813853604	-0.2717962762549666	0.2956891404251006	-0.11376375492455613	-0.09147179533150833	-0.25755584831154166	-0.22381895771599	-0.0029346209241851843	0.09868122828512647	0.05100568676076709	0.06335938376115739	-0.06026131572868333	0.06885340674697843	-0.04489870057010928	0.10125240350274088
DRD1	Not-coupled	Not-coupled	Coupled	-	Dopamine receptors	classA	0.12313428704414035	0.01807424783640096	0.14211516384630155	0.16253976150333263	0.11263253352899376	-0.15262953928723047	-0.26842460387886563	0.13031010299209797	-0.3401191405309012	-0.1947732774451066	-0.013504764243761864	-0.14492122208525876	-0.00247842157278994	-0.0012572338897644281	-0.35024011465925114	0.09323701360713386	0.19476629023265407	0.11928480428513297	-0.19531798077331278	-0.1709666248716528	0.06828703276509382
DRD2	Not-coupled	Not-coupled	Coupled	-	Dopamine receptors	classA	0.2539062870317273	0.03294066005590258	0.28771978630830436	0.17119259359604905	0.021013600491291935	0.05108115455225183	0.25311806794263064	0.06180200159307394	0.500688221323403	-0.07298747543164992	-0.27699809687246163	-0.17408010533434315	0.0015381345900045671	-0.15910130757754054	0.05633856091039256	0.2185064672768341	0.02106559178982595	0.100476165324388	0.18670365748974632	0.0742275833636936	0.02181318023625684
DRD5	Not-coupled	Coupled	Coupled	-	Dopamine receptors	classA	-0.23903824108507227	-0.09039372871626221	-0.016744123570462018	0.02982829615437761	0.009943009496425558	0.06872571662290605	0.03721183837187062	-0.22508834273746117	0.23326887646514594	-0.24418343933452621	-0.08811038903509051	-0.13990325496922246	0.2833322625653921	0.2204657812636857	-0.14780378770108146	0.13683985790643058	-0.0476072512913617	-0.19653887597049616	-0.09729042298392235	0.0717765507901964	-0.1238560614237802
EDNRA	Not-coupled	Coupled	Coupled	-	Endothelin receptors	classA	-0.3457967244858665	0.2790726737149272	0.23796593900101753	0.11605130273131387	-0.09043774802816039	-0.1469918438251001	-0.08101318653175114	0.05774451804441033	0.1817997854820537	-0.1352351770869747	0.09648028295549392	-0.4065437414014798	-0.19568844920690304	0.27494102993471076	-0.020793085964346796	-0.21761980060530917	-0.21076872354734733	-0.18642383172623053	0.5817357331094495	-0.004437371015253201	0.1978221339056711
F2R	-	Coupled	Coupled	-	NA	classA	-0.1956391241024991	-0.10519575251498237	-0.332962766395888	-0.21898321537767707	0.15817786419717034	-0.2318051985194959	-0.08097588044397386	-0.051569816736635896	-0.12095426862582094	-0.03258542620600624	0.11062908280031909	-0.3440907065956454	-0.08985531172400502	-0.16569405752885685	0.055720655006852776	-0.05126550685474485	-0.1455282098710803	-0.12878390091565026	0.15804423381153362	-0.0038043086676671466	-0.015122437172298471
F2RL1	-	Coupled	Coupled	-	NA	classA	0.35326134859302455	0.5335133983769651	-0.11501096887704405	-0.3421846590539215	-0.29840094453086335	0.0714900915885903	-0.07886410590076509	0.023585661864404566	-0.10463744238539548	0.14007075506125247	-0.11880666107252259	0.1420834055069421	0.21267610071392176	-0.18253245122226391	0.10131599477463743	-0.19386438838278938	-0.07115021967198885	0.048721776965500445	0.1709861138755387	0.021082952458500843	-0.04049595369590199
FFAR2	Not-coupled	Coupled	Not-coupled	-	Free fatty acid receptors	classA	0.19395677853546409	0.30272198413286194	0.0021826613255710157	-0.28152152515395035	-0.20530310824387366	0.24851518249066729	-0.2312238790606969	0.2753661594671921	0.2212433139026809	0.15833668500289164	-0.12674287527386932	0.19759280913675278	-0.11965747885100615	-0.06924710964804942	0.1366613320093388	-0.13704923674044173	-0.02728059665223406	-0.08192601636716632	-0.005551049981027244	-0.06426052402568475	-0.20807344192548466
FFAR3	Not-coupled	Coupled	Not-coupled	-	Free fatty acid receptors	classA	0.10449548832987138	0.07422823455891552	-0.040487841369763126	-0.3315765272358205	-0.11962473707465152	-0.04527342403093423	0.1893340905667637	-0.3292901760150884	-0.3355877193082138	0.008943706245780699	-0.10100368301294527	0.21076852397369586	-0.15516047213806844	-0.044153713731373036	0.11108757683279873	0.1781487798764877	0.274796579361747	0.005329308459964382	0.191075269993057	-0.2697109796175297	0.06959004298781178
FFAR4	Not-coupled	Coupled	-	-	Free fatty acid receptors	classA	-0.08648319637836592	-0.05246555202900657	-0.2177250362515995	0.08344995059125784	0.004368081951222403	0.48420597766386925	-0.01603585714547765	-0.04972046355556241	0.18528215124145614	0.17649196290161137	-0.0219328902258168	-0.16916121181071572	0.08608434896055875	-0.051592238665599276	-0.13640109351487553	0.14511562537397552	0.04555627725601029	-0.17548436800982642	0.06803707259288239	-0.029798482579398957	-0.16811539120861546
GCGR	Not-coupled	-	Coupled	-	Glucagon receptor family	classB	-0.12232641382573893	-0.14116924305957107	0.16313528534838548	-0.1371441176788499	-0.2677144201154614	0.10697099045395612	0.10531571022283172	-0.0516328190964434	0.0013403123350956344	-0.04349878566503119	-0.3259892659171001	0.062247440173005396	-0.05045383466492733	0.027626961631046297	0.0909784638770541	-0.2993544863313887	0.10078613483131436	-0.03053545141283419	0.19076622706936286	-0.14852798008148826	-0.23805804988709156
GHSR	Coupled	Coupled	Coupled	-	Ghrelin receptor	classA	0.08278480209329335	-0.16360852820021046	-0.19961222605253529	-0.1569277988958246	0.055964917192224344	0.47350780246390706	-0.5128590289117355	-0.28710675501922145	0.044156486433798395	0.22627545718402298	-0.0955679440412469	0.3018139080463841	0.1605437866565588	0.1604199629668801	-0.17766402799399728	0.132923501784777	0.01567266828023801	0.06017791837801587	0.1458755423507597	0.07660744109946672	0.259915312022104
GIPR	Not-coupled	Not-coupled	Coupled	-	Glucagon receptor family	classB	0.051446569034421366	-0.17577320142342948	-0.0020369850385116442	0.04806815659963517	0.08103335442496802	0.4363162013001026	0.01828306885855719	-0.05623644023875521	0.14027108049705575	-0.0004328872751537555	-0.012070185361633663	0.010409362535861283	-0.038309888117108004	0.08520275253777053	-0.1698022055276291	-0.07118452682377054	-0.00949326787482465	-0.24565299119699466	0.3424648837744169	-0.019461767340363267	0.22719581891456092
GLP1R	Not-coupled	-	Coupled	-	Glucagon receptor family	classB	0.3764675363820215	-0.0893343058869531	-0.36630979140193304	0.30391279033433866	0.010106934528053474	0.5415448554755701	0.0474725710335019	0.17889395870441846	-0.06154395264211139	0.11548740191596023	0.21104653457890948	-0.023967993003567847	0.16227996914650722	0.05797727041417838	-0.031006320332226864	0.03145510093357006	0.2671950905392856	-0.32925207234841947	0.033924296855427555	0.06411599391141931	-0.04429990161188707
GLP2R	Not-coupled	-	Coupled	-	Glucagon receptor family	classB	-0.2586311589000642	0.501842199795321	-0.2362422619357808	0.10912944177841036	-0.030103054332264644	0.22704527234733377	0.537468177363107	-0.09872727107121365	0.065057334508693	-0.08018432611264957	0.3007229031197772	-0.1410880180261214	-0.020459441920274418	0.10321224598185956	-0.21046390923965427	-0.27442534558304815	-0.06184367711106621	0.09739065777853259	-0.20994557492548346	0.3368992878072987	-0.09150602613584256
GNRHR	Not-coupled	Not-coupled	Not-coupled	-	Gonadotrophin-releasing hormone receptors	classA	0.19589745943929854	0.39959637242503	0.10899154192327488	-0.18924075607490354	-0.3324332355911557	0.1306940141919822	-0.1552718644447283	0.14017956632589476	0.15828774511044796	0.48227851077429706	-0.11059346763613498	-0.2229204555516978	-0.04461917641248278	0.47208339640836533	-0.06575783239872443	0.1284765024153355	0.09141083492461058	0.15968663110388473	-0.1058681922540979	0.6908560971640977	0.26177279545369053
GPBAR1	Not-coupled	-	Not-coupled	-	Bile acid receptor	classA	0.20029610648631826	0.03964563534958551	0.046620985575543165	0.0013263230729488528	0.10771281710592728	-0.10899185316090931	-0.1172244907529111	-0.1793739931507594	-0.15823798964947397	-0.25596189707259154	0.30799822434272595	0.2009162164819184	-0.009260663156764572	0.11081350000521548	-0.15119562702444986	0.046562589743743284	-0.27607453876016225	0.138474283640384	-0.4003215762415396	0.07246326080420001	0.05016281924934624
GPR183	Not-coupled	Coupled	Coupled	-	Class A Orphans	classA	0.07965521484636853	0.5348406175355251	-0.22993457132685532	0.06414921727131935	0.20577677980296968	-0.0766589631211598	-0.1638326874243941	0.020310321011472655	0.04425470978918406	-0.05663534291525189	0.020949484990064347	0.013778210358649722	-0.49406805173425233	0.14213629818493068	-0.37148554288042906	-0.09738985343030943	-0.07160014580311906	0.17475820972331	0.09386601395699863	-0.32354423391641085	-0.10953480510645143
GPR39	Coupled	-	Coupled	-	Class A Orphans	classA	0.1390322083180239	-0.06293503700803509	0.20121916759928943	0.04970448315138351	0.019792718555786886	0.3548057968883889	0.10700567465903779	0.08376668348896567	0.16765094493043592	0.06329487657751845	0.19504672745691648	-0.3532021119987937	0.12298171184607566	-0.05126110436571378	0.06740254455434992	-0.23663780470066167	0.002130647494012867	0.22257650039137764	-0.20181668495976712	-0.03515109456231498	0.06582493852940192
GPR4	Coupled	-	Not-coupled	-	Class A Orphans	classA	0.2063643297789975	-0.38882945372079897	0.4484987033211859	0.10832474442316245	-0.1239214984796398	0.19184352861990114	-0.37097274402170843	-0.19223403789253457	0.0548266002101586	-0.3723064131504905	0.26591580908985263	0.3004675598220089	-0.12249513997842028	0.2900003403311864	-0.010634803422025337	-0.3765875351734267	0.14216789342311448	0.08464030417945892	-0.060265452243506046	0.18957005999933102	0.07636795668487305
GPR65	Not-coupled	-	Not-coupled	-	Class A Orphans	classA	-0.0007358402383628734	0.24070526946653928	0.31831846892932353	-0.060031396779704954	-0.06081074515650351	0.32657071661296805	-0.4860001892729131	-0.04462702751195872	0.3720521374783015	-0.010221206752669715	0.2782078523269236	-0.039788202142488696	-0.0898331899575566	0.04484446164055022	0.1381314059484084	-0.1232345521590714	-0.09879804905511799	0.06412169846503997	-0.21913080351316208	-0.13982529492309845	-0.08027676240586927
GPR68	Not-coupled	-	Coupled	-	Class A Orphans	classA	-0.2281740531843055	0.2749479717974512	-0.14319948175224492	-0.06071089578225872	-0.008104211547043067	-0.11604698322284145	-0.09579257185370561	-0.05922379038492919	0.08967661651078555	0.20841579652429917	0.0804601252616806	-0.20385539965986013	0.048757310737550276	-0.11469656635905814	0.07033558106324714	-0.13828876433688986	-0.03657481183806585	0.16878452642875685	-0.0777648773410619	-0.17896090502221162	-0.02538621720676837
GPR84	Not-coupled	Not-coupled	Not-coupled	-	Class A Orphans	classA	-0.28568715329623356	0.08210266140941916	0.19568814142581137	0.5018462637223745	0.23540788931110537	0.20698989028270884	0.032689870135532394	-0.2920051194942968	-0.17690622752802662	0.06946293635825433	-0.11641749278461742	-0.08030330550293933	0.021635931009138847	0.33353214743493576	0.5643229065177783	0.02581645744158335	-0.05436759571241108	0.018530279838263497	0.14087129609464275	-0.0284456199335615	-0.11985052103599524
GRM2	Not-coupled	-	Not-coupled	-	Metabotropic glutamate receptors	classC	0.036944597400097604	0.11841077278105866	-0.1628090190548941	0.4927176339407998	0.2301910803996957	0.15225859612167986	0.004225302978350386	-0.050574334260036276	-0.47407464870964766	-0.021921301774870484	-0.33934316722176167	-0.02464255694800076	0.11082443960152293	0.1386394381398715	0.4589471917312291	0.0450280939088016	-0.04219396439564385	-0.030659737873359832	-0.19751623673323948	-0.026033942510724113	0.032491785169879744
GRM4	Not-coupled	-	Not-coupled	-	Metabotropic glutamate receptors	classC	-0.005751765107777375	0.1756047638709862	0.011387682397271412	0.4272084044286149	0.29668222213080436	0.03994626772340024	-0.15427943710784792	-0.08377222280662398	-0.21331716361031142	0.1218299957372307	-0.3506666362290621	0.14399032878865298	0.0024059484758137076	0.24456945527213794	0.5262000265798522	0.0002212178518072726	-0.14579356345756228	0.17193799880758043	0.013423365593216517	0.009438805627846866	-0.021176065981515637
GRM6	Not-coupled	-	Not-coupled	-	Metabotropic glutamate receptors	classC	0.036967603224582896	0.06567514746550211	-0.16625105128427545	0.4918023047271995	0.22841100327137612	0.06167736917088828	-0.16741026456664027	-0.15260583496916397	-0.31834183375246006	-0.13907766511617434	-0.2254074293949482	0.1137799112229844	-0.162868544884217	0.11319056599940658	0.4961703607809307	0.08064813693775606	-0.15961442838360848	0.046846909137516705	-0.13022059102447806	0.03272150275094954	0.07125779909792844
GRM8	Not-coupled	-	Not-coupled	-	Metabotropic glutamate receptors	classC	-0.015194583836250223	0.08430382338067696	0.09476074465179425	0.039460135886182204	-0.31768599083512283	0.26006907896433373	0.5010635003512702	-0.002243682746783665	-0.30010282841544716	-0.1605170381739592	-0.0998445599601252	0.09832800519677073	0.12369836833729553	-0.061102328091707805	-0.07153890688577758	0.15317139479637842	0.12364234317055117	-0.0858550646995972	-0.25838698105894997	0.018099757447615272	-0.19256868871434857
HCAR2	Not-coupled	-	Coupled	-	Hydroxycarboxylic acid receptors	classA	-0.10053416548308033	0.04237131360325601	0.0936135743851358	0.05888924903414726	-0.3507822143374671	0.23380567622175574	0.28521933512871084	-0.08586200699582379	-0.2040635553429623	-0.1632328076901016	-0.006519057466170152	0.026089136884987266	-0.08628956090011203	-0.18221809240870115	-0.015763923601875306	0.27632142127482645	0.22017085415800172	-0.18613399484039386	-0.2423115214994053	-0.1030687126912888	-0.20500081630897155
HCAR3	Not-coupled	-	Coupled	-	Hydroxycarboxylic acid receptors	classA	0.22531477095351238	-0.08172942124886586	0.1041240501703096	-0.05596866733922899	0.2716454076851526	-0.008831545156642678	-0.20713307820774368	-0.18342280492298094	-0.07936895762988169	-0.17556632607071174	-0.14845370906769567	0.05116896276112285	-0.2983344886130637	-0.0849941052654575	-0.23621461213241063	0.02330497603821055	0.0803147376642856	-0.06404288939042999	0.029527129376512633	-0.13916135941539873	0.15199584993244528
HCRTR2	Not-coupled	Not-coupled	Coupled	-	Orexin receptors	classA	0.08670476750758414	-0.223949028491949	-0.3120914863810383	0.3247764960131573	-0.008300758384100356	0.07329134473306227	-0.046356625614163864	0.2566513298169382	-0.050152565639244605	-0.001149861575444155	0.0633028657993373	0.021923719904275024	0.10772425588894358	-0.08212918346627773	-0.22844471537373712	-0.17064015555050843	0.0064904662529281475	-0.03200588491442776	-0.0968664669257897	-0.04694136879686249	-0.06714045985334952
HRH1	Not-coupled	Not-coupled	Coupled	-	Histamine receptors	classA	0.08711887953648077	-0.06268683663574277	0.006865869414153484	-0.205189675448825	0.06299284225840576	-0.21621506886905312	-0.2372606820710011	-0.3514551846287828	0.10433664505744976	-0.01691235706632876	0.18204023081508047	0.10963078432900125	0.3602351159617481	0.04210354757978083	0.13280891904973915	-0.12035098085853708	0.30824577037065654	0.001121593383330935	-0.031177333257562567	0.0054979842164399415	-0.02146757565850674
HRH2	Not-coupled	Not-coupled	Coupled	-	Histamine receptors	classA	-0.346996980300346	-0.29776879228684366	-0.06370596902528497	0.13920488261843217	-0.06546600415071185	-0.20985459342937557	-0.05161188950529395	-0.04456512353215081	0.25798868243983547	0.1781626883125937	-0.07241908323872709	-0.0045821314694106195	0.32107126282409054	-0.10350833493486111	0.08495376972774811	-0.03409203268768316	0.05976427724589658	-0.013767675674396351	-0.3838791904320405	-0.05935696428146854	0.17597936958032065
HTR1A	Not-coupled	Not-coupled	Coupled	-	5-Hydroxytryptamine receptors	classA	0.08613661114641681	-0.026572619926253115	0.2454645836503681	0.033401335072454255	0.056556234622507175	-0.20812713711072886	-0.09911508979209094	-0.16854177036475304	0.08367812486564394	-0.10804768855102459	-0.062182501566953687	-0.05135805490753049	-0.31536209480764577	-0.029095326805257567	-0.008289027210719276	-0.24387226460577047	0.24810384767785054	0.08703659351115071	0.017720397303549053	-0.018051246304232157	0.24291279732935897
HTR1B	Not-coupled	Not-coupled	Coupled	-	5-Hydroxytryptamine receptors	classA	-0.004403273554613654	0.16290674407964897	-0.004413587167756618	-0.011824905906380856	-0.1591469657007903	-0.17064197880177392	0.16285524751523078	-0.3035327644045526	0.1765907582032865	-0.03736126284195601	0.05945312246821847	-0.07235634898835609	-0.36396951606440336	-0.06034204693862889	0.1660484260481548	0.007412978165022539	0.38038014113570123	0.1930685547307979	-0.10958544279775649	0.03952825296839781	0.4578727328434047
HTR1D	Not-coupled	Not-coupled	Not-coupled	-	5-Hydroxytryptamine receptors	classA	-0.10461507154183904	-0.26695405048463333	-0.32157646291808983	0.27316322712917135	-0.2053566932694851	-0.20432098399732632	0.02855758726710467	0.0579274011101571	0.4726289245917941	-0.1396104941251406	0.028617493104378236	-0.08799960761144011	0.06256357003342478	0.2530323862622823	-0.08682065607835208	-0.010912067038202414	-0.03519959221263804	0.11670220387453659	0.22608387654173848	0.041136514772862925	-0.1805328104853116
HTR2A	Not-coupled	Not-coupled	Coupled	-	5-Hydroxytryptamine receptors	classA	-0.20266012853205034	-0.12349515613188299	-0.49034895322502	0.07532113928850831	-0.008737947381208946	-0.18083729574452842	-0.1502998740070696	-0.08668813341650569	-0.02605962326888831	-0.13455749503352474	-0.27271059722090085	0.022552312532793172	-0.15355689252273055	0.02020319832842047	-0.1528103378887246	0.05468151319243345	-0.08059341151250143	0.26432335142598806	0.15747942394715533	0.09796837965948713	0.12099684851500472
HTR2B	Not-coupled	Not-coupled	Coupled	-	5-Hydroxytryptamine receptors	classA	0.388187455896174	-0.32980579706217594	-0.1741998184895734	-0.010403953018538645	-0.2083226332747342	-0.17968139335064703	-0.2756216931991674	-0.017661851544177144	-0.13802421045005853	-0.1675164472824221	-0.2242095676459378	-0.055098865434882155	0.4154884065061332	0.01770021786843378	-0.14485063759612893	0.30843392017456656	-0.16301297041925125	0.1506130158992216	0.018985166012036134	-0.13170313515741744	0.11286065489480708
HTR2C	Not-coupled	Coupled	Coupled	-	5-Hydroxytryptamine receptors	classA	0.04237410097783731	-0.025020495926137747	0.05467955196611307	-0.3479398288071181	0.4801307080266827	-0.11857971337370916	0.1786132957214356	0.2451195525427238	-0.07537307523315895	-0.20589702026374215	-0.22477360606198987	0.15319316504292252	0.15617386309510353	-0.01124514439559068	-0.06952491327937112	0.07667447017746296	-0.07754002745523253	0.2938402926934699	0.03822777845450014	0.0978736195472486	-0.14813592485123211
LPAR1	Coupled	Coupled	Coupled	-	Lysophospholipid (LPA) receptors	classA	0.30502566109224466	-0.2460058543578499	-0.09932193761748732	-0.4921242583002022	0.4253053994071637	0.04348479744313467	-0.3202706427617699	0.2102811155065261	-0.15297360443117028	0.13229683291410116	0.10958453473695999	0.04145308567497568	0.05527850786726852	0.1688637712330965	0.07081150447549844	0.048979726647160604	0.18878564558481306	0.12568543317351322	0.027966397654977184	-0.21807564635149854	-0.1293192880016179
LPAR2	Coupled	Coupled	Coupled	-	Lysophospholipid (LPA) receptors	classA	-0.19913797897499436	0.08111817603115645	-0.32799084968621234	-0.2464376650108244	-0.05134083234151861	-0.25082265666735015	0.10788120794187844	-0.034056417342375064	-0.20426637956362848	0.46705874812088854	0.0810352636922324	-0.17596467789981937	0.006987339712210327	0.024141556680843834	0.1704307224331768	-0.09398314946689089	-0.0766201340848511	0.17936479686528453	0.13314576146577195	0.03150053932011229	-0.1750302123505851
LTB4R	Not-coupled	Coupled	Coupled	-	Leukotriene receptors	classA	-0.2788188384319041	-0.4097233601972283	-0.11471602333562424	-0.36985709089302143	-0.056622088532319925	0.0165082465060055	-0.3953649428860255	0.09213820800075988	-0.16359324997927982	0.5910568582112123	-0.23120602195783566	-0.1721103288860331	-0.4057421887620352	0.066352624144095	-0.021117002682170278	0.11684053466927513	-0.022691581160737762	-0.01629765248965962	-0.24313462910084752	0.46380010104102914	-0.1534634568160404
LTB4R2	Not-coupled	Not-coupled	Not-coupled	-	Leukotriene receptors	classA	-0.14027224115876347	0.36781126398682745	0.2705745831923448	-0.16775210598887097	0.26628824600610845	-0.04095185116824262	0.1785398723558486	0.4896058669673989	0.14846331921647	-0.36192576488722206	0.3774930115064033	0.368172361692936	-0.1159036047437091	0.22597428188694796	0.09940517970536432	0.6078396619550533	-0.07604822307149564	-0.13947772719631746	0.07487349208533767	0.012041068095166828	-0.029907812866111345
MC3R	Not-coupled	Coupled	Coupled	-	Melanocortin receptors	classA	0.35848305931745295	0.1526179104489047	-0.0052566444358223075	-0.17029819568959512	-0.0749041425019726	-0.2003123183166957	0.10360013326935134	0.3630575547334547	0.1634775234344802	-0.2826193546761147	0.2096373776678281	0.1412329567468931	-0.12948220786605943	0.12682504145002219	0.31839976114279855	0.29438603469696606	-0.07322730550970254	-0.18239144808430183	0.05276437664155898	0.15444666368781243	0.15848990932773718
MC4R	Not-coupled	Coupled	Coupled	-	Melanocortin receptors	classA	0.4584354087504238	0.13105981514468618	0.14053750868229908	-0.2613942101208659	-0.15103765650961862	-0.0817753226146481	0.014795165498090254	-0.03551140904937711	-0.1882930936089784	-0.08402155570251883	0.09001168474403803	-0.38682891300564703	0.6194836126124402	-0.09582438354878609	0.07419804810028881	-0.09159605554174158	-0.21153454102091718	0.026181649871310636	0.16558660318513763	0.045128436200638326	-0.039735152876207255
MTNR1A	Not-coupled	Not-coupled	Coupled	-	Melatonin receptors	classA	0.2331283466946134	0.24098870371188663	0.22170345593329074	-0.20770423521257722	0.07548999838985893	0.048042243232592985	0.07192806414832614	-0.058028760990449686	0.012643095374189584	0.10404774475504426	0.22611783927913334	-0.21434705512144336	0.1943862026840427	-0.2032437851816087	0.08702112389558433	0.08756163263450624	-0.10631754893145123	0.10584961560833651	-0.06431447959767018	-0.09414526783518261	0.265090006921584
MTNR1B	Not-coupled	Not-coupled	Not-coupled	-	Melatonin receptors	classA	-0.2510483979099637	0.25228333051661994	0.11029863547661156	-0.03691316848356927	0.2968224930940257	0.04914538315318611	0.1771527133129941	0.4165532567536717	-0.18420924521588986	0.11344831282889115	-0.26324746593685455	-0.2065885287149943	-0.08384193720565764	-0.13723423125923767	-0.26683957880320247	0.09087996849575067	-0.08593341978833344	0.21903995502078089	-0.10415273623112788	-0.17034033279372296	0.05641470216004452
NPFFR1	Not-coupled	Not-coupled	Coupled	-	Neuropeptide FF/neuropeptide AF receptors	classA	0.5654382344795679	-0.12130243454141729	-0.33429962025919724	0.1386415550526417	0.24090745759270002	0.14177762103043295	0.1637640866611824	-0.09126837866557445	-0.1614284772170452	-0.0549466023505721	0.07939890340925451	0.01963772827149195	0.05152385077651802	-0.2319968754583239	-0.20122464575947482	0.13404972809424648	-0.04243729120555639	0.31364376390511883	0.20318889973514614	0.14246307059380967	0.07836962046003404
NPFFR2	Not-coupled	Not-coupled	Coupled	-	Neuropeptide FF/neuropeptide AF receptors	classA	-0.3208374975433441	-0.36089650012538066	0.17184712869408023	0.04379077184849891	-0.23151945124876921	0.11209182912273681	0.11604939102913317	-0.013033829810487438	0.05248846368347568	-0.3659717092544565	-0.05011159715231212	-0.005091542209858357	0.0900592587424593	0.1167826170408402	-0.14988707146246874	0.1243155988574015	-0.07995471161381087	0.5050580274018663	-0.03085952981301629	0.08602162107387003	-0.3342258635608175
NPY1R	Not-coupled	-	Coupled	-	Neuropeptide Y receptors	classA	0.07107390657703253	0.11516766666288836	-0.2115497081317577	0.16828280389231418	-0.2840534735792356	0.01656920788160619	-0.18635973798406422	0.3111305008873629	-0.03384423141897406	-0.23395700380033324	-0.05355365455528228	-0.3051902078813349	-0.07686920506102785	0.26382508079692846	-0.24965248621170893	0.11498898559907678	0.16310262479664764	-0.1844426682743565	-0.09183020304597576	-0.2845146309413337	-0.12845417717391838
NPY5R	Not-coupled	-	Coupled	-	Neuropeptide Y receptors	classA	-0.15040463389668748	-0.30598608998187493	0.3545222863902723	-0.02239820687086196	0.24660854791237327	-0.24378534621011583	0.2818777800452257	0.17858120271456104	-0.0700480099290018	0.12483782416404643	0.06890920588450869	-0.06831149206377905	0.14868801232133647	-0.010920083985831767	0.09259513790477837	-0.057860948349292785	-0.14290944836429614	0.044107581567809036	-0.03803369159118522	-0.06464023172594101	0.2092653247999606
OPRD1	Not-coupled	Not-coupled	Coupled	-	Opioid receptors	classA	0.3487029129771367	-0.16944831427157778	0.3803320997468141	-0.03049131163531872	-0.23766562913292363	-0.16521727448255574	0.08717012533151852	0.15880585474934808	-0.05821301190981592	-0.2617345755480345	-0.3955919392430239	0.011481876828793206	-0.07654072166430785	-0.020206441811122498	0.07772649447018712	-0.041748167808275505	-0.06685168057550034	0.014041300194991767	0.04292525453730911	0.020121592143867845	0.06906532944898039
OPRK1	Coupled	Not-coupled	Coupled	-	Opioid receptors	classA	-0.008916362684281125	0.04893305902641643	0.13088446966045333	-0.2633973018517057	0.02781656466130073	-0.10767913614357624	-0.23442631719381152	-0.11613700830172274	0.0959490404726866	-0.02000476272596199	-0.11826807958079719	-0.11487988294306974	0.1521761803603504	0.08240019349420939	0.21079345697327262	0.09777574388074226	0.0229738930566192	-0.05475295757728818	-0.0660182001712542	-0.209150574539082	0.039200546527790085
OPRL1	Not-coupled	Not-coupled	Coupled	-	Opioid receptors	classA	-0.18444693338802415	0.2200226136628591	0.39010082468596446	-0.0179407626413411	0.12746871497372506	-0.2830353127479908	0.0253113668514085	0.03319966794293089	0.0535260755891429	-0.28990822036320246	-0.32204543606754443	0.07255143346684614	0.09321316343978045	0.04614950565754089	-0.098123392411001	0.11722157152744231	0.35485173749765814	-0.20363211117397303	-0.125977429674521	0.2377560196987507	0.012327109088261855
OPRM1	Not-coupled	Not-coupled	Coupled	-	Opioid receptors	classA	-0.04643648880960771	-0.43608523387764514	0.11578405711249064	0.006712994169411011	0.21169683312299098	-0.052531867268813356	0.3913623717617702	-0.3781535060217202	-0.025813927790135888	0.22653248526012182	0.49165032297237793	0.06134355358588397	-0.06031693887635218	0.05967782592123894	-0.034739194841980875	0.03432837972491878	0.014786873182641873	0.04193268484688114	0.12169368082160206	-0.2537251823501322	0.04539497554716165
OXTR	Not-coupled	Not-coupled	Coupled	-	Vasopressin and oxytocin receptors	classA	-0.14705864503861715	-0.12122158143276293	0.49215652901894746	-0.09865331835435873	0.05726877855067422	0.05629024453532597	-0.302266413712455	0.16575730551485657	-0.43636153347284906	0.12645250563237848	-0.006353351459518078	-0.24059819406301605	0.16921313481428057	0.07849027895975166	-0.05099479410964079	-0.33674193506646855	0.2401529671845932	-0.14221856755030324	0.007135535776653998	-0.08473394499096744	-0.0769666366310599
P2RY2	Coupled	Coupled	Coupled	-	P2Y receptors	classA	0.2768237441856153	-0.2870140703363232	0.18872328709924274	-0.1267547338973956	-0.054722061966434914	-0.22203389628171183	0.16353239033694658	-0.19937811084247253	-0.25551087872123984	0.5786762211091027	0.012847626551202562	-0.12445753839375948	-0.3778861296026811	0.44618019529841535	-0.1820997201371297	0.4584590796963523	-0.020930568434397542	-0.22490289498039534	-0.013394492974016648	0.20834304523861966	-0.24615192004598416
PTGER1	Not-coupled	Coupled	Not-coupled	-	Prostanoid receptors	classA	0.12742554988378713	0.2376714357980725	0.05785104552696901	-0.12037224432696453	0.048577870662380666	-0.07166528288911926	0.18533654105049824	0.18737134843525316	0.002644983130049254	0.15277811985119955	-0.03643000494945704	0.385738137857849	0.1241358057945088	0.37147157892140026	-0.09007270546130493	-0.29548894748791665	-0.06125086199101947	0.22803039645883302	-0.0220908088615491	-0.16032364757842826	0.017271932091590878
PTGER2	Not-coupled	Not-coupled	Coupled	-	Prostanoid receptors	classA	-0.15575565486607312	-0.05205004754985358	-0.2744075180027737	-0.1847442945798096	0.47106423294251343	-0.09740772376515183	0.3928219299299625	-0.2075459305203612	0.09231581009962789	0.20600144940054801	-0.09339162418092724	0.1227894442668421	-0.06987354923459714	0.0030075282558486138	-0.031096390546623658	-0.19681530662975377	0.17515807901064512	-0.19472872399882724	-0.17220832656242127	0.000573780826748952	-0.03038136341162496
PTGER3	Not-coupled	Coupled	Not-coupled	-	Prostanoid receptors	classA	0.11368766237756929	0.33288425825969675	-0.3709756892737865	0.13166372362552936	-0.09619926135268271	-0.2523772672962351	-0.14094296003471846	0.29923253308470044	0.24070606843704875	0.163554303052423	-0.12755481515767636	-0.001966034703431537	0.04467279006769293	0.1498501308587784	-0.0014632291906772695	-0.009846725621959974	0.005298152349649639	0.1386936356479658	0.12601258203267485	-0.22623123934830297	-0.072341281633636
PTGER4	Not-coupled	Not-coupled	Coupled	-	Prostanoid receptors	classA	0.07828897048747303	-0.256012955486821	-0.45026597745893937	-0.15866168008313516	0.06811925392803941	-0.09280237126166278	0.313860080906207	-0.2227993116208356	0.22777390564301864	-0.00459790076521166	0.3139818157386452	0.12121141811136499	-0.050570010448773885	0.07368966291735221	0.10905964005679974	0.06003630437112733	-0.08647200083161989	0.00835593171802191	-0.1962038598872329	-0.06189169905130398	0.04586478230199004
PTGFR	Not-coupled	Not-coupled	Not-coupled	-	Prostanoid receptors	classA	0.19068815593484587	-0.08980937526123506	-0.019499272730352443	0.3800764473878911	0.30013886662804823	0.28617044165941385	-0.059112913967464216	0.48437202819294706	0.0036777963769603957	0.14374957219500614	0.25168261458539354	0.08283714432616565	0.019136177826397437	-0.30401753757871924	0.21408827911710354	-0.04822209710538778	0.2245388070055419	0.0267540806394601	0.15706812220924432	0.1658631815683811	-0.012309870619774494
PTH1R	Not-coupled	Not-coupled	Coupled	-	Parathyroid hormone receptors	classB	0.015166354504141642	-0.2665527683207218	-0.21453601068220757	0.02999335571902296	-0.2664155648140791	-0.2608465311605899	0.10474638226084643	0.02277373703324449	-0.30015853384984353	-0.08065258547130871	0.1781012265154704	-0.05676008988958249	0.08982587825738546	0.13104256818523036	0.04289584419644216	-0.10027961476978102	0.062287272926243475	-0.2476571475330196	-0.04009886679260252	-0.02977676632150671	0.19497078193696996
S1PR1	Not-coupled	Not-coupled	Coupled	-	Lysophospholipid (S1P) receptors	classA	0.2318460364588979	-0.10005729261462196	-0.06911042657251476	-0.2087520342716596	-0.12216405421528476	-0.3105521968653779	0.042407505875142464	0.03324905875029705	-0.06335150604865737	-0.15996709533226644	-0.34069539745179794	0.06138181901694857	0.01136754794223221	-0.22722909429829055	0.11435170587621235	-0.1637323097169435	-0.08026615840506252	-0.17293972363692373	-0.05667542521900467	0.2211237958096358	-0.02794775539391623
SSTR2	Not-coupled	Not-coupled	Coupled	-	Somatostatin receptors	classA	-0.08649705207004141	-0.13990031918627763	-0.10523501204656638	0.018064742883645065	0.02220157591594742	0.3119924577739561	0.19183915158748727	-0.08123908788655125	0.20706045865936193	0.07389808095788644	-0.206401965448172	0.06922283257576249	-0.1218271860988392	-0.16411371983691636	-0.05390845914710248	0.009055064526762155	-0.2471120572413897	-0.25910761898048756	0.11960640626056693	-0.007519442836293132	0.15977897349778714
