Gene	IUPHAR	Shedding	ebBRET	STRING	Family	Class	PC1	PC2	PC3	PC4	PC5	PC6	PC7	PC8	PC9	PC10	PC11	PC12	PC13	PC14	PC15	PC16	PC17	PC18	PC19	PC20	PC21	PC22	PC23	PC24	PC25	PC26	PC27	PC28	PC29	PC30	PC31	PC32	PC33	PC34	PC35	PC36	PC37
ADORA1	Coupled	Coupled	Coupled	-	Adenosine receptors	classA	-0.296128296198173	-0.1692070127281881	0.14672812625864212	0.2906107637451768	-0.2022413528013757	0.14212504105038326	0.09752194152877247	0.10875749027397122	-0.12905302053805184	-0.1589242138041032	0.019034885556830736	0.10788677381612131	-0.06230048175447255	0.02655025611096722	0.044485137104781435	-0.2092001526239947	-0.04754255570312155	-0.28177133034776736	-0.15980470797028115	-0.022118177043966205	-0.02558129602792487	0.14027650416092952	-0.38068947109057016	0.007129913089178069	-0.27711169661270785	-0.3428893927430143	0.11211528496570343	-0.06072332093850133	0.15346952935809216	-0.2886249054895761	-0.07905746230363064	-0.08484657721725024	-0.2731863614589111	0.2620868344006681	0.08428123962539215	0.09781367563439627	0.01891214768002214
ADORA2A	Not-coupled	Coupled	Not-coupled	-	Adenosine receptors	classA	-0.14067383683389761	-0.4991043201130921	-0.21071516451574118	0.17610687185785467	0.018157809224539415	-0.3286080278134034	0.11785483475228056	0.03222870525404326	0.1358490900517058	-0.2887419003542751	-0.16153287150004045	-0.045015017251420666	0.18703699310990346	0.13975672654863	0.2743220515128463	0.07930122715611498	0.011482242364459301	-0.36946725378985135	0.05995863226055792	0.0116859807625672	0.17301534838007454	0.13341461321422812	-0.18834355250177237	-0.14726876514091863	-0.30720404614879354	-0.11157346242683819	0.3217421809619469	-0.002022814533049646	-0.0336072510861029	0.16185547283085644	-0.019189150555027436	0.04339031223785564	0.04216204757281668	0.05152474151903628	0.07675038550970965	0.025548625291153503	0.07028859114072124
ADORA2B	Not-coupled	Coupled	Not-coupled	-	Adenosine receptors	classA	-0.08192087632436335	-0.26323096351090863	0.08866193083412628	-0.2656868117037023	0.20808989893338214	-0.5542713945622979	0.5205038022180154	0.1861490489002973	-0.37520300900685977	0.27867501229624436	-0.036318512786960376	0.10180536894981164	-0.07816608836111609	-0.02678313608948492	-0.39643768431559817	0.26022333703189415	-0.18023035342076194	-0.030863744428607922	0.17150749879150956	0.10007061982660205	-0.20131995816569678	0.1034437782583755	-0.23059617662524054	0.33469325113493287	-0.14950390696733987	-0.05391343740346485	0.08796044382890189	0.048956165924231396	0.2457633759553661	0.1360172818731796	-0.016213134266555847	0.011719599813420984	-0.09118460152671044	-0.12923659206542792	-0.14687607876544936	0.0016376557886055984	-0.10356136735219025
ADORA3	Coupled	Coupled	Not-coupled	-	Adenosine receptors	classA	-0.1559078472410995	0.0854284099205934	0.10000138848033242	0.4403718486896503	-0.18730686625487514	0.12112697280891606	-0.19005372863608463	-0.12231482390501679	-0.442928037808187	0.005435575246637926	-0.1389224869844375	-0.062400760590549935	0.062430337318652177	-0.06017273955837844	0.27152146151642315	-0.01561396279424251	0.2698723906838693	-0.31116636275272636	-0.1430625965678439	0.13064019896646314	-0.0603578747625296	0.09657038190593226	0.0007374001592865574	0.2605720982072858	0.16065220878242967	-0.13395177190319116	-0.013323309996014894	-0.33923718697754857	0.18613596132795684	0.052381573325876396	0.16377095828978364	0.3904605344041239	0.18570499554785386	0.09852384644326509	0.019503606357721196	0.06584678825773672	-0.3193863092092103
ADRA1A	Not-coupled	Not-coupled	Not-coupled	-	Adrenoceptors	classA	-0.22517121553662925	-0.1853679674172276	-0.07013336515636986	0.4285603322015102	0.05317453567362289	0.38652920938717716	-0.2823484403985403	0.13738532307911946	-0.22762557709081568	-0.24833060936923185	0.3123403430988947	-0.11540556205497672	-0.4774916997540657	0.3174040181059201	-0.44826746458158995	-0.03346391671185432	-0.15870004076929994	0.16423724291196218	0.2727065010025482	0.09859060640220632	-0.2563106013513859	-0.2869123500502848	-0.0600291663024515	-0.430881705626092	-0.10450253951550621	-0.007085290108705808	-0.20396719439738092	-0.0527988345399045	0.034637448234238824	0.2903708460428855	-0.40552497215781286	-0.1690015566306409	0.41768158521127946	0.1652011087342971	-0.12693661461481806	0.005547036169389997	-0.25143167402613475
ADRA2A	Coupled	Coupled	Coupled	-	Adrenoceptors	classA	-0.23028658080688919	-0.1416401831350796	-0.122521424124331	0.1999684120543274	0.1051050316223408	0.20599092915551487	-0.4087381162551045	0.07416950265129973	0.16870852815310133	-0.007903617879076745	0.3065753694142353	-0.31908922614799756	-0.3448332357213656	0.5169781256724741	0.1445671164773702	-0.11785712845082472	-0.3728006447769636	0.2831309291307689	-0.08031458825757352	-0.32160361736717236	0.49302556091656985	-0.12902971828558604	-0.139706734215577	0.3840571279986762	0.15011678457127653	-0.04816627629937811	0.09761453795322876	-0.24538373234492114	0.5132793407918543	-0.22410548561182095	-0.05050105292226189	-0.11323145931914705	-0.1304158636138571	-0.024746519137440793	-0.021340686880823224	-0.27226209357594694	-0.043161807366100466
ADRA2B	Coupled	Coupled	Coupled	-	Adrenoceptors	classA	-0.1070090510197649	-0.09136937263355707	-0.10969754429803218	0.5553159307406412	0.26990658550552304	-0.02676520709624157	0.5622579172839465	0.3365355570352144	0.23630984544312916	0.028663238969852862	0.07009176444409283	-0.06655530431373481	-0.48643360698612775	0.2567783096622984	0.07427624600767965	0.36577247348871844	-0.1284109169521452	0.15537109479377498	-0.025773404335061253	0.5003431801945135	0.1597347214290503	-0.14377819726544094	0.17393260949123493	-0.14962198244319205	-0.07683289879079659	0.21123822752130675	-0.053100817471550384	0.12694685321426996	-0.30272863899718133	0.3584100359294341	0.17921364488592884	-0.15164867995146294	0.11257376008429232	0.2135238224094986	0.04331586581305212	0.04026884163882353	-0.3036282937945538
ADRA2C	Coupled	Coupled	Coupled	-	Adrenoceptors	classA	0.4459581171618397	-0.06545814360825845	0.4589072002665206	0.1505635519795713	0.10827828453625724	0.2779446817023599	-0.09508066605370234	-0.23198193420073954	0.34868998332734086	-0.16658626180804204	-0.03611266603233549	0.5698540401143445	-0.27758929696079654	0.11379652793035916	-0.18737900841522842	0.1279550221657618	0.4176136926955204	0.14374689307136254	0.14534223000511057	0.3284023197376511	0.204120973214754	0.022173948561985846	-0.18969609097322487	0.39425952023824085	-0.022959119885960666	-0.018694996443991047	-0.010389313687148806	0.60814112915175	0.06384725618642997	-0.03387800870993642	0.019925604725884463	0.016097322523364283	-0.04510722259169916	-0.18608565323724158	0.058310216714996886	0.030060321642233667	-0.29990325278036656
ADRB1	Coupled	Not-coupled	Coupled	-	Adrenoceptors	classA	-0.4458305585701945	-0.08494829772755265	-0.017145218156596635	0.26377708454686444	-0.15507232400886292	0.1367079808411826	0.16155643681391826	0.2102865187687925	0.27030231679537886	-0.1839876003150818	-0.031410631179942146	0.4491889817111175	0.22182133907568277	-0.04785889313979994	-0.04965552558613234	-0.1439235784919361	-0.06910368287234306	-0.2773228697075968	-0.053322293837189526	0.00939457739633861	-0.1193885644387223	-0.21270352501047693	-0.08035448907755749	0.07363310813166894	0.041138293957563486	0.2580188882499185	-0.1354769985471059	0.053446200722018944	0.09879506189713974	-0.07334089646526602	0.019652143388589678	-0.05359286344827798	0.024610221778076254	0.11977014671056958	-0.08911167755128518	0.06458583542067065	0.11145045052188406
ADRB2	Coupled	Not-coupled	Coupled	-	Adrenoceptors	classA	0.034577607682962384	-0.15895367687624215	0.06334559922347954	-0.1856127839645288	-0.18089598639800403	-0.10764034200897851	-0.057049573477767984	-0.13349125674410164	-0.11200428452729756	0.155522756076064	0.03957615904174898	0.13830581313069898	-0.024797388933871567	0.01728923219442348	-0.11687292564285068	0.27273743638908804	0.2956359104285581	0.3846354422640501	-0.028828685622379047	-0.34215786782164814	-0.24836804448912575	0.20717934191009346	-0.18187656065201982	-0.07082420892947369	-0.04017611328356419	-0.05222397782526572	-0.3117873890095155	0.19894334931865265	-0.04673815516463463	0.009675147297770104	0.18718963805151087	0.16845928792298928	-0.03956289196066306	0.1757502634648099	-0.08528656342108808	0.1810628758803496	-0.11286379802075117
AGTR1	Coupled	Coupled	Coupled	-	Angiotensin receptors	classA	-0.3741410585861536	-0.271127639546595	-0.43537915557696943	-0.4426206920823362	0.31367660766792743	0.03221801173476006	0.22833746529773574	0.0815704311304184	-0.05925209166581025	-0.24022276814490165	0.15948436445525707	0.023337693994154775	-0.2690663973875065	-0.2520842378457047	0.18243089541716145	0.24619103651811414	0.09246613102061914	-0.07046353425442024	-0.06615594573323169	0.276291266623923	-0.11508084216466524	-0.15103174236312597	0.03788039743520244	-0.0654876941745924	0.07169436932764303	-0.03366396080666833	-0.250886726793961	-0.10370291125435552	0.07718181730830864	0.0726443544010149	0.21236133480691868	0.09130083400238999	-0.016364029014347716	-0.19170493212189668	-0.1384061610430285	-0.14359765312965672	0.2595087442545772
APLNR	Coupled	Coupled	Coupled	-	Apelin receptor	classA	0.12861995491466147	0.33980919131580173	0.002492554579206175	0.3795245352589965	-0.008576071944012024	0.005510522837033663	-0.1257260088570632	-0.018190342035572352	-0.021976327370400128	-0.3080304977521595	0.03862004262842149	-0.28006405859863065	-0.028375755521183377	-0.21623120795921405	0.026599080391338986	0.01890062419373752	0.10252243876693275	-0.10522101275596998	0.1351253455219969	0.1202878684587819	-0.0847973936825048	0.2405947228377766	0.10636719441424841	-0.25912870479904326	0.20163227501068434	0.07210837613711565	-0.24482387114441867	-0.02000179788534252	0.1868499683354649	-0.08054752898763395	0.2619843950805221	-0.2797136299811596	0.13084377922065774	-0.13610827158955474	-0.014294072668735667	0.07886564905245015	0.4291790834316561
AVPR1A	Not-coupled	Not-coupled	Coupled	-	Vasopressin and oxytocin receptors	classA	0.18061491835817692	0.517356088275837	0.2035555597248552	-0.07741337322004503	-0.07808518158040972	0.2516031881455189	0.1485265591307447	0.18900124907748186	0.029079720550639704	-0.33173184015986246	-0.04133020684410399	0.05241866917084085	-0.18455800511133208	-0.07774336737003719	-0.4528394444007994	-0.05099888613252992	-0.5117767848319008	0.14546553393996187	-0.3424146324739932	-0.14464087639959428	-0.1239357419276712	0.32328602021611025	-0.2179479027634017	-0.06333084178308687	0.21183473399879338	0.11145087934386194	0.03664765517637923	0.16310415562503316	-0.05538588364176353	-0.052190420327771596	0.04880936326176104	0.3971234901576847	0.13771965747249226	-0.055815756339405484	0.2712587629523887	-0.014500911074612497	0.2545396244289845
AVPR2	Not-coupled	Not-coupled	-	-	Vasopressin and oxytocin receptors	classA	-0.043403009623499564	0.10330607459371255	-0.10129255087182419	0.07630249631131249	-0.44261596930713426	-0.21601596754301172	-0.1765868178252075	0.11081716742131012	0.5486121002736315	0.17095696160922585	0.31922623028241065	-0.049058645372861726	-0.09658565285829271	-0.046746249899660426	0.38684817574425234	-0.05899913733857336	0.11200117609400781	0.375644662758236	0.20415152123474167	-0.12206318908613065	-0.033032496877076045	0.109790316762898	0.01645292797454591	-0.1376913902755532	-0.2049693969830862	0.19039978469991997	0.07806301648745556	-0.10141894705841666	-0.08248183330152313	-0.045498971293567274	-0.08190489887575213	0.21141625430474675	0.14770404839782394	-0.11057779584717954	0.10090437500849268	0.11058226241119799	-0.05346815357890524
BDKRB1	Coupled	Coupled	Not-coupled	-	Bradykinin receptors	classA	0.010435177833955792	0.05305070692833697	0.0945773295203807	0.21304312884593085	-0.023293895712755423	-0.32356064535041307	0.40894140842553645	-0.1938329770995033	0.006244253360068083	-0.17569903221969685	-0.08565200001878888	-0.057014130612480625	0.2779575608152939	-0.2004415843598819	-0.49603430700222495	-0.2805757785818648	0.15977853168125908	0.02597247059387771	0.10055587997538191	-0.018865742988272823	0.10385199563115544	-0.4394008565662105	-0.009995019645818268	0.15189156903988285	-0.17143338750094234	0.2788017828079714	-0.3363421880199006	-0.024250765221008375	0.09829260497898404	-0.35021284946854286	-0.0010749196701372778	-0.07428366398546883	0.16183551512032923	-0.20791177999078378	0.025858920423043517	-0.18796327134499857	0.0908746832448503
BDKRB2	Coupled	Coupled	Coupled	-	Bradykinin receptors	classA	-0.09136464723014213	-0.41283123600271704	0.05577805151527417	-0.33997829429927967	-0.08765543866346923	0.005113214262957674	0.04001791643129002	0.001116168852447415	0.08457439991307533	-0.030952500758705537	0.08153001968243721	-0.28245414135136293	-0.20492215494489993	-0.28057171355073385	-0.039483937186020036	-0.11472427309961551	0.2264771993103831	0.1113962268062757	0.044757835733710546	-0.13015436605506636	-0.2994121067926181	0.04123214878392755	-0.13175814271427413	-0.043137359089539966	0.03498910377315044	0.17835235230323823	0.04311257057382814	-0.05189087927309819	0.1283276853717637	0.11559287042180759	-0.04242235651450387	0.16042701316295643	0.0977264542919995	-0.11309426146470332	-0.019448020907763455	0.22506609380588263	-0.07101757143641833
C5AR1	Coupled	-	Coupled	-	Complement peptide receptors	classA	0.46748117717232207	-0.2925322292601274	-0.23583441977999642	-0.03281379416482329	0.08608042072311489	0.007595022511289391	-0.11098479481627481	0.08134714261713613	-0.0774444580653758	0.24711797354049386	0.6120826793510258	-0.05324854277055602	0.10349686634567225	-0.058683426253049537	0.07967968343203585	-0.040353368293489233	-0.15621107792682123	-0.22645013801223518	0.20924871636618367	0.10178892078763452	0.10911147513321391	0.18729510884528405	0.06669223373859323	0.18147029077272306	0.08924739657138375	-0.04301745531656101	-0.21419980956235973	-0.03392889753956852	-0.06454369721961288	-0.1252894384809362	0.15766680226895008	0.1466148664925558	-0.18197105194163066	0.09211748374930655	-0.09000956190229505	0.055400491830203895	0.15360198515673373
CALCR	Not-coupled	-	Coupled	-	Calcitonin receptors	classB	-0.02009764718706637	-0.1387850451934927	-0.20750479427969573	0.15816214873381065	-0.03671767743921571	0.09603395613967171	-0.17227098442726868	-0.1065782472769137	-0.3008780058603097	-0.21726508555933446	-0.2513497110944466	0.35850133240575727	-0.01884818538193762	-0.05256365204676571	0.3001411961334238	-0.06664422988474467	-0.1571775286515762	0.1952381849777151	0.037724380611117894	-0.16180067205130175	0.0048143111978067215	0.020068546337820316	0.21036903654724629	-0.09746624424029383	-0.23368074937780364	-0.20396065623037046	0.057559994297711234	0.07600183154176775	-0.15350323918108796	-0.2266472728858112	0.07718711273871545	-0.03208448871538254	0.11288931620923806	-0.015948842637413838	-0.06758088535022319	-0.46038642038489325	-0.05983875127693555
CCKAR	Not-coupled	Coupled	Coupled	-	Cholecystokinin receptors	classA	-0.16085361886332775	-0.4798572317506459	0.22230923050990664	-0.06464382035386101	-0.18839519800136081	-0.2552839986913437	-0.27714804246302555	0.27304439323726704	-0.024565248773843217	0.27268008092976026	0.14992357174608426	0.15980953512520035	-0.00916872854467041	0.09870410688862871	0.17993111012567325	-0.016356027750706784	0.3702045972273083	0.01944068504186556	-0.055248430388186366	-0.04910718657996522	-0.3508358652175433	-0.1208867193081785	-0.059367928169026335	0.17918086366156635	-0.18903035290242237	0.21924805062458183	-0.2829352010268036	0.05139467662522246	0.215807550128844	-0.029916852252381134	0.21461220443543588	0.04664938393887341	0.05077325394613021	0.0858211776414245	-0.05311094785355748	0.07775026858914658	-0.011268766707597095
CCR5	Coupled	-	Coupled	-	Chemokine receptors	classA	-0.2053703899612089	-0.09660521432668655	0.0805696679715728	0.05512172528565051	-0.08411204689739706	-0.252152135123929	-0.13765161855804833	-0.04147941812398324	0.06087322015947331	0.0983251795531364	-0.16336403053853196	0.17722332160136306	0.06895968443581257	0.11419436076546827	0.23230586502261555	-0.09774903058761829	0.018023684477422523	-0.03725582962211856	-0.08773335856570576	0.015484362713705674	-0.14813137438101415	-0.13586719119406054	0.06973652093786437	-0.021976410409854975	0.10930105866620182	0.05753818315398086	-0.024035933882926696	0.2979486762377773	0.18903558306272114	0.10998671458150656	0.1249422703275065	-0.13389246406929212	0.1685326560730982	-0.026652196859621998	-0.08920484652354763	-0.2397838634548118	0.03356613986089335
CCR6	Coupled	-	Coupled	-	Chemokine receptors	classA	0.05130844151061047	0.16162359872149226	0.23386298205616593	0.05625805005581098	0.6440114591143167	0.004207889556953628	0.2421135691358699	-0.24765043922088614	-0.13139901114364944	-0.17063212636421685	0.1784465085372878	-0.14489031761269844	-0.1911334700477378	0.6264431482500135	0.41168495362521823	0.09284153870776218	0.3024526432566026	0.11229386752888598	0.16728414811837494	-0.2528479194896525	-0.033912826892966416	-0.1714223088804786	0.03955243035333947	0.1711841016828302	-0.021547441978186564	-0.22827221256605676	-0.2821611941585906	-0.048630189228700826	-0.12974053634055233	-0.42107343484235227	0.1727813580998653	0.12468517207776847	0.11714533320150523	-0.2365881573919082	-0.032752506610360714	0.02523014053374875	0.11647886426876075
CHRM1	Not-coupled	Coupled	Coupled	-	Acetylcholine receptors (muscarinic)	classA	-0.05613385233351028	0.3406361603905017	-0.42806934872609387	0.01324581963309424	0.3604742533106934	0.03287308310226361	0.0673407521009574	-0.3633806374172398	0.43669231273567627	0.19615439309890423	-0.07878908359732867	-0.1801341479142965	-0.3248129981200193	0.12671341310354034	-0.2765743591665653	-0.14237384051932586	-0.29412307464411114	-0.2983101720092075	-0.09251763843124827	-0.22809447413379844	-0.20986340444378554	0.11982838638474112	0.01716033060439309	0.1958497114442975	-0.02596717480002172	-0.08609827422810616	0.04453149393708257	-0.333034665039917	0.1141094353265736	0.0352757833960878	-0.18547436305945547	0.38527019090069703	0.23187635749120244	0.011855087103977405	-0.40958928528523303	0.32166649806781505	0.00483232580309701
CHRM2	Coupled	Coupled	Coupled	-	Acetylcholine receptors (muscarinic)	classA	-0.16246936382672705	0.20578282342729393	-0.013475534673835811	0.059674566964521815	0.4971530244603498	0.06966198318081018	-0.24793895113745096	0.13656364823150285	0.046475694238893014	0.11772020040920637	-0.19007998460545028	-0.0007344890609289911	-0.018894229846618607	-0.07497524133294216	0.1934444436452788	-0.3416100324439538	0.13043957576719345	0.16347727037637236	-0.006884808903349485	-0.16851555796495474	0.010223165108191707	0.1563464782429383	0.23455031649508012	0.022212822431863184	-0.14219201634044853	0.3383642137816291	0.5996308967707443	0.193909875823599	-0.14418031386342814	-0.11568059059037634	0.10203801384239403	-0.09363827342736684	-0.04481680150520707	-0.15472126862811683	-0.1247187652552786	0.5416616321471177	0.025458189502748304
CHRM3	Not-coupled	Coupled	Coupled	-	Acetylcholine receptors (muscarinic)	classA	0.5436238106827985	-0.011251908943694553	0.3623844969572312	0.26744374002987964	0.3266238991559851	-0.03059523494797673	-0.1253747444109315	-0.13815155236291543	0.2211587668422732	0.09242120458455233	-0.1789078045102794	-0.008263827661759116	-0.12031643478497275	0.23948683043141866	0.1092963464692197	-0.14806784019544914	0.19702126044040272	-0.2773920008851255	0.19057777429303213	-0.13604448949551992	-0.21859154004471174	0.06139819494787117	0.2742100907755329	0.17116393019847287	-0.2706170886448082	-0.16162615744156758	-0.1039197286012168	-0.1609486004853594	-0.04765923193465616	0.15041163236937644	-0.05805513002234643	-0.013638149442420254	-0.0672144120308351	-0.1925716675213177	-0.2906733945493427	0.08332927276862173	-0.008773861954696352
CHRM4	Coupled	Coupled	Coupled	-	Acetylcholine receptors (muscarinic)	classA	-0.02971800579447391	-0.2539950839174667	0.31640245911008386	-0.01870270863365647	-0.1307343919431506	0.17546380927559715	-0.41962595084114324	0.04202785192001381	0.27052802972000467	0.27217474544326675	-0.13751974057769717	-0.50608553693025	0.16626786298059923	-0.2448943679519864	0.007140436965453038	0.41331142140523525	0.0827382548818586	-0.14871597833173508	-0.09765903440702942	-0.011122089192576925	0.31554705558189633	-0.31238945777132177	0.10773292269847913	-0.19162277038540376	0.28853569708280713	-0.19962046580274348	-0.2790811818904323	0.24104443627054586	-0.010663792385469648	-0.0029552548884748133	-0.22823644183785727	0.0289625920439758	-0.06785200058769951	-0.01710864695430042	-0.0998573091870907	0.20086917744771837	-0.08048462164226859
CNR1	Coupled	Coupled	Coupled	-	Cannabinoid receptors	classA	-0.3203180619953534	0.03364758124597429	0.032295772245640765	-0.36738498651024365	-0.019014290176988198	0.19250377612347888	0.001669822403824298	-0.266811143823847	-0.10849179358867374	-0.11703657005242965	-0.1464729879717669	-0.13834388291921718	-0.026080087976483635	0.06284693434186125	0.04916508250643831	0.3391902120823299	0.17165620538437945	-0.2280117807510504	0.031748805979083854	0.13313533438479	0.17447208553198498	0.016259197644162855	0.0839747003904841	0.06820294962395915	0.1091389268090677	-0.11109479368561252	-0.19412806570113475	0.1069869722797493	0.2952946639337368	0.024456525158207825	-0.36474108759950924	-0.050217005750512946	0.03756431222341962	-0.11928660161319267	0.19131869487830505	0.0825463122313797	0.10276121282549494
CNR2	Coupled	Coupled	Coupled	-	Cannabinoid receptors	classA	0.09433264365516231	0.2501266426089415	0.3930000288341394	0.3714063969777547	0.014061404077081447	-0.18727654302502908	-0.11317378041709329	-0.22518305026263696	0.009957984148748236	0.1727131595865037	0.3095933997596779	-0.061251765207377365	0.09467871640527678	-0.2220378715049343	0.04606558950904969	0.1239476508181117	-0.273200230896119	-0.07745150286903507	-0.08519499748081484	-0.040807264712897695	0.14360534680262554	0.14601647997934517	0.042347927390248646	0.16040804034584083	-0.013627023923119926	0.14500405951178444	-0.05600847490884224	-0.23825215855354376	-0.01626424941028209	0.2572598181204108	0.04073368103607874	-0.15352649686376174	-0.03835348172144762	0.2362220159292633	0.013842910498044498	-0.07603040108788477	0.10817793783887292
CRHR1	Not-coupled	-	Coupled	-	Corticotropin-releasing factor receptors	classB	0.12494022925565551	-0.3434066937121892	0.436374932931657	-0.0677991862323675	0.06602016723126762	-0.07116285680279129	0.0862824836653155	-0.21793209669428645	0.20947672202994372	0.05196598682327483	0.4669170172753994	-0.035454479551021024	0.18831689594353057	-0.06594994039604414	-0.13877624811828548	-0.14093614559353534	-0.27079393012047864	0.06894463224989197	-0.1206819304543025	0.007596293530496561	0.010757671398797101	-0.10581040244844156	0.05903473445789988	-0.0023459384029818125	-0.05810622256529611	0.08016816065764669	-0.08779503901174722	-0.098554821452625	0.021566754350095536	-0.043967752334259216	0.07387525346906053	0.034464698568280286	-0.11255310094388123	0.14175865883299288	-0.02921372578533731	-0.07132257044189776	0.046108461807456314
CRHR2	Not-coupled	-	Coupled	-	Corticotropin-releasing factor receptors	classB	-0.2229443074275995	-0.15971457094176433	-0.2920513533304231	-0.4660939533201717	-0.07185198239277939	-0.0917247221627815	0.030486340097653542	-0.3420784479662538	-0.06229450540368016	0.11345624663360958	0.09040038284119005	0.15140713961123944	-0.07769443925429846	0.07395149329988097	0.3175633082673651	-0.3336033992739547	-0.15549130243705375	0.10820710001067424	-0.05313888951494656	-0.20122380279299357	0.16436827877894442	-0.15024841066369984	0.015482499488901886	-0.09887616293719727	-0.20087706604818953	0.22827043014303883	-0.15982972395547645	0.30540642032602683	-0.08540957412010591	-0.16668707624503196	-0.21589566568859414	0.055203735887121144	-0.05508065466991095	-0.026532847168322334	0.052977673692058226	-0.09262064437970097	-0.16362347774911987
CXCR2	Coupled	-	Coupled	-	Chemokine receptors	classA	-0.48194024326859447	0.37082705535337	0.03121699473484557	-0.24715086466935318	-0.10562498783687609	0.08312440395400306	-0.012515297192586273	0.16348209593350985	0.07778356604719738	-0.06106043594475656	0.1025933942065798	-0.007305261284511661	0.0509742369760498	0.18341036768969693	0.07657188687279987	-0.18416012371110807	0.17144149711019657	0.12295900841914052	-0.008165786350411186	0.14035313306239003	-0.28674107575899754	0.1738664157507612	-0.07455949660726752	0.03387438249689681	0.5808375399475922	0.305888083224002	-0.3746645416446909	0.18447921656364047	-0.1841237953566451	0.05239968564697131	0.18342582844471716	0.06173268548416602	-0.1920888370016719	0.07283009814742784	-0.11603370738816546	0.10009534861262204	-0.09100575414898313
CXCR4	Coupled	-	Not-coupled	-	Chemokine receptors	classA	-0.07013733993176685	-0.3118151079406989	-0.12412335763408434	-0.2915728835644547	-0.2669376790632304	0.02199227827254874	0.09896589880496506	-0.1194920191134766	0.2230144704829593	0.06331101399803228	0.1309467470114231	-0.044414381898987894	0.04407626002865792	0.2604713590502074	0.06524055673151538	0.0771529347824817	-0.05951814680234014	-0.09475922385367522	0.19333631318643282	0.21518024162171182	-0.2138966489214311	0.23095564921324976	0.010195527094534636	-0.2482281532018402	0.061866550300542986	0.13487027756000064	0.09335857955690526	-0.1423641286334309	-0.16832076646156718	-0.340547424768772	-0.0724779430583699	-0.11460064082970418	-0.04812866653044841	-0.1368268839585126	0.1150716509166974	0.20060311605204795	0.04382693961482464
CXCR5	Coupled	-	Coupled	-	Chemokine receptors	classA	-0.010236804980893023	-0.23121245563684997	0.04782530374217071	-0.05179687530608915	-0.38682861367861404	0.04166065395811977	-0.3119572173663375	0.2135025392029616	-0.174462240970158	0.1525036095762154	-0.09979664651977145	0.13881411163020388	0.0676835344324938	0.22505734353863638	0.00683822695211508	0.07294648204200777	-0.10879461059855554	-0.32205222901089253	0.04186098828587632	0.05850552729376794	0.13200978750627124	0.19455226961920868	0.2809541158063741	-0.008508379996552035	0.2559612680815967	0.07967119898237976	0.2486424012335798	0.03229016774218599	0.15443480513160554	0.2858041848303456	0.2560550646141646	-0.2016605692748344	0.1907144562905288	-0.19320327917761967	-0.17819060508899803	-0.148378652615333	-0.10659103777884545
CYSLTR1	Coupled	Coupled	Coupled	-	Leukotriene receptors	classA	-0.1094285490422394	-0.010932251818136013	-0.15855908628122944	-0.15708585960997837	-0.09206723263457826	-0.2514882030770336	0.04687447368879843	-0.11267404002425578	-0.387953393727908	0.11806684791508713	0.0077354246842053585	0.05393128619665678	-0.00025170527382764384	0.009081992567515337	-0.011346856420332977	-0.11768920042986715	-0.22443242012278244	0.1122776141706072	0.14693337670926954	-0.2330541754068276	-0.012807647206537308	0.017573835317240195	-0.051320735365551554	0.15500788726806564	-0.11794689006473313	-1.0384068307997002e-05	-0.07587404504254415	0.1813076719490179	0.05699024356957667	0.1467877611822902	-0.0021371191697039963	-0.01236812893703885	0.08734452639954848	0.12347764830898296	-0.02602121618050874	-0.15434723945967063	-0.11889726313657163
CYSLTR2	Coupled	Coupled	Coupled	-	Leukotriene receptors	classA	-0.007694098884504992	0.1429971830320002	-0.06953538225092915	0.3171347444249512	-0.04626471471038135	0.011624991878919733	0.080097816909169	-0.023131696705187887	0.11086300328903878	-0.25644078315769353	-0.3329219680315892	-0.05172510827253424	0.21929226397673593	-0.28666322903018215	0.2509598345634313	0.2774747728172372	-0.15468918878798377	0.14329258632357317	0.15454666927842428	0.05820485220171552	-0.11503648197338483	0.19720113158040656	-0.20397742625286075	-0.1321720284174944	0.049782862204326296	-0.3122192747693523	0.04567372422536335	0.01230662354047755	0.4284393219338135	0.015387664842438866	0.1381699419967624	0.05887331041323902	-0.21984665927202082	0.03514790274008529	-0.1592789452874497	0.046717770342081064	-0.26853131364593447
DRD1	Not-coupled	Coupled	Coupled	-	Dopamine receptors	classA	0.4531273486039661	0.05453836751156289	0.039340348238727216	-0.16699600380535046	-0.13629328209504038	0.44737749278358824	0.39912417453116333	-0.023436265977467743	-0.06501874669839056	0.08465746487185666	-0.01964560922880038	-0.04282545408199805	-0.05660762223988217	0.1091754247592699	0.029618328862674886	0.08431463696556275	0.025727151918009117	-0.07787214334481792	0.0010972716396462365	0.09337811122917485	-0.28149848782890596	-0.016144209290964065	0.4233084528373693	-0.24287764872393802	0.04041743175391375	0.17202541432700397	0.12114048834655258	-0.1419105804760439	-0.039011332249460094	-0.05676799092019407	-0.05036022260652704	-0.42701908392478466	-0.24843990825958984	0.0312678993511038	-0.26376671007906	-0.0709282981408143	-0.01858459364596579
DRD2	Coupled	Coupled	Coupled	-	Dopamine receptors	classA	0.08068676872246786	0.05821231471381835	-0.03385655578273016	0.1576501631651504	0.11771381972542524	0.162654160139959	0.22270601181245703	0.05242121856604668	0.2683134344995871	-0.35594679198347146	0.0868360510941395	-0.018461591488791035	0.09137908460072983	-0.4636145891222978	0.5160940908428158	-0.09115844601890385	-0.1167625139815981	0.012540724233192406	0.13112325505000672	0.33967412104368117	-0.007583225541354374	-0.03948069833136926	-0.02300825403341506	-0.22757806429407856	-0.1509496322966895	0.10631118673640687	-0.06794522844240794	0.1013268239770708	0.4590747077057517	-0.0831409724834666	0.046445640784470964	0.27855866595986734	-0.12975101087951427	0.07819779451928159	-0.051074685447285995	0.06309327625741791	0.019056003102866235
DRD5	Not-coupled	Coupled	Coupled	-	Dopamine receptors	classA	0.05461360695687241	-0.026665945623944844	-0.22008010466028496	0.2161646877290368	-0.21621116808349433	-0.17819888822910557	-0.032243050877652925	-0.3989329745557883	0.17819286484052982	0.03927053428287563	0.0664458045170774	-0.2927138350681102	0.23632105671093093	-0.039868708857939	-0.12538947534343958	0.4430774984241226	0.09544915163070244	0.0519854967868139	-0.07012785874549793	0.06232428435078684	-0.26371842912730586	0.2615644132137234	-0.19094323168835348	0.16281664260570333	0.0025201992528137954	-0.1628618416020338	0.031332582908592164	0.04503051866277148	-0.1863242445658883	-0.1931715588122664	-0.027416540815998022	-0.09403307713891637	0.09122841567906431	-0.036188417519758626	-0.0949284985808322	-0.2419384534641041	0.11258721423409648
EDNRA	Not-coupled	Coupled	Coupled	-	Endothelin receptors	classA	0.06521794318602794	-0.2617517287060331	-0.05705406564400027	-0.2588015138011134	0.4378685561256925	-0.3282236061058266	-0.12273361195010817	0.028581094921057384	0.06667980836743152	-0.0016004426411344314	-0.14766079687731062	-0.027079730214758492	-0.0746633525430201	-0.2510909909254792	-0.03599020446198371	-0.4285525595505722	0.011847921262567052	0.2602386483583222	-0.20638335760875348	0.5458888916195693	0.08105213397756088	0.38881488045104456	0.2454665844135951	-0.17729634122544566	0.16532009410972726	-0.4635769565865586	-0.11209892524637427	-0.23844210382793218	0.03439660465594307	-0.30106964941375164	0.16168770743368127	-0.15414367353379382	0.16523491850379807	0.24948778316483888	0.030329988916395774	-0.05929957738763631	-0.2818300132207825
F2R	-	Coupled	Coupled	-	NA	classA	-0.08979126995413102	-0.11094421508626476	-0.12891786914713174	-0.08731755198808806	0.15720678157450932	-0.34105978660235814	0.16382123113416844	-0.01419942313669797	-0.11343290881270518	0.41120435993559534	-0.15229375669193718	0.32221269895158683	-0.2998169863347192	0.013273003813316711	0.06425232727800875	0.02139078828631387	-0.07816131715811024	-0.07223745827859276	-0.16220822582100378	-0.06443044339687354	0.4724827154263384	0.24480084638682395	0.053679481373761176	-0.06419822760139242	0.3312995138354491	-0.0770842949951656	-0.15583817686241733	-0.2843829192490147	-0.486965490938328	0.1185585777583576	0.03567659589553907	0.05982175786377667	-0.18958643528657113	-0.030452410025496097	-0.2031327467448673	-0.014208894318844149	0.1015095636476969
F2RL1	-	Coupled	Coupled	-	NA	classA	-0.34763869008864506	0.40169906238133885	0.24421116148410238	-0.08127775901411669	0.0056688481495023564	-0.11706698055170361	-0.17850867812772966	0.13329933446517736	0.05154280397258179	0.10992027059282013	0.05635936191316962	0.10891757565415192	-0.2057245096422526	-0.26868134877698985	-0.13140338888145142	0.2872516139486402	-0.11955800066520539	0.017989815133074148	0.35456469281369235	-0.16336834583955415	0.14352654641892598	-0.09896917367224321	-0.04052458686039002	-0.06236614457113087	-0.24579521321298942	0.1372777326729855	0.03297314120305468	-0.21571168490398226	-0.03810716187422523	-0.021022749640301305	0.25363804494174363	0.011131100149850505	-0.03934021575454295	-0.04543891912359438	0.099495987772298	-0.15999380804827418	-0.11882050442603684
FFAR2	Coupled	Not-coupled	Not-coupled	-	Free fatty acid receptors	classA	-0.4221427978152996	0.47628869021859893	-0.2371441451032162	-0.26183252230561416	0.00034366986593164145	-0.008079578798005069	0.04339323204359764	0.2521282590122921	0.08274632765034372	-0.08535787899262991	0.13796939335325928	0.3843584450384943	-0.12326553016943537	-0.06314427090142215	0.16251018337229176	0.4636342292088354	0.052323883615681646	-0.17087175749737704	0.0002582201823345293	-0.04565326539939981	0.19120957249186418	-0.1394979752852115	-0.15589668523292272	0.08296006261791991	0.057949742334943974	-0.08382797703053692	0.05533763679294188	-0.38297314917296327	-0.04790891818558548	-0.1299739848794669	0.0536466259667313	-0.10663177087208175	0.026218683236454026	-0.3202996368589695	0.1669711617715788	0.11800838373437625	-0.17551501315290186
FFAR3	Coupled	Coupled	Not-coupled	-	Free fatty acid receptors	classA	0.14295468718724705	0.11039095083428739	-0.11868270937335826	0.19864011386852623	-0.2321443388549976	-0.3659822802657243	0.24326701135583503	0.28964176600001507	-0.13268083261548122	-0.0682324429026042	0.029412066282125723	-0.20521084065035683	-0.0920578542348814	-0.19946394690420666	-0.16217135881901712	-0.18324080717796726	0.15513565039186733	0.2427979583306067	-0.03508479891874382	-0.12227049603714149	-0.40784244467755354	-0.1849858000003562	-0.24412154059918756	-0.08323180764203067	0.01278489417950126	-0.19735281426129794	0.23391636357248688	-0.22805057978018373	0.003364656017898121	0.14254255548155	-0.12303632995033166	-0.0349643205178029	0.0704083708992389	-0.15170785824051986	0.025397638074234716	0.18721508061917314	-0.209460091559243
FFAR4	Not-coupled	Coupled	-	-	Free fatty acid receptors	classA	-0.07725816390804309	-0.05082716971889598	-0.03403463589622961	0.271345933287994	0.08857552304573083	-0.042619229824346065	-0.02017749112291192	-0.20683169878931595	0.07526395203214413	0.15078655436945768	0.27488675148681385	0.34034783797460866	0.10456419410241168	-0.2163320921527515	-0.12239475660253958	0.13009505192685428	0.020417734157656384	-0.1955021201667093	-0.19247552945858448	0.014194868170445752	-0.039620389442791185	-0.05485258977279312	0.2789163900263134	-0.13423668683061454	0.08185032465359979	-0.053453543023461364	0.042481579262378034	0.02021054851292533	-0.26367627290242734	0.07912357164818963	-0.3178022945384242	0.040712176531197485	0.05483251397460342	-0.05672411144577242	0.26772680418261013	0.11345395597945389	-0.01134288620720378
GCGR	Not-coupled	-	Coupled	-	Glucagon receptor family	classB	-0.23969859995307163	-0.2029689762953303	0.26970581001745936	-0.12915808622744882	-0.08579372408487543	-0.03797108308886215	-0.14027923986266183	-0.16211003825169726	0.2668515569702884	-0.11515736434058994	0.11650065222144322	-0.06632774541900434	-0.11871062893833625	-0.2993072212751456	0.1604238520305482	-0.21481633699584307	-0.15485762401577471	0.08133399216888391	0.03263067484897563	0.002226230550984237	-0.07220961861622163	-0.12757302440746773	-0.17954308150061943	0.30661395315650974	0.19025864292366976	-0.000668485104426222	0.23634599559078062	-0.06436537679762153	-0.13043069048672828	-0.004458854166127088	0.016776982609823857	-0.3403717492725635	0.2726459959815234	-0.3202784032785521	0.05456304487031556	-0.08949138119225312	-0.03037295574100684
GHSR	Coupled	Coupled	Coupled	-	Ghrelin receptor	classA	0.2029656161155762	0.12559638114740843	-0.11550505967553919	0.13693409092458508	0.24174918259914874	-0.18442167883073138	-0.19708154102620384	0.035677277201277474	0.1171580164900468	0.24551380459938701	0.2410016288860071	0.23976787266581268	0.23772586478983543	0.09479675923667122	-0.0483467455544952	0.22814403301211758	-0.20529357785794594	0.003064014582107903	0.07160382453957864	-0.17141186315669577	-0.418939181890013	-0.3142691914953317	-0.02095166414091874	-0.22167312050405363	0.08685920100674402	-0.02000459552484958	0.13241548576420903	-0.06260498071874405	-0.09385685840115239	-0.2561670325362798	0.003176542584228776	-0.00692021409153975	-0.27205115104052296	0.3085626054944058	0.33058033495100553	-0.07216776895714484	-0.09195165696992927
GIPR	Not-coupled	Not-coupled	Coupled	-	Glucagon receptor family	classB	0.04123733616572577	-0.005255069293890284	-0.03588141478823401	0.10090681406711827	0.4091453268963333	-0.3114222312255493	0.14149277694361442	-0.08371006640177003	-0.07418445950900306	0.0006861671368481504	0.33118964429578823	0.1658998161020589	0.1841071665045986	-0.12137915014309378	-0.12072326334257975	0.025365983111650687	0.10121380243094696	0.09834873421310691	-0.275425849213015	0.07703797330785951	-0.16659105572188299	-0.14695362047099914	0.14202045774979274	0.11488051945561722	0.17759976819121212	-0.17195796311469908	0.011569186296966707	-0.024949435333274518	0.1250369143182347	-0.010692823931709235	-0.1539020424200812	0.03999129860570271	0.013205485351403255	0.08954473604963427	0.17145030924093088	0.024463266416988667	-0.07719290637011177
GLP1R	Not-coupled	-	Coupled	-	Glucagon receptor family	classB	-0.13912175495163676	0.039165937666314016	-0.21214441160162037	0.15575067511044152	0.20662107726194798	-0.038276995030191156	-0.10975893745802733	-0.32446125841975726	-0.45185274655265506	0.10492681383898522	0.35506393068159703	-0.18300434197201482	0.23149857111771105	-0.03964681198472407	0.056411378629314154	0.2263462393360433	-0.06640202374176943	-0.1083964789971584	0.2207545837402715	-0.04827349163689707	0.0625512280486563	0.13113783255504277	0.052815084644670975	-0.013186991454967363	0.03331158851106816	0.45289890438913066	0.22563612754284912	0.33536338497095963	0.03735341939112558	-0.016247838145463184	-0.2415070799669154	0.08346033110451635	0.14911730184286964	-0.06833273547094658	0.28103582939915217	-0.028515681866298284	-0.1017162102102987
GLP2R	Not-coupled	-	Coupled	-	Glucagon receptor family	classB	-0.03953560294622051	0.07421158258321996	0.40133700437071157	0.1528953183581024	-0.06195316687985453	-0.16971202333847268	0.1074378619051206	0.09796382682066601	-0.1740126816493882	-0.15174469170280916	-0.02339887851850542	-0.046807496991329835	0.1997113379041873	-0.04207948051314965	0.18464749965712327	0.16682084329356794	-0.22175400423068167	0.36378480764018617	0.020046035041537204	-0.3235965999394554	0.03778978009473774	0.44120969071391886	0.5277034991963028	-0.09910389562641522	-0.2824901623355547	0.026803478331793782	-0.23169497566156258	-0.0051764946834244934	-0.06241961776564159	0.11886021666371312	-0.08370636611577037	0.006668143090063186	0.35374174311835627	-0.32292654086234013	0.15223503992777207	0.1534918225907494	0.21656941112849717
GNRHR	Coupled	Coupled	Not-coupled	-	Gonadotrophin-releasing hormone receptors	classA	0.42902861796295033	0.24596099042757646	-0.053513197027698835	-0.33934934413006923	0.03998565381452047	0.06652830237531093	-0.32270251885632384	-0.04379037680023586	0.0952870321582744	-0.06722406063658662	-0.24102409325678564	0.15972538417215276	-0.11026264993269333	-0.03209978273986626	0.04178467187629546	-0.011298612685183913	0.33325529509652324	0.14398571392053378	0.11903240655333541	-0.012483380802408815	-0.37545529473346395	0.029817533611700402	0.20830529139584436	-0.027071241479982917	-0.010103078887018469	-0.1052610421009798	0.04192275362322367	-0.4156099252252991	0.2510830500729489	0.205309939495921	-0.35520092624439253	0.0413830731084698	-0.30155412347729504	-0.15852980883145426	0.4967783906955836	-0.39902837727224405	-0.15462890812189306
GPBAR1	Not-coupled	-	Not-coupled	-	Bile acid receptor	classA	0.2656706513946473	0.04691755262590349	-0.43760826535204067	0.10800710719070317	-0.4170284378846506	-0.0247128858827146	-0.32803888346285043	0.1798111761467459	-0.1282228795308669	0.02228966908739924	-0.09908014084378962	0.09301422206605801	0.21300150246778274	0.3485008873333453	-0.07185197485903815	0.016219457294606787	-0.07410840275589342	-0.0025615355452533535	-0.06576830516647422	-0.06554838216736371	-0.27200475923466644	-0.049413939794913216	0.14373226764249594	0.051152612245016806	0.07240877052569275	0.01494404527074568	0.085346765377466	0.061872720858812874	-0.10523077136049636	0.18276101690578522	0.21722681326087498	0.1585830878793113	-0.04639212519830273	0.06221428232597746	-0.1758407606925138	-0.1633628192810805	0.0836167873840589
GPR183	Coupled	Coupled	Coupled	-	Class A Orphans	classA	0.12824167676042342	-0.008554330545808985	-0.03439676221009384	0.08066791396289147	-0.053806627305164945	0.07737236861198073	-0.3231743002562346	0.5511968940251007	0.04316107761071104	0.1484011440535995	-0.2306513200028908	0.17843441364083523	0.03904134905672704	-0.059505165157884975	-0.2162120958979005	0.25470340248007767	-0.15657747258269625	-0.10269231501677774	0.03476443525999565	0.013940756310257731	0.0658424024117463	0.11863378523250638	0.36976682555691526	0.1847430166148525	-0.009748441106083992	0.052348754029767096	-0.09457683092318907	-0.10857150988488233	0.19148162331074875	-0.33098722288011045	-0.00602726596338818	-0.01835263608457281	0.19207929380413358	-0.12777923860410736	-0.003644730149106122	-0.06682154963519749	-0.0929757923474124
GPR39	Not-coupled	-	Coupled	-	Class A Orphans	classA	-0.04606159610664338	0.2716945350813951	-0.2782933111129338	-0.13256342110662833	-0.014009110512520581	0.08971078832078132	0.0989438607113776	0.009754916955180649	0.13915655303184254	-0.30636663373327433	0.17275529169055545	-0.16093987771410403	0.3121469463002344	-0.06577834364880222	-0.07906930293033147	-0.26216020757438324	-0.11085989875435211	-0.09165585045219132	-0.01869052830542585	-0.04696215248141954	0.1742064195053374	0.0827695830211949	0.2398318755523598	0.3842182227307502	-0.20893397654625936	-0.15276970700846745	-0.2917780345689009	0.18708765989200007	-0.046818552132649446	0.4816648817730645	-0.015333842119065053	0.038713750483510084	-0.17205391565360859	0.04616825040863321	0.14677586359329065	-0.056854982525995114	-0.0175745024986963
GPR4	Coupled	-	Not-coupled	-	Class A Orphans	classA	0.15804051201853528	0.007636319537266013	0.16339593401797453	-0.2866907575152838	0.14258086345312904	-0.08494685020674761	0.4122641617022531	0.13605786403818512	0.06632298261020914	-0.43056205340692366	0.13188003576278648	-0.2944066827797155	0.5553376029227804	0.3647023037937939	-0.07169026753409978	-0.13958606141455412	-0.04502854944658047	0.18116485538315907	0.30823005914652907	-0.10227163392540375	0.12258795590613399	-0.11348708204803472	0.04520878354989146	0.10920178656247488	0.3725171074583103	-0.2653503323589851	0.40401848462248224	0.01951373912857976	-0.07674063509498792	0.11521638188976874	0.2352245047125232	-0.08424757302552784	0.16269456392675974	-0.0030938577202457834	-0.047397839528557986	-0.10337853563174858	-0.16750884924781526
GPR65	Not-coupled	-	Not-coupled	-	Class A Orphans	classA	-0.16108225723120204	0.15833668431952164	0.11013861647215518	-0.037095429079052986	-0.08297198429920973	-0.012820568197446534	-0.117224612266717	0.1824537167913704	0.2737956355761971	-0.3289767851489168	0.15847547609384754	0.22782498192692704	0.46886355626174275	0.4318344357318089	-0.17433108849885912	-0.08898750427508162	0.005488186848700381	-0.25492981816763666	-0.10750087692375211	0.04445929060302954	0.025644343624483545	0.1876680245144774	0.026316176252679145	0.08601203445819511	-0.037089545321183706	0.048686146348580824	-0.07928732796952027	-0.09482305675040383	-0.2231103906832675	-0.09718104387151069	0.21998540433043065	0.007089788252749528	0.16143328303892232	0.1776252118329968	0.22394987107786962	0.13694523426667518	-0.1595223094708393
GPR68	Coupled	-	Coupled	-	Class A Orphans	classA	-0.3277812557803206	-0.09512645964457923	-0.19624007331241447	0.01549786606827663	-0.008056048017492635	0.1009174805938745	-0.10013436778969743	0.05976293082389727	0.26324340744286207	0.023131967625065933	-0.17884318090291929	-0.19343442460928842	-0.010186750588715631	0.02610640051527256	-0.3981228750148985	-0.04404555699690028	0.08767434083430325	-0.17863600366795865	-0.18331007691222795	-0.1487953363438974	-0.22707797917503317	0.07426842908517378	0.20725657343301135	0.391602678924508	-0.42240776508978517	0.06980826315068256	-0.4337778362943542	-0.03588980301906435	0.01914758870458667	0.01130200289935706	0.07415419872374064	-0.3469794033057411	-0.2971918563976905	0.04191972688506708	0.05139466997569532	-0.0024130752523279057	0.018862371307059086
GPR84	Coupled	Coupled	Not-coupled	-	Class A Orphans	classA	-0.0163901568072294	-0.2548457840095774	-0.08205233076888253	0.09881358624786948	0.25789890064684406	0.25789936322591894	0.07030589066811833	-0.03061705340352248	0.17636242246504194	0.32394616977387564	-0.07256876186667892	-0.0716665256892248	0.3774898584248318	-0.0009895447703204595	0.09636738964057394	-0.11398214554817526	-0.09228382713096168	0.21742719183167206	-0.2825048740390607	0.19290555733684286	0.03616119675942668	0.1255733180761677	-0.317460991323908	0.008648123402789913	-0.30540447358267914	-0.08919580724048085	0.08978059006226657	-0.07859551903487479	0.033279331485701356	0.27121800145596603	0.04018319531993937	-0.07041009223663564	0.042237336363326536	-0.10587626986721167	0.1316853397946476	-0.12224767114553083	0.0008910801049918307
GRM2	Coupled	-	Not-coupled	-	Metabotropic glutamate receptors	classC	0.039225936690926895	0.11545887696170928	-0.17037568626863892	-0.0470145791058566	0.1083208652422768	0.5733486394576649	0.0356440447077552	-0.10910368721805509	-0.23448525978895207	0.5498739697531171	-0.030840965986151846	-0.07542988418016527	0.2779811557483727	-0.013090817208849756	0.017782456404251426	0.004215494934582911	0.15874230379770202	0.17090935739795438	-0.11375328377769532	0.03288654773732413	0.1899293961148464	-0.026337004310312506	-0.2652985486708776	-0.19256423497386632	-0.1781686928655997	0.022152231673909468	-0.09220603809806581	-0.12415173432097483	0.02874893080859583	0.15039834986173822	0.000270757225477751	-0.07630442237644137	0.23683273922363066	-0.05478968463617652	0.062463660868625974	-0.02420635300558027	0.16538134777280003
GRM4	Coupled	-	Not-coupled	-	Metabotropic glutamate receptors	classC	0.10260305001359048	0.09720460215974602	0.027899167791686635	-0.009554572837029327	0.3279805231250492	0.46074682243590176	0.07995013319527632	0.17578343690098486	0.053789198850514024	0.35221369651358697	-0.17891179646844568	0.14023972424829118	0.2905115285833123	0.05485888709095805	0.017080961939882813	-0.032294616761030216	-0.06604282446038859	0.12243453297762497	-0.015353341062520112	0.11474114307993746	0.01743797301396519	-0.021413417064252566	-0.49535240091533145	-0.049109528179734706	-0.1745879848262098	0.0035173651081328505	-0.06812297627664826	-0.11864338249702969	-0.1026394204246704	0.08212692878936421	0.09006559128993759	-0.02246054338136852	0.12283445072752791	-0.21698621975932395	0.10305903005001048	-0.09412749412093464	0.07345491502591975
GRM6	Coupled	-	Not-coupled	-	Metabotropic glutamate receptors	classC	0.012415471040978938	0.07906763484221346	-0.13333584813579483	0.024478366968659477	0.14555197474996506	0.4473200958381882	0.07696349539663462	0.11079275554906969	-0.07614734886369208	0.5047889426409445	-0.1290173159964496	0.059644214722765335	0.4239389312855208	0.13516246136980384	-0.04579541118019515	-0.17216844257478142	0.20874246604504806	0.21297664278457193	-0.07558455522290045	0.10788307680743389	0.04426778650942548	-0.027920426226205913	-0.3208952205137477	-0.1666715911724908	0.018951094561245673	0.08496733268986509	-0.17198009234183784	-0.15769637513096116	0.09764171327035064	0.0577543779509046	0.12327578573381605	-0.03214069193053594	0.10669207586282262	-0.10368839924421658	-0.046281296694137025	0.0068354694521363425	0.09450756429952628
GRM8	Coupled	-	Not-coupled	-	Metabotropic glutamate receptors	classC	-0.05211213930412345	0.14428717007784048	0.024638765369508528	-0.01597844335575309	-0.5461850436290089	0.18091048863519602	0.06756551376189403	-0.29330617941234116	-0.12617800524054745	0.04543946134817144	0.2462906312364895	0.20791042858868194	-0.02528937791330659	-0.08215695276038758	-0.10701980609906517	-0.1627896098772351	-0.008033168969184358	0.27916484038515244	0.18364647055247232	0.15487905171494984	0.21768055584369386	-0.27213625021331633	0.2993984270313522	-0.012666351176874377	-0.2775374345891689	-0.35796405482861116	0.17186539031390535	-0.003018859566939498	-0.03771855145478433	0.13400672948326298	0.1866057491133621	0.08362296953376129	-0.18667280268606393	-0.20425940531982148	-0.08737739127713139	0.21586638405244932	0.043374522972714366
HCAR2	Coupled	-	Coupled	-	Hydroxycarboxylic acid receptors	classA	-0.10806966947336973	0.1160021255173841	-0.11478992604087018	0.035909748934442515	-0.5558157440967605	0.16594610142947297	0.10607657241829038	-0.24854130141352976	-0.0759041832134935	0.10020508609583689	0.2563804502750865	0.2057496829941551	-0.0030412532284754567	-0.005706105956791148	-0.1783788627159808	-0.21289317093854868	0.0242249501808525	0.19985845260132212	0.09092549201798916	0.19007747341374484	0.19647789878831087	-0.14641191355430966	0.18138228045928023	0.05205155493183689	-0.1139785227506991	-0.37774932875482087	0.12630547023750538	-0.13690970561800467	0.0662538221112726	0.007549538301700972	0.1719338432171289	-0.006995364491573159	-0.17875147243286235	-0.10229485517370858	-0.08616502539852651	0.40682891813656946	-0.058514721886941956
HCAR3	Coupled	-	Coupled	-	Hydroxycarboxylic acid receptors	classA	0.39103953797845237	-0.07163791112432684	-0.19328189595408202	0.08993613467094819	-0.028244139631661037	-0.03080420215718544	0.08116404475437666	0.11871847663872144	-0.029456410675958975	-0.07931086234949047	0.12213821025101732	-0.045204238228268176	0.08161759055923214	-0.0511482933817442	-0.01323601764539546	0.06531041253377974	0.08639973875644492	-0.1271301060780807	0.1691698271364902	-0.12293222327540282	0.05786325388596201	-0.05336555094646001	-0.07925302906168097	-0.1467017378772641	0.2776591266326811	0.2238362101050966	-0.16307067131591643	-0.055900659206682024	0.250502587854842	-0.16925691128591408	0.12208708395324418	0.20869441486818277	0.15226126206130053	0.011001080114133517	-0.14376620605604307	-0.053581861654323805	0.008036620869061786
HCRTR2	Coupled	Coupled	Coupled	-	Orexin receptors	classA	-0.30823127801775685	0.05598677060248338	-0.19055496439840253	0.05397545424227426	0.1027293112567998	0.3335468552331223	0.33043170985701226	-0.010128390206948768	-0.221260150096725	0.04401723114098387	0.059384355390229425	-0.03983113927962832	0.027828270453597183	-0.11669237259863893	-0.31243932813436365	-0.04898577633554524	0.10506137723540591	-0.1665641881255021	-0.2835079731373574	-0.3531952223506506	0.015007579981965948	-0.08700320744877134	0.395125760801116	-0.019837914481880454	-0.052293451313536105	-0.041142688131573714	0.2111982288103088	0.2500328870109735	0.2201469660494213	-0.040416279494505054	0.12271878192957388	0.06690835460858742	-0.1809578599954942	-0.1304836742360003	-0.12175008730798857	-0.15651882480424653	-0.07299949084871818
HRH1	Not-coupled	Coupled	Coupled	-	Histamine receptors	classA	-0.16281922864298642	-0.03782817610128067	0.27672914765335827	-0.05922872133635409	0.09428606331326442	-0.12560835849261762	0.191613216892666	-0.07363209119305889	0.333750054449969	0.022931632092647765	-0.26103631548959716	0.3450800085461699	0.041062947180110804	0.1536991915972213	-0.19269976156540822	0.41689731924717227	0.2780345277974312	-0.11739243074984988	0.12191167096908283	-0.26337947632384967	0.1998478859338384	-0.017347745399609083	-0.10689798219682906	-0.16209849128321835	-0.12219984880801478	0.06418581677149006	0.4580720912534812	-0.038599701470117535	0.10053187935926736	-0.009892614528181558	0.058050950487522394	0.0895727161059745	0.03994949588783046	0.265987039769957	-0.038508336059880466	-0.03848600521289911	0.15044957654546778
HRH2	Not-coupled	Coupled	Coupled	-	Histamine receptors	classA	-0.26388826871419774	-0.2295512279848056	0.2515406927585562	0.1302243546827751	-0.033737372367856365	0.43613382035017567	0.12920934153605676	-0.3443345193450296	-0.08318226829219011	-0.3509918230384508	-0.13566924610486886	-0.011329013828189918	0.013200499121595906	0.20042973701879274	0.3106950946273681	0.0996946797609667	0.0373628402641883	-0.09085694776407006	-0.19964749954360658	-0.23875020568769972	-0.3316738181469678	0.013393456364487183	-0.07471744840187995	-0.11715588233770469	-0.006468066600739274	0.03034405853114977	0.05936895928712675	-0.03814975820626185	-0.24370796389180768	0.16299974431439	-0.18565060418658239	0.09211059511556971	-0.29707650274152875	0.10124818719120032	-0.10874192331477742	-0.05815735024297594	0.09151492703371962
HTR1A	Coupled	Coupled	Coupled	-	5-Hydroxytryptamine receptors	classA	0.2174121858469009	-0.2522809838939994	0.10805094332918527	-0.17329669497353123	0.25789418033343303	0.06210335291160095	0.028490107804424424	0.02627914529432481	0.13036114381198402	-0.2686779417655086	-0.25960277107504764	0.40354965848930713	0.08846548100716058	-0.028090290969469748	0.052309519133840014	-0.16294494593532935	-0.10406829648042126	0.10136339144809182	0.008154257894478241	-0.18539057784263324	0.07782753357370167	-0.0773566240845912	0.1761391787472929	-0.00589182758897264	0.28762211462842896	0.3252131638826717	-0.09172880518998552	-0.20285442068114384	0.17728740425408715	0.32262844106318084	-0.17423067349493018	0.08213850793261564	0.02662028054267358	0.06284621956179572	-0.12590343285402839	0.014360664426042662	-0.015223223786060286
HTR1B	Coupled	Coupled	Coupled	-	5-Hydroxytryptamine receptors	classA	0.020712603519054514	-0.22838292781171204	-0.18679162297417812	-0.14835826198718605	0.027471347060752854	0.007232678753822915	0.032611955043191976	0.056502923737490184	0.009895626525312437	-0.2701971913998499	-0.3438883035486051	-0.008958030561791173	0.2141733406893141	0.04366473541945392	-0.10218682624193132	0.22290279832816445	-0.04371972982792718	0.573147550773467	0.32381591670706966	-0.1170447558931672	0.37388118533496406	0.06246523081510021	0.07098679850711143	0.06008018113554631	0.04213048631900464	0.2693322418495606	-0.11473034435691397	-0.3159932156328776	0.04177824703739899	0.14352899034186387	-0.27061929226550235	0.01630523151300815	-0.3377610064119359	0.40565966452707614	-0.01304936003187354	0.2752006429358815	0.09623006726666891
HTR1D	Coupled	Coupled	Not-coupled	-	5-Hydroxytryptamine receptors	classA	-0.2898787487861904	-0.07142285956886965	-0.25008635419792297	0.09329552312623358	0.13415729300634407	-0.08246401072381575	0.015892085001436084	0.010266012739958853	0.27464484151721014	0.01791762686702708	-0.31693529228717404	-0.0996785662245593	0.11332305424477647	-0.20674339559915278	-0.09401572776957627	-0.13063449037617994	0.018870691711110967	-0.009360441974827586	-0.15988252413161913	-0.0917977272987381	0.12040606823916457	0.11962086844486158	0.06914167139949061	0.01207791822095195	0.130165537121881	-0.10436781540539597	0.08907353121573425	0.3245812299692258	-0.023548597665151244	-0.22597604717895195	-0.33766440146321125	-0.07391679680048449	0.09108562423332318	-0.004588128652022268	-0.0914875874752183	-0.10704866241855361	-0.10852225824151714
HTR2A	Coupled	Coupled	Coupled	-	5-Hydroxytryptamine receptors	classA	0.14621576301844	-0.3193506219756401	0.3014459953920109	0.2366727860756178	0.10430691168460596	-0.029821595976872207	0.016821255609006654	0.21491507499440998	-0.08342208190612269	0.10017425415440129	-0.2432805268510297	-0.027205468366667037	0.1906123734628472	-0.25740750811985025	-0.031662067338046496	-0.19599233190022217	-0.059344175277919624	0.030328036513346417	0.1378557522014938	-0.3443858357363036	-0.0055544818620675085	-0.2529877140006695	0.06989868854825844	-0.08961367888537163	0.1429608615729474	-0.11198197180689279	-0.08748150588438422	0.030431400305658756	-0.3799151694447127	-0.06991097869842558	-0.1179500925339136	0.16989898692525046	-0.0226542552595067	-0.045650823621693024	-0.11733249783316797	-0.03896884774257919	-0.09717070795365128
HTR2B	Not-coupled	Coupled	Coupled	-	5-Hydroxytryptamine receptors	classA	0.15193514132713962	0.3453929709613249	0.12642803936611652	0.04553470088512547	-0.23067460189393943	0.22964816636944838	0.28793770790782663	-0.2127721944913695	0.14532552155877593	0.25119011378814377	0.01254864513994658	-0.19388396116193762	-0.09252676829159993	-0.06145127062782878	-0.02090632303801583	0.07301358782426111	-0.08266016571553754	-0.14034074736439617	0.33185016461403744	-0.03352071194248191	0.0766067121552802	-0.10353928552090878	-0.17598278953232346	-0.11729428519785051	0.15833673761787695	-0.02162514598304849	0.06648122959893628	0.0887417613530143	-0.1835936553408284	-0.253390902897579	0.03254618771056648	0.1397306195503694	-0.1643018431722492	0.09975663088396353	-0.23990388446801877	-0.3640952404427485	-0.13395450168629938
HTR2C	Coupled	Coupled	Coupled	-	5-Hydroxytryptamine receptors	classA	0.28710460929748777	0.2116544563131252	0.1425609037793915	-0.2546930008378147	-0.017751157274105676	-0.12442256042410378	0.014480999909671187	0.24846579330476615	0.08949130525259885	0.09234259737090121	-0.03826610818060985	0.18294515461389407	-0.11366776147561138	-0.07387719997415698	0.2911684359240703	-0.15741150660579578	-0.3106852952648782	-0.2465493063684665	0.011192541389138038	0.10913034306963713	0.007031136629822594	-0.39422302963928146	0.06858610952128166	-0.20014607098720297	-0.3434358301227116	-0.05957801606788245	-0.07083501705769488	0.2133311989152941	0.11886620449862749	-0.025418343823680356	-0.03868861224745925	0.0674210103833975	0.037859004156570474	0.1536102616956068	-0.136232005141361	0.027568028556293395	0.38345363840207486
LPAR1	Coupled	Coupled	Coupled	-	Lysophospholipid (LPA) receptors	classA	0.19374563628178293	0.44737261220912705	0.02882735332528632	-0.31611062655917754	-2.0907297441914325e-05	-0.22176847373785444	0.04645560847488805	0.15694331767689826	0.09270973761303684	0.23013428148048387	-0.09464250533511742	0.04597267714937645	-0.019731773696154274	0.22847749523693792	0.13645307852659813	-0.21052024066148933	-0.1483636081453154	-0.47501968248285	0.16127545757296907	0.17116910958794196	-0.13896011930833657	-0.36050670742343277	-0.04156553920928155	0.0071062658357729045	0.061460121912177194	-0.1443622804384124	0.0031243734739317564	0.031566004903711926	0.1439555039084161	0.1615620258471649	-0.2536069967128977	-0.17517292295916154	0.08924850348696194	0.03705179728044099	0.22884622197444474	0.13294141753613362	0.12684621244114033
LPAR2	Coupled	Coupled	Coupled	-	Lysophospholipid (LPA) receptors	classA	-0.18477481763673723	-0.01523837364443394	0.1448525860526661	0.062106133287868084	-0.04197704460594405	-0.16420484667912733	-0.007007975048280212	0.07278650969704938	0.1066194000882001	0.20718950997973679	-0.36516549616884075	-0.41774574153096783	-0.23750361695592992	-0.08043857126538002	0.0029253009650683126	-0.06010615893970622	-0.4221650914073374	-0.08025988758161384	0.5737259376300681	-0.016050330608544394	-0.12346323354317507	0.26650289255075754	-0.1593171402071937	-0.07985728226843292	-0.16252657575579207	-0.08370899174286996	-0.2559886443548748	0.18354075575471987	-0.16462964226077512	0.11827783611691636	0.20982574363901432	-0.08156728438507473	-0.3478878677289626	-0.18389794333377207	0.21709867614537762	-0.14748728404375475	-0.050562706258803214
LTB4R	Coupled	Coupled	Coupled	-	Leukotriene receptors	classA	0.21822030570301948	-0.42485234973339486	0.03850625775038732	-0.025165415115025434	-0.17776697467607963	0.11750271029580929	0.2443320925133413	0.1609362151456443	-0.10014766878893333	-0.005941119640216469	-0.1279376839971645	-0.11832976101489712	-0.2128511471588186	0.014867250355374855	-0.1938995737077226	-0.32071163586461415	0.1524267026939178	-0.34621488575077963	0.0746973550593885	-0.5425410137498031	0.2928369291663656	-0.07492319880048022	-0.12374036170302559	-0.4664865780723614	0.33225769201570216	-0.09252119953963459	-0.121406559109027	-0.0560824042330425	0.05106155952935985	-0.10424394009033457	0.21224727508959626	-0.15201276638984865	-0.04369563030578502	-0.11716704002697882	0.49201184508147244	0.1728104544301897	-0.11249717333256505
LTB4R2	Coupled	Coupled	Not-coupled	-	Leukotriene receptors	classA	0.289195250319493	-0.14595020908330705	0.20584261383117208	-0.14497683118278717	-0.19733792922463844	-0.37598379652508196	-0.06947618046005867	0.20478424442978016	-0.30190045422788037	-0.16957594579293908	0.09035102021543623	-0.20820989008400617	0.11668440969294244	0.3577457203354158	-0.11312652441986316	-0.02984466073871373	-0.0989312609466451	-0.13606505740751618	-0.4202261061392178	0.34917645549750875	0.19761803956407412	-5.535198592434374e-06	-0.11364019398490295	-0.3627843489007025	-0.3485236169300719	0.2060679715513026	0.08526082161044107	-0.04321746131091363	0.10160464490652855	-0.15092891023760555	-0.27063565451094956	0.3463419922430124	-0.09130460332440399	-0.387218746465099	-0.25479490225864804	-0.023391718999705314	-0.13491449075493878
MC3R	Not-coupled	Coupled	Coupled	-	Melanocortin receptors	classA	-0.01262348103905479	0.5250787128557493	0.5116300365365273	-0.13263756978361943	0.005023329846987713	-0.34709212972832276	-0.18434570385262383	0.10686687576762101	-0.36703482878283766	-0.11276912074434789	-0.21283048456852444	-0.37070029098674784	0.1974943560388753	0.17336194775347805	0.10943832581245926	0.2392776396276501	-0.060650649342912706	0.06226227695858384	-0.4361707211400725	0.16839224685610654	0.1869298177508954	-0.2249243786104157	-0.19373367454897902	0.07084314423108555	-0.09690376801456937	0.15261545702869375	-0.10581595042609448	-0.06388163632199485	-0.08980577002571123	-0.07250173644758522	-0.1392023874094225	-0.21969003489295036	-0.2754718613463607	-0.024215449407202508	-0.14674738332592846	0.22722672804456368	-0.20082682543618968
MC4R	Not-coupled	Coupled	Coupled	-	Melanocortin receptors	classA	-0.0896230705591106	0.33512612871564446	0.32675656341946774	-0.14690086280729828	-0.05355610383219772	-0.21374108514811282	0.04099627625471996	-0.1785298174576598	0.1377204332962667	0.12080057742675493	0.1546864311046449	-0.05734928784422576	-0.2924095185482604	-0.15205270226595147	-0.1386945841854319	-0.22965151204826073	0.558780479179071	-0.11692553390898562	0.011481370706901577	0.05374302481002572	0.3148317956732152	0.28786016450321966	0.027950920706926542	-0.25894342038322565	-0.170735147356552	0.22026798192894956	0.13985179609178783	-0.04909123141581699	0.1267887003863421	0.22407547239037542	-0.025348567517641633	0.015507736354658512	0.18183351927291347	0.3008719283729027	-0.09032498356852675	-0.43646878509430365	0.06465400627215714
MTNR1A	Coupled	Coupled	Coupled	-	Melatonin receptors	classA	0.028977350300598923	0.2197075313199407	0.027900766001707617	-0.027426661723986424	-0.10347739955953444	-0.12231815354500038	-0.04022946855220772	0.11183828659748012	-0.06784754908024898	-0.23104300545137418	0.2627931382023726	-0.11234643437459554	-0.15113236953217982	0.21510474611477012	-0.0667512989738022	-0.352917954509817	0.44392185794381817	0.005864886206249165	-0.14435462108306746	-0.009080905968282317	0.1840096922791398	0.38416376543059955	-0.1660508266308868	-0.16640517793551682	-0.09188205207146206	0.14728848036982425	0.05578212914714326	-0.11627546579792061	-0.03481544917894546	0.013903829137967356	-0.08209584872276877	-0.1659080432827989	-0.23520829548632696	0.17991857577164694	-0.022867585214854234	-0.2209841115672379	0.1137229413576962
MTNR1B	Coupled	Coupled	Not-coupled	-	Melatonin receptors	classA	0.38946216173917786	-0.03597680093363018	0.03624428438943695	-0.08280219030890107	-0.15450431918191315	0.27746243297158374	0.08327132604123846	0.45807870160999775	-0.34147134314022054	-0.21451962712706074	0.18495622532698552	0.3369971458520219	-0.2707261060472767	-0.1718585958617256	0.23669509201066138	0.07008929925036551	-0.0758677202206051	-0.12504244818217555	-0.022100526681090745	-0.20730410588603862	0.20497065839642425	0.32729626736349904	-0.29423053173589464	0.26112156615507903	-0.12304498902489061	-0.32758563985960903	-0.2572790010074486	0.11182548542740303	-0.21161925232289067	-0.05946008641243133	-0.3146620432577496	0.013831012327660302	0.19831477919809634	0.17929525978343228	0.024932748823779532	0.07764305059543213	0.046574940248941474
NPFFR1	Coupled	Coupled	Coupled	-	Neuropeptide FF/neuropeptide AF receptors	classA	0.2279934063656305	0.3228000503492422	-0.4954111643658497	0.2901016102001348	0.12275954894077362	-0.15047399886410406	0.1147170444022802	0.5918613817234896	-0.19536385788318222	0.17043721014772945	0.2221334952796074	-0.1946817093953235	0.010740472017907636	-0.25801339505797793	0.23774835867496608	0.039900914463466206	0.5493604280461156	0.07136818303607269	0.05311175457872091	-0.21413104281793077	0.10861310288488656	-0.09503134210741118	0.02327884316643074	0.238280770730672	0.08318924078882098	-0.06500575241239333	0.1549523432967837	0.3073753740807742	-0.006066055873194234	0.014772013193561851	-0.20122448858235523	-0.1969568051171326	-0.1297679233497762	0.18437752631953647	-0.0700339099868976	0.021233493035903397	0.06711562501145793
NPFFR2	Coupled	Coupled	Coupled	-	Neuropeptide FF/neuropeptide AF receptors	classA	0.10741759865292601	-0.14099627338664142	0.24109242806862094	-0.31307531238875713	-0.3884971881852763	0.19643757975428644	0.15816811388087287	0.32954244701630403	0.5103165808256633	0.1893884736298702	0.1648040067388434	-0.1720052037178127	-0.05095442759808698	-0.06254532232266953	0.06335875360995394	0.12278714550095862	-0.05455489006573309	0.187992652333526	-0.2711646599562958	-0.014509086004144273	-0.12583220595202116	0.10243318926103324	-0.043518649726768284	0.28681585733137593	0.1656937163500625	-0.24830782826493766	0.24365956647918643	0.17175534473337994	-0.07218889824297013	-0.039250095839883384	-0.32714118151499805	-0.15079666109709736	0.20163657379520386	0.07662735763676196	-0.17806780929475213	-0.07845179563311044	0.190262649778992
NPY1R	Coupled	-	Coupled	-	Neuropeptide Y receptors	classA	-0.038816775676270655	0.1384249128595241	0.03937834560795387	-0.1287760163551674	-0.24567920023995915	0.2795142799016538	0.5893661641349874	-0.15433816562412087	-0.24959005344400267	0.1065087428171587	-0.08456474331103594	0.0644051968648428	0.04813436598770627	-0.008412644529439588	0.1537426912437128	0.07929506743953338	-0.07309504281489801	-0.09166885919909618	0.05211090169323143	0.21334563978176135	-0.1807129293822088	0.3425145807690676	0.27229970305012247	0.1242558755759097	0.01392002063416268	0.21148523050607068	-0.029970722279885904	-0.10682294775918104	-0.045716789070455885	-0.31865900767682526	-0.26392869973093763	-0.1422191639735204	0.136508868049432	0.02869247998187554	-0.0512336334620158	-0.07462294457379692	-0.3429287204745236
NPY5R	Coupled	-	Coupled	-	Neuropeptide Y receptors	classA	0.3335117092132583	0.05500338291091654	-0.27757970357457995	-0.052696660800096336	0.09887707441806014	-0.12748777239227907	-0.2628758523979321	-0.23870918546171405	-0.011698780225667274	-0.30414560700126364	-0.09470614960369875	0.11116719314575743	-0.14348907897851276	0.06031113289995156	-0.2550821393857237	0.036179365604019	0.08390403733795085	-0.011382229898184597	-0.11893177861111376	0.11663904692097764	-0.027123820959369545	0.014743765941996806	-0.259434580538482	-0.07855080577779336	-0.01280296604434227	-0.22954094282051277	-0.1491710266217058	0.31044382753041433	-0.25650299002159954	0.19291116221921917	0.07457508452897771	-0.08251733663305226	0.019271242683330546	-0.16774816852389757	-0.03624408259049724	0.020030235874147703	0.10321312680884023
OPRD1	Coupled	Coupled	Coupled	-	Opioid receptors	classA	0.21338972048544713	0.17023186209295396	-0.19417021939774468	-0.16250321897356093	-0.0365644799605453	0.010654935009331207	-0.29138482731915866	-0.17231539257873876	-0.025509612903893225	-0.30292319444959886	-0.04238430751842668	0.08446676354417286	0.010449567369683966	-0.30784462057305323	0.01299113021437092	0.01004014384068945	-0.11063438834723754	0.08030320502458568	-0.07796787522768965	0.04664029433923191	0.20740853713924087	-0.3738337371142892	-0.12609145759556495	0.015919656138246214	0.1545962121374747	0.19215977612111285	-0.05931742724375254	0.022417817394459368	-0.1622657269142029	0.13830752574886765	0.042663181863423306	-0.21273885298193226	-0.01192062732553203	-0.0755883867177985	-0.21425363028242767	-0.02680425995289725	-0.1625991253718921
OPRK1	Coupled	Coupled	Coupled	-	Opioid receptors	classA	0.11157655121245935	-0.06428380815884567	-0.41661826021248755	0.0547866960851023	-0.15582069997917972	-0.1874817787894293	-0.13303567170668856	-0.3076359610015252	0.1010973684487038	-0.2310838267242902	-0.08755433889988136	-0.12680812786049966	0.1284641028941239	-0.03937142321485673	0.27537376820644016	-0.10655452744561827	0.09533923075476827	-0.2974022397042025	0.04053780939857518	0.0833642719438864	0.004538808181173279	-0.18223048902259245	-0.18093067357850215	0.06197635106430809	-0.04703358831028559	0.08300773807824462	-0.028131371519455318	-0.19627072988698496	-0.4839948814224562	0.10152960927190256	-0.053620060792741876	-0.07015007968966894	0.12635676509216312	-0.023624487551407204	0.06693492604019562	-0.00891123495140865	-0.08706051585082931
OPRL1	Coupled	Coupled	Coupled	-	Opioid receptors	classA	0.4048762012972898	-0.1490770501142748	-0.37880756113987285	-0.15877579264431366	-0.010416254022950787	0.0016909889369971635	-0.3277955038780807	-0.318601511091059	-0.07719184086440904	-0.24819429871162169	-0.09088351985320281	0.1193947077835077	-0.03355661722093716	-0.1415104816435315	-0.34235412567442125	0.2970603428125533	-0.06838806299505011	0.06737570758085361	0.14984858958539524	0.034978872031865116	0.07514687699336896	0.042209763094119626	-0.2167000050678021	0.06310158851511782	-0.20117571764609468	0.2556868490637763	0.15604826335507146	-0.14826895954199112	0.01875244787691155	-0.3334611478159873	0.08896312585291904	-0.26462791849597767	0.12203831184951237	0.13880718993431862	-0.20917960180578954	0.1653610036533438	0.17159275840392021
OPRM1	Coupled	Coupled	Coupled	-	Opioid receptors	classA	0.0791304893093406	0.13768332387675863	-0.38291375472152406	0.2479485589218104	-0.013683845721468135	-0.3355169176373992	0.008899101207353937	-0.07440387594449183	0.24161113363989695	0.048449998592721435	-0.035608718876958045	0.13423826763724284	-0.1794665361410507	0.28663665846427094	-0.044800435817120184	0.13265258526439616	-0.07086881401314077	0.15205118461487077	-0.4950209172297023	-0.16994216731083953	0.028751117592957707	0.14085338296377045	0.03985628849794452	-0.46663290988360623	0.1246484395188565	-0.11182426625013978	0.016254175224625213	0.3300506826136506	0.25910250656584927	-0.01583553687063047	0.0794338805987268	-0.1342991860544603	-0.22166337228531646	-0.30730233163133913	0.04668866430725122	0.048014083301053445	0.09988514469273853
OXTR	Coupled	Coupled	Coupled	-	Vasopressin and oxytocin receptors	classA	0.23235906443386778	-0.12677737285621804	0.07388042716197472	-0.4964962230876301	0.12660255244495164	0.19526464590602552	-0.06343367040813286	-0.27951424049384355	-0.02755092705666066	-0.054608761267552736	0.10363625147864103	-0.39562283745152155	-0.08350469569393541	-0.1365359945171157	-0.025740192609737086	0.3323810891784387	0.03163006475385412	-0.263760908150906	-0.2497571036874112	-0.24550254376786762	0.08626408587414361	-0.08458846427893185	0.15777536609520362	-0.08845856075963913	-0.20133489574500152	-0.1536089756062312	0.15034050175393382	0.09961887375580812	0.08570141385558037	0.2366851636689373	0.46671857218727597	0.03803694572145671	0.23533019568866362	0.32006775897554296	0.21372575279463865	0.16969975556072514	-0.15488676720950129
P2RY2	Coupled	Not-coupled	Coupled	-	P2Y receptors	classA	0.5277465228334398	-0.2509527131422806	-0.11472947218190228	0.3436222875580913	-0.2981904818676445	0.004138026972252645	0.27766113333749554	-0.23843140424843698	-0.07758788744513152	0.17565226200653974	-0.35584977107381593	-0.1705246340264503	-0.4482063469537169	0.017719871373437415	0.1481125970335208	-0.102319187139898	-0.12151275670724383	0.05786852995205316	-0.34832445664178613	0.23324486846806694	0.07407131111443312	-0.11148718887801441	0.002323955549868478	0.5255033106020515	0.19563440784011366	0.5405130484622439	0.1572069121743254	0.0019086344901329717	0.04844972539375335	0.0004885515207312406	0.16349001235612415	0.20640435759903042	-0.10232633609575774	0.006251744539571893	0.4853311338306108	0.07667824083443694	0.03844362950583328
PTGER1	Coupled	Not-coupled	Not-coupled	-	Prostanoid receptors	classA	-0.08443476102475683	-0.02553017350817612	-0.042036258234096305	-0.3419085623748706	0.044099992269716386	0.14566794806316402	-0.12737597610263784	0.3620580128764378	-0.07063090613949181	-0.15677407630843007	-0.12843727337107605	-0.3035979134021125	-0.132035148785319	0.11434385945478696	0.05014574986278017	0.23575262497700775	0.008265084259573008	0.26847364197466395	-0.19367112252792892	0.19702361435155485	-0.22891980994034253	-0.33882900095807356	0.24675771308386138	0.09201898970328205	-0.1789633020009643	-0.05780428510981335	0.2199273269849233	0.031762733097937534	-0.19543356535954276	-0.09346188519399715	0.20634923161287957	0.348249450534077	0.03533876576719488	0.1416514745621972	0.16116535549025146	-0.25016590945899747	0.2153466084701866
PTGER2	Not-coupled	Not-coupled	Coupled	-	Prostanoid receptors	classA	-0.21486671662498324	-0.27201088023244924	0.1820853836885997	0.18272671130531382	-0.018334040720560076	0.008195766016737526	0.015316061291532025	0.037881383538287745	-0.3729315045906585	-0.07970650810633674	-0.1686279991545853	-0.05702629415313098	-0.14705198161077843	-0.013790802537860455	-0.11406737329307459	-0.035047149297691614	0.14667109116637092	0.08785074055229247	0.16614230319711568	0.22036228805302355	-0.0653959974105021	-0.15007670158821576	0.09517191492914677	0.17715007712699082	0.09814839316774078	-0.07967623452174126	0.25747809761886553	-0.1061602239288926	-0.08730593817013688	-0.10572173312656911	-0.0295197021550749	-0.29960589779056357	-0.018944831174626083	0.08783482915756226	0.16032874523236107	0.0880754779872138	0.6598313791953944
PTGER3	Coupled	Coupled	Not-coupled	-	Prostanoid receptors	classA	-0.22624588283907154	0.09107190862522392	-0.02399470182022935	-0.011718237034593548	0.12752934802685362	0.20320167511248002	-0.32513863429289364	0.23398831856256336	-0.02937356241023849	0.02426019730541912	-0.2772525420000967	-0.23005823680902354	-0.08501916863322083	-0.16587358651408518	-0.33144904039675205	-0.23149409199770984	0.15238292697525171	-0.09323869570448576	0.06486804408867629	0.26445843199531344	0.11822150643172243	-0.07808046212228853	0.15768879527722648	-0.029086213931966677	-0.187093505107515	0.008142083797907538	0.11283130905860261	0.05620786695160078	-0.400200187321749	-0.3472231600375094	0.008025620632811637	0.40594145090034084	-0.009997176880878426	0.16266193426030304	0.04620464822334546	-0.009252586517108736	-0.10588936244143779
PTGER4	Coupled	Not-coupled	Coupled	-	Prostanoid receptors	classA	-0.2956348514144579	0.04859972869886639	-0.09464374647411931	0.13431471021260247	-0.2433874861042092	-0.25221952996052377	-0.02170798410931138	-0.13696017783200742	0.004702043282564314	0.1426787825526304	-0.23805495516934588	-0.004395494688650625	0.08400522709376239	0.3276893504198705	-0.15195482207594638	-0.025004690675120612	0.1420827784873863	0.08672575354697051	0.4128044560455545	0.3013126010492703	0.19346582131152207	-0.030205337873786244	0.034423329935005034	0.07020873934325018	0.32806602215366515	-0.2470408201693438	-0.027962862415525116	0.049125401460827764	0.0722687341993066	0.15559080136750017	-0.23644688555509538	0.49350058978081807	0.08270974969837862	0.024530982544477886	0.03608695869133639	-0.0470891217737231	0.3624396329567066
PTGFR	Not-coupled	Not-coupled	Not-coupled	-	Prostanoid receptors	classA	-0.0746023116087338	-0.14281888652386232	0.11484097401263513	-0.1452236845029309	0.5087123697256785	0.22317479241435856	-0.40123036453596717	0.10845278410803998	-0.27756146367429274	-0.0407055498898642	0.31415566762911357	0.033061860080185676	0.054980953612362785	-0.057657058130690095	-0.12178249764081403	-0.15523975961497852	-0.1380328132725423	-0.22164982473291026	0.39557599083369127	0.23452124883259962	-0.15250160314587283	0.32597233931307795	-0.17087999393648493	0.04076843445499038	0.14012413606298987	0.13040347678136907	0.3644423618522008	0.2671941774659833	0.02088577999676233	0.12759727654560585	-0.06651430997196722	0.04783564957354047	-0.3223968217561133	-0.19127999735549417	-0.026813032720005618	0.07038794582768611	0.015787063007781352
PTH1R	Not-coupled	Not-coupled	Coupled	-	Parathyroid hormone receptors	classB	-0.07727110006435119	0.3378574983585792	0.11377040211800564	-0.14739617942313668	0.01030965587213419	-0.1450997920478285	-0.11433200645024622	-0.42919565884659466	-0.2646727066967249	0.25220149744599313	-0.2986291615343359	0.07748243096920912	-0.07056153023647536	0.20304774637640788	0.16328916567268656	-0.21711136821798524	-0.28096646898674676	0.1757180357549992	0.054590013984701084	0.06623471603922179	-0.16434813169928444	-0.02017968573893027	-0.024816033999111517	-0.11579156230931398	0.12380459232719603	-0.15279033322348468	-0.04581858873684387	0.2915206860265286	0.23686169325835452	-0.1627835870523554	0.04604705801691435	-0.23560211083545168	0.22878115132055263	0.5112544575631064	0.09031327343352498	0.2541878703739436	-0.01358824752060434
S1PR1	Coupled	Coupled	Coupled	-	Lysophospholipid (S1P) receptors	classA	-0.1625021575417893	0.1719302972978082	0.19214121666101414	-0.014834397151115775	-0.014618530926942866	-0.05844608679668018	-0.09405896962394793	-0.08832673566020825	-0.2220425561854328	-0.07228301336428415	-0.12869307577894834	0.09022784927208795	-0.18974826465846545	-0.309426242276887	0.130100225626342	-0.09618094869039154	-0.05711403578941977	-0.049821287902821365	-0.18122370275619798	-0.22564048925146685	-0.18686877046318753	-0.11955600627006378	-0.2757394370086522	0.11148230758468294	0.183778255882506	0.06678959962929054	0.1735691060412301	-0.1470272109877839	-0.11682176212724288	0.17479677664498625	0.13997970905655902	0.0029605977944999005	0.05853380479733147	-0.008732018604508007	-0.24423439639518554	-0.052093044606965073	0.0646208200205436
SSTR2	Coupled	Coupled	Coupled	-	Somatostatin receptors	classA	-0.22786644420483412	-0.14597755702458493	0.3961019730422374	0.223487797783152	0.14601680874983206	-0.02689932469079517	-0.19643000190181983	-0.1832534390293229	-0.10622679991397338	0.046771210656358274	0.2967663186218899	0.2071890130761606	-0.02175985254442409	-0.20534659854538728	-0.08319181418745597	0.08878661081842197	-0.0822211654771745	0.11424515318030133	-0.2777393750631371	0.1381955465554198	-0.062357564312230454	-0.08600288538146852	0.0815780419151226	-0.1842664446497139	0.2869238195289499	-0.14883881693164996	0.018781742843422843	-0.162234108768064	-0.0592246063272559	-0.0029268519701626783	-0.05214098535551454	0.07772347867574159	-0.24166887757009337	-0.07873758478156952	0.030059316519773147	-0.10761854220760883	0.1591755771990616
