Gene	IUPHAR	Shedding	ebBRET	STRING	Family	Class	PC1	PC2	PC3	PC4	PC5	PC6	PC7	PC8	PC9	PC10	PC11	PC12	PC13	PC14	PC15	PC16	PC17	PC18	PC19	PC20
ADORA1	Coupled	Not-coupled	Coupled	-	Adenosine receptors	classA	-0.2743795213140951	-0.2154878089309511	-0.05655812517367534	-0.11794887211315916	-0.015494030189335803	0.0711153090530196	0.014011080270936541	0.2201913729198537	-0.10872560138909866	-0.12227056483628514	-0.107786389260167	-0.1782967724024775	0.18877915563110592	-0.28776112648432767	0.01325313048518992	0.015936352607799707	-0.0009308677765593793	-0.2319429391333131	-0.00520509114506551	0.34645576617518387
ADORA2A	Coupled	Coupled	Not-coupled	-	Adenosine receptors	classA	-0.12870477111723547	-0.28018883095080027	0.047778675547738715	-0.019230030700121296	-0.15081397778333702	-0.17374002875934205	0.1324526662863607	0.15920448359196024	-0.15930994878823312	-0.32952946453397675	-0.062865719227474	-0.25323621470245006	0.02503710095533889	-0.025104712726767273	-0.08606321227755664	0.0845150962925779	-0.12449245528509763	-0.08659124728948052	-0.02754286932369175	-0.02794178872175443
ADORA2B	Coupled	Coupled	Not-coupled	-	Adenosine receptors	classA	-0.1577030124919648	-0.24483232232755986	0.19858422971701314	0.01348729859869132	-0.15057957200419164	-0.2651367382559661	0.20525571076188018	0.22627235554601444	-0.09423367914583236	-0.09700594880405418	0.1068065503062314	-0.39465867581674313	-0.10822136308866749	-0.1554966065291373	0.04285105452786214	0.18419560308168212	-0.21247696827353985	-0.025527956125397905	0.09623567005948105	-0.1412567847857039
ADORA3	Not-coupled	Not-coupled	Not-coupled	-	Adenosine receptors	classA	-0.2834709948489707	-0.19114992129969613	-0.1946221530313098	-0.16431163365148077	-0.23406033156864145	0.3604669687587747	-0.10504186295360979	0.009858689679098942	0.06772883629339325	0.13750650138079645	0.10744332057092676	0.029799638116448236	-0.025592310657847006	-0.31264760115665124	-0.22874050233911528	-0.21730979139540538	0.11899090982804408	-0.02842789171163183	0.18830695743420992	0.19947591992979724
ADRA1A	Not-coupled	Coupled	Not-coupled	-	Adrenoceptors	classA	-0.2793914169827703	-0.18364125274492527	0.12924063654794743	-0.3971994735466807	0.23085830336265917	-0.14949187523106358	-0.08510236100178949	0.06963333851377983	0.15966994887992053	-0.29341904373731187	0.09010514276759231	0.17686735000066317	0.1779314502440868	0.36038423864669555	0.06362130686152684	-0.0914669413386377	0.06819592048546144	-0.36229457058382364	0.1181297792717735	0.05464661814193866
ADRA2A	Coupled	Not-coupled	Coupled	-	Adrenoceptors	classA	-0.2623477741694572	-0.19874328466680094	0.07754394557949738	-0.4259162097154112	0.12002952947690446	-0.025556337448747402	-0.1271446623336351	0.16640929116540898	0.12381805053191802	-0.2239063716862311	0.1808696999361903	0.27271494588936707	0.19777909026714635	0.20039999758078705	-0.0567382118588298	-0.03919748531421321	0.042517644791322085	-0.2574367830956115	0.29385549727671506	-0.017122227516856783
ADRA2B	Coupled	Not-coupled	Coupled	-	Adrenoceptors	classA	-0.21376152598320342	-0.21188286978925128	0.13203936722964593	-0.3649329044247141	0.36099367213090056	-0.3146401480846936	-0.09817605475669647	0.015413140550022807	0.08626726252998348	-0.3882021611341132	-0.007580778696423182	0.057324024581451805	0.291983497122089	0.4712071632706701	-0.10466042728676384	-0.0772573356918721	0.04545028868602692	-0.23766235630030538	0.1832455084877463	0.10177260647935545
ADRA2C	Coupled	Not-coupled	Coupled	-	Adrenoceptors	classA	-0.2745229805520371	-0.14570148186227488	0.08131955518034063	-0.13504254505028856	0.25504110622536524	-0.08471459868086803	-0.16167987183312346	-0.1140302672765868	-0.14529682446325837	-0.2546416233821917	-0.23913184088344608	-0.30306519314140884	0.30727133069794166	0.20984646877028512	-0.22986043897066263	0.05354456619499928	-0.030351992141620397	-0.0026774800430787553	-0.2901976931029336	0.3357768108077733
ADRB1	Coupled	Coupled	Coupled	-	Adrenoceptors	classA	-0.2623470062787502	-0.18430193027067043	0.0883764560740912	-0.12172474624595858	-0.14065029027161707	0.13416253506223294	-0.1091620416125944	-0.0903638601267922	-0.025882631188513604	-0.18851033120108507	-0.319371522768983	-0.165197909141103	-0.06601690185663446	-0.1373466845834203	-0.2618194075057971	0.01266346840377039	-0.06283076864871276	0.1646959039974511	-0.36492595500299946	0.12467798320183925
ADRB2	Coupled	Coupled	Coupled	-	Adrenoceptors	classA	0.46185209974815655	-0.1582564641188919	-0.037659580766111145	-0.03748069333525572	-0.07677125818194772	-0.11294058008004826	0.008498827127812926	-0.00029001890657654925	-0.09895506200329922	0.10684331554892594	-0.2837665924454176	0.059747698772482906	0.05622012143543343	-0.26973505981336493	0.03952303449478978	-0.08159535965965892	-0.02136376249601784	0.016975780460962316	0.27556351765046333	-0.11749973301901147
AGTR1	Not-coupled	Not-coupled	Coupled	-	Angiotensin receptors	classA	0.35542360385001226	-0.17143277767277731	-0.0936065712966957	-0.042099588286340583	-0.014401327629296697	-0.0510417572649873	-0.09736462320679426	-0.05337417523834659	-0.04969032738213868	-0.16692804892304258	-0.4056446849262972	0.0875020518530699	0.16097361957224357	-0.1663572371370384	-0.021602237505037213	-0.08097719469851057	0.00626307761363428	-0.01748219243278755	0.06925963754828945	0.037916120495014735
APLNR	Not-coupled	Not-coupled	Coupled	-	Apelin receptor	classA	-0.014084107575898286	0.0613537848070754	-0.19468931483508642	0.459938389289322	0.0922708638338327	-0.022863546438317447	0.010966355855889794	-0.4038447573766874	-0.03073051769512885	0.19457488172130305	-0.10135551382353292	0.21373498400232277	-0.19294911684573646	-0.0834516708029074	-0.26378184187414716	0.05072588882928172	-0.06794050541870755	-0.36914461244444563	0.05586897268480267	0.3554437695480236
AVPR1A	Not-coupled	Coupled	Coupled	-	Vasopressin and oxytocin receptors	classA	0.02318693047674467	0.10986646847853877	0.12489795380102559	0.5289319327945594	0.1377546984706082	-0.16585129537881407	0.0636035124314637	-0.2870327319944126	0.019540090765307785	0.03082056949772855	0.0031906120664556364	0.1101033100601611	-0.04819774239157144	0.01816582824117596	-0.35258914370586036	0.29552468133372667	-0.2629176613594627	-0.2501555527197106	-0.062354911972664476	0.21176935795277732
AVPR2	Coupled	Coupled	-	-	Vasopressin and oxytocin receptors	classA	0.36788110098593496	-0.11900489934172961	0.15889983059130353	-0.021259376197262904	-0.11042690981462508	-0.11476292152312378	0.07410486118721273	-0.10832606550219762	-0.2856871918777348	-0.032920308642437356	-0.34111834500665983	0.2052531442528623	0.13055084691235935	-0.09008198243241054	0.15941449461328616	0.01484181334428984	-0.07546706556564188	-0.0187828228361748	0.1476901384486998	-0.2644924909072842
BDKRB1	Not-coupled	Coupled	Not-coupled	-	Bradykinin receptors	classA	0.25615224297353795	-0.055245530868647835	0.2029883990557012	-0.023080973236695324	0.03771699195087456	-0.04268288422744416	0.030713184411854284	-0.09744070897590891	-0.17377974924777342	-0.2709701357077841	-0.472774322329102	-0.01967408077161821	-0.0064922960869299665	-0.2057592772156466	0.25009672139265965	-0.07942017630475873	-0.03950522605005321	-0.17575359890451647	0.14112488292174818	-0.1573129900535478
BDKRB2	Coupled	Not-coupled	Coupled	-	Bradykinin receptors	classA	0.38694172211843214	-0.04823476724860389	0.23722603354854122	-0.059950004336638954	-0.20441876031641418	-0.10850013318810303	0.21045547106829948	-0.3835409716751805	0.3792156240026974	0.07641006091248512	-0.5230627831654833	-0.09660679679499024	0.29797405590721526	-0.35937245664372425	0.03945695947586651	0.19341795230727604	-0.20813124296073082	-0.179115416628988	0.5020911471644774	-0.22737900102540828
C5AR1	Not-coupled	-	Coupled	-	Complement peptide receptors	classA	-0.0748339508871554	0.650874370692543	0.01413315081442638	-0.11089619701193874	0.22888177771159504	-0.25873987459374503	-0.03759410373854616	-0.0527668817182888	0.17934513240215202	-0.029835355442359362	0.07442946519121596	-0.12067252972274414	-0.027515789442072922	-0.2143680861736537	-0.16584187283103094	-0.2771689766606367	-0.22002778118729296	0.2529790771801504	-0.07773269594220161	0.08027850398359355
CALCR	Coupled	-	Coupled	-	Calcitonin receptors	classB	0.014978570894891102	-0.13731838790713796	0.034375890346853566	0.355945503515186	-0.008350761024392042	0.23640713345366682	-0.23842893969890716	0.004806862010120712	0.4821678280457192	-0.15995298191035848	-0.028001658155479725	0.26798885349060164	0.008264007951884774	0.015170525564277306	-0.02772501276982498	-0.03162975470989452	0.039747557466966794	-0.04843568604178901	0.07916662905512845	-0.1318686742963268
CCKAR	Coupled	Coupled	Coupled	-	Cholecystokinin receptors	classA	0.4291542096350136	-0.09549021007656576	-0.31477971522295084	0.05580051693615339	-0.0826195394437565	0.013792174233510986	-0.18426197314416004	0.43283881546271313	-0.28485023228494777	-0.053147247934118076	0.06890020315817558	-0.11596569167571287	-0.10734331337328304	-0.037713330054341694	-0.034211559556619836	-0.09738649913582925	-0.12843081743380436	-0.016281021247986204	0.1697078373199968	-0.050083305981868845
CCR5	Not-coupled	-	Coupled	-	Chemokine receptors	classA	0.44811626599814464	-0.07428464637609088	-0.32608313387968685	0.09728562033246299	0.17660453102135926	-0.11331353099136528	-0.18167994656905287	0.32783242125760487	-0.22840432089497725	-0.13124946068806512	0.035190048160433154	-0.18577645170567442	-0.15857665311714933	-0.12651278441722572	0.06856481174138708	-0.12526081102609685	-0.10214717599403114	-0.1277862409470945	0.0770109547374903	0.002946566285338422
CCR6	Not-coupled	-	Coupled	-	Chemokine receptors	classA	-0.20479282052794456	-0.20830229268913947	-0.29416412454327756	-0.2862205646668538	0.0020703698226156118	0.17668191707695788	-0.29314247155795725	-0.017396118171100792	-0.03134552579856339	0.2085863900909384	-0.2578066039627628	0.23490278184176192	0.031685701817790526	0.21436892561449244	0.04482121979729821	0.4294926103060502	-0.2466420704946827	0.1046305573392474	-0.09937635861228204	-0.2456349775610004
CHRM1	Not-coupled	Not-coupled	Coupled	-	Acetylcholine receptors (muscarinic)	classA	-0.2333389187526936	-0.20860131780094224	-0.2657357163053074	-0.2854188607617929	0.33033700796458154	-0.13208126154549898	-0.19201368305896097	0.0832812433913144	0.056822387956567535	0.378729356078162	-0.3720778437123085	0.17070175302604604	-0.14674918003594223	-0.04967329002059497	0.04411586979006874	0.34637050894323385	-0.21195545706660954	0.2515555132013658	-0.12939009098260792	-0.0384966050090791
CHRM2	Coupled	Not-coupled	Coupled	-	Acetylcholine receptors (muscarinic)	classA	-0.35793281741114796	-0.13697659135168455	-0.38261498628209445	-0.19860340931328793	0.29407613207886846	0.23245750606968418	-0.290401850898375	-0.08246506799315019	0.0985652065285672	0.2216094433692912	-0.17567740160704348	0.052929299535666254	-0.15920848113996985	-0.09050873761766931	0.32137365736690005	0.30376620218872585	-0.1130724779901765	-0.018717856614408813	-0.13500020817780947	-0.15639825042183442
CHRM3	Not-coupled	Not-coupled	Coupled	-	Acetylcholine receptors (muscarinic)	classA	-0.2372515106702695	-0.19122683381361222	-0.14108978556855606	-0.25570496752064853	0.35342839062946596	-0.11253696123631317	-0.20339432582895392	0.02912011883149802	0.029217685835675668	0.2585789872339382	-0.22325119253168413	0.09048172622912941	-0.05373244290181831	0.05146847453184243	0.06084801557570949	0.3788008279037879	-0.23439490747980127	0.16889431600979204	-0.09510059397215534	-0.18139786794880208
CHRM4	Not-coupled	Not-coupled	Coupled	-	Acetylcholine receptors (muscarinic)	classA	-0.46505384936685856	-0.08185968681284361	0.12587159431576134	0.08360998379073566	0.2739071701658883	-0.2616601562334743	0.3266034430850352	0.056366724925706733	-0.08195685736997083	0.08002189645705314	0.04259345401929279	-0.2982531403044967	-0.1038647540719633	-0.2003359391101466	0.40974416573286915	-0.10358121519113526	0.0012564152883020494	0.07387754169889275	-0.12545093767072843	0.18359637874631904
CNR1	Coupled	Not-coupled	Coupled	-	Cannabinoid receptors	classA	-0.3799782977768534	-0.17746248953098126	-0.27592300273247333	0.07245062659920193	-0.2982910321548847	-0.052558248426153475	0.3886484582511336	0.09544394104181018	-0.08343043110038338	0.08661175515183674	0.12244670187300798	0.08239329733786943	0.12121453020809667	-0.011067989339917763	0.23976160827766127	-0.0031895905019438987	-0.03562178578417555	-0.16588880461121727	-0.1683588620502194	0.0843749096320632
CNR2	Coupled	Not-coupled	Coupled	-	Cannabinoid receptors	classA	-0.03719647577016861	0.6212877508314105	-0.1320537524494779	-0.16176103171939823	0.2114942195125366	-0.4060691175177181	0.08708545338564759	-0.07463014360684073	0.22639311800068113	-0.1428569347912928	0.05795905520126983	-0.012939303865730402	0.062471808786540885	-0.10470149399492153	-0.21221274578998622	-0.2779083383036303	-0.27789781949655007	0.409861326089821	0.11587507414880882	-0.04126863764893588
CRHR1	Coupled	-	Coupled	-	Corticotropin-releasing factor receptors	classB	0.0032815308731234975	0.6411940996114506	-0.2261130853574235	-0.1781879163822147	0.04460705276544005	-0.35495958070056255	0.033701886945847075	-0.0396543274128765	0.2756781714875004	-0.11396534060804825	0.06352717086454723	0.021160226889982602	-0.02583276147991526	-0.1527489464838825	-0.21863370831823775	-0.3284548003500163	-0.29355866589072077	0.32405530826055495	0.0828812278048041	-0.1486947447483643
CRHR2	Coupled	-	Coupled	-	Corticotropin-releasing factor receptors	classB	0.44666523684391374	-0.11612443800303152	-0.35693786933239696	0.09269392914443514	-0.07863864835657872	0.06768900683250609	-0.2704005858865372	0.1650146831492352	-0.29651598977519794	-0.15456473147261468	0.21743743257896608	-0.222174868277688	-0.13605773528614754	0.07389839282084562	0.1034487627385237	0.007054030417589876	-0.17738288562090862	-0.09044844402293821	0.13420066678956277	-0.048443166455142704
CXCR2	Not-coupled	-	Coupled	-	Chemokine receptors	classA	0.5001247976923329	-0.09791602817046759	-0.34429506795476644	0.048081746164137656	0.1342525938261434	-0.1783319352171474	-0.20659448085597024	0.36326867862703155	-0.2744131307040326	-0.13683830169234174	0.019412288300867293	-0.23820489491369115	-0.1651207924318973	-0.05262743954040266	-0.03624303676407689	-0.04693342309940248	-0.20501626900034978	-0.026562841190150406	0.10520912563355725	0.040360851305787114
CXCR4	Not-coupled	-	Not-coupled	-	Chemokine receptors	classA	0.3936124442911749	-0.0927389740867556	-0.41139020179560865	0.12071938344334016	-0.09201305433465096	0.15968024123028035	-0.27459922675735254	0.19612190400112212	-0.27733901760232765	-0.26100759656384115	0.33693979514405237	-0.23292848431526703	-0.1117977233485007	0.08539688499044636	0.1510278033462072	0.03009261900972153	-0.1731554010549199	-0.1328137594217702	0.056069526643299866	-0.05217623796803572
CXCR5	Not-coupled	-	Coupled	-	Chemokine receptors	classA	0.5299925500314646	0.05012348499902648	0.04600722607380074	-0.18025328068679103	0.199986706655153	-0.2051751031014313	0.22371410881216366	-0.01541589469877174	-0.05824104519499384	0.2747566395089436	0.22172317120191637	0.04688016591033701	-0.16798806567088587	0.008633728410461011	-0.07824165874884864	-0.014787031212216467	0.16093024113577867	0.015562099998928833	-0.08657587544276145	0.0617128241857203
CYSLTR1	Not-coupled	Not-coupled	Coupled	-	Leukotriene receptors	classA	0.4990713994573544	0.049356109042889756	0.19383167939776483	-0.18506082445371716	0.050392906400632737	-0.0933835695153299	0.19393401904640037	-0.11096706343037359	0.029979161689442757	0.20344725360198204	0.1836356967690225	-0.006914621938614079	-0.10367205510520194	0.012654309848895786	0.07549453891178749	0.012067149498348152	0.09896686020973326	-0.04831072935186811	-0.10405647126026632	0.006024157300985107
CYSLTR2	Not-coupled	Not-coupled	Coupled	-	Leukotriene receptors	classA	-0.3003881707291607	-0.18739603041538516	0.1478388286112068	-0.13756349608032117	-0.052126411621696074	0.15815285870707976	-0.09385441793277438	-0.09601810197757325	-0.19740100345659822	-0.23213710038636068	-0.11936345291865652	-0.028838646663871034	-0.14973877019345097	-0.3033150365773812	-0.33573456921175826	-0.1161941573220632	0.0240092346668454	0.15451693020978424	-0.17124594134358942	0.08214755989513503
DRD1	Coupled	Coupled	Coupled	-	Dopamine receptors	classA	-0.26613709145134884	-0.23363728274218734	-0.2315842998522753	-0.2621150086239479	0.1744758407047825	-0.06424107625889157	-0.08433940878867065	-0.1670227945972174	0.13727706685169044	0.15628481472416025	0.32337206339633695	0.06404033855773068	-0.15076169104768256	-0.08679907155060958	-0.02191803558623702	-0.06052070933066197	0.05264684164094404	-0.1375223552094128	0.2386712668053243	-0.11455732249156475
DRD2	Not-coupled	Not-coupled	Coupled	-	Dopamine receptors	classA	-0.31613499681726204	-0.1536607034899923	0.24584900529234013	-0.11142447983344601	-0.1106521417751682	0.24661744824811124	-0.11193089493895911	-0.2536383615666419	-0.32213018604095134	-0.33685805956081943	-0.18506383414242622	-0.07060787748075491	-0.15484869796908887	-0.21297831455020783	-0.17035619247218756	-0.12695257292507559	0.02923346095512063	0.06632847283053107	-0.24665828938872328	0.03833204125667103
DRD5	Coupled	Coupled	Coupled	-	Dopamine receptors	classA	0.11941957882394799	-0.0190100541318171	0.28990511632092913	0.40479023655380786	0.4023448938087041	-0.023187498597872135	-0.1455631870699007	-0.10850831086248663	-0.04649722851296415	-0.36451575383404466	0.04294542828464655	0.0036642151008172406	-0.10004565113288465	0.0028010259238354365	0.27853233532905974	-0.04674172756221429	0.12272335335118166	0.20793534138821343	-0.1876266280057192	-0.18870974966360393
EDNRA	Not-coupled	Coupled	Coupled	-	Endothelin receptors	classA	0.23853741462149736	0.2187727391795616	0.3705727749694907	-0.21440378828712364	0.1366064924335471	0.228583616808744	0.16048608232866485	-0.26424320384110567	0.21954075924021682	-0.1600246665973229	0.14408250880640408	-0.3741745938791192	-0.2999431999977139	0.2037160544321277	0.4193805258289896	0.15832511914400704	0.11147772206422572	-0.13151599051782994	-0.16202695341494733	-0.013266077922577104
F2R	-	Not-coupled	Coupled	-	NA	classA	0.2855210749487017	0.1885193416821699	0.29518759700528274	-0.16360560389421536	0.23428835359048691	0.04270562504745324	0.20723047716161253	-0.19228571308361625	0.27660221048332234	-0.06002618046810081	0.2050208076793472	-0.17492519986149535	-0.26802613407933223	0.10899125199607183	0.2153564462398238	0.10153202818531674	0.14709555438525426	-0.05322400908166733	0.025146770767099935	-0.020895044981143026
F2RL1	-	Not-coupled	Coupled	-	NA	classA	0.27368188698170187	0.10491043478951535	-0.3674640377368408	-0.24683552467840805	-0.18086232983300443	0.31921292329456114	0.3195151788624381	0.0013745541550250408	0.31904815190332725	-0.1808902320872364	0.25313251279923177	0.2083623518474284	0.07914284025129145	0.17714055708607523	-0.09535936379031199	0.2442166904112114	0.09568377152981127	0.3461262294296453	0.15843845375684526	0.1006922489460493
FFAR2	Not-coupled	Coupled	Not-coupled	-	Free fatty acid receptors	classA	0.25494776920663126	0.09552089695595309	-0.20649581120001628	-0.34324413894350236	-0.2721062428467834	0.36731767809756977	0.297425005927248	-0.013800525751078612	0.2836034693737506	-0.2515355541653263	0.025375542497920102	0.24380744409380464	0.10423166993464748	0.07634678487235966	-0.01414192808931193	0.2481262294574792	0.07457474184794471	0.11614961543544444	0.17114734775284424	0.1672747350781132
FFAR3	Not-coupled	Not-coupled	Not-coupled	-	Free fatty acid receptors	classA	0.07206499056724816	-0.05519956950497173	0.48628232599964755	0.23828281643454616	-0.328972335233995	0.20640436140300772	0.036014934729451456	0.022731752377687046	0.12171993016060013	-0.30758723442254016	-0.0552288257331839	0.09564221639645333	0.10287528527222446	-0.040985581118472864	0.08549941617292614	0.11693566130695925	-0.16931116388972375	-0.1308903941730668	-0.08012315541335535	-0.2728647803375544
FFAR4	Not-coupled	Coupled	-	-	Free fatty acid receptors	classA	-0.09809236561548978	0.6308490354192031	-0.02036447056742352	-0.055581643523280565	-0.19795016390699302	0.20080059569610814	-0.133893379276604	0.004904552700958516	-0.11029953976274369	0.04382254993755047	-0.06344985561013637	0.1275405751033644	0.08551782825968744	0.08623789451464389	0.07241441115979395	-0.19388400038527706	-0.24860802023651532	-0.1496373093902543	-0.14126981597130792	-0.026937605458120073
GCGR	Coupled	-	Coupled	-	Glucagon receptor family	classB	0.26712588375272317	-0.23823925838534904	-0.10504212564843109	0.4071228819951013	0.23948676202593483	-0.21799365869640086	-0.050261875819300014	-0.290533592520039	-0.3717943193400836	0.033002387348775176	0.04872298472463215	0.5390312245386295	0.24312762788502296	0.2547629765772532	0.06582498022342849	-0.24950059095304253	0.26865078262463316	0.26431438041507616	-0.16527306694448385	-0.29585038991327095
GHSR	Not-coupled	Coupled	Coupled	-	Ghrelin receptor	classA	-0.10149224794780966	0.6344032648053415	0.025980627914418655	-0.08286215840251226	-0.15523465367755596	0.15709382137571715	-0.09506989350142106	-0.002192843085704383	-0.1412678236922569	0.08565751547351473	0.023768015891119192	0.11301662355793293	0.12684545276676415	0.1191580347322669	0.08897575078694475	-0.1813754826919345	-0.2601591486159334	-0.07325986540974679	-0.062013144591197285	-0.030145726720859176
GIPR	Coupled	Coupled	Coupled	-	Glucagon receptor family	classB	-0.09618954681687919	0.6432294884571067	0.05978025575024282	-0.021430944044158975	-0.25196536075067383	0.2437486760633959	-0.10868387645281061	0.001526451751020487	-0.1538300616952089	0.0629591910130319	-0.05625215235456	0.11206132526250924	0.005594363470245281	0.1994044338665281	0.13486006583010743	-0.20338553652432578	-0.23604762763346399	-0.12530907618359788	-0.12666576019980103	-0.17678379133263084
GLP1R	Coupled	-	Coupled	-	Glucagon receptor family	classB	-0.22087203393319263	0.5966267471055668	0.17058609911800707	-0.06332100416166439	0.011814018956749772	0.18811933689137825	-0.10580752521173606	0.03313527315484627	-0.23815122794378515	0.11925872790376693	0.018839976750542893	-0.00616746016469727	0.1699831826950083	0.037334706872494745	0.29023984987889434	-0.14459949683163542	-0.21190167624167497	-0.04076657546770874	0.17325200539373525	0.15717647787466224
GLP2R	Not-coupled	-	Coupled	-	Glucagon receptor family	classB	0.19511361469363733	0.09832150647647656	0.20620034930504114	0.5768456720021173	-0.07125769785116758	-0.12921755159512882	0.009200645876730256	-0.11319904497345452	-0.10510719832691316	0.03249590862134518	0.1275248156713034	0.15739040037426155	-0.5751828701659522	0.2542771824862235	-0.20053091278809057	0.3537754595924798	-0.3718231912762917	-0.16663125998770106	-0.12747919429497087	0.09400002429752174
GNRHR	Not-coupled	Coupled	Not-coupled	-	Gonadotrophin-releasing hormone receptors	classA	-0.1663076049119737	-0.10515141458854503	0.3964573112560726	0.10627491311106488	-0.22713984778536273	0.008965476750771204	0.1663047450845917	-0.10842359915301289	-0.1030377846896493	-0.1896670475749094	0.6197471642891609	0.03240002080587912	0.4136597795918275	-0.18764142128524072	0.001524566150767063	0.46157707128882314	-0.3429741062853077	0.26120904816788126	-0.2910188110475001	-0.07730122084888509
GPBAR1	Coupled	-	Not-coupled	-	Bile acid receptor	classA	0.39408740697263506	0.046496709420122025	0.04110601261193565	-0.17517061885835597	0.1883127198560723	-0.035031355528399595	0.22685600298418435	0.08039203562910145	0.09373718311164042	0.02959469567018906	-0.08049186930384204	-0.029519957718395277	-0.19659539776968102	0.037871774979284345	-0.14561030955826373	-0.07310388267869157	0.2075264603841651	-0.09884957659197435	-0.14535816648860556	0.05937832844860582
GPR183	Not-coupled	Not-coupled	Coupled	-	Class A Orphans	classA	-0.11470922073385646	-0.11645472674151038	-0.1049567792246314	0.4384391798584693	0.40204734451248036	0.056607642661895836	-0.004573504525018675	-0.12755928251521445	-0.3561766426819951	-0.2201863386885084	0.014825304872127262	0.5896639138694583	0.18587180648709822	-0.27881198667229606	0.07244964156724427	-0.2741922761649096	0.3748926870604964	0.15051073414687785	-0.1669115523767582	-0.12780294592760358
GPR39	Coupled	-	Coupled	-	Class A Orphans	classA	0.40401250812883127	0.11926180050299444	-0.012143912819209866	-0.37399236502198313	0.05040743085952803	0.18910582026703257	0.10328723771109882	0.2606522188516685	-0.24361344480726702	0.10685782624606072	0.02003478447755481	0.12137635462370594	-0.11913315719111874	0.05149003354689311	-0.16194054982844694	0.09999254600177206	0.11967134861658185	0.10904456335808102	-0.159595822655543	0.26939951084482616
GPR4	Coupled	-	Not-coupled	-	Class A Orphans	classA	0.4624254206380929	0.12785633988070486	0.16520083387007461	-0.28292599235108157	0.07867046045418137	0.057759011153242036	0.19919409676950703	0.11508974944965272	-0.17845753675239243	-0.13774252053945193	-0.06785211008395677	0.14995507241754907	-0.31579728872610324	0.02599594622970647	-0.12386312366260513	0.15277643081608605	0.06998673869227015	0.33461772945883683	-0.03082956314434258	0.02254064643079958
GPR65	Coupled	-	Not-coupled	-	Class A Orphans	classA	0.36309147084442955	0.12558752456474215	-0.030094403718858694	-0.37145198053482864	-0.031438004806642064	0.2550025648126075	0.14365330785819497	0.16573442923463058	-0.1839544310700227	0.025803449009212942	-0.02734714377763669	0.19836350853353432	-0.03286279297526022	0.01293622402986254	-0.06676065489815408	0.0832932817323106	0.15432344145549384	0.12882805666391814	-0.1395289687131746	0.26410744892809723
GPR68	Not-coupled	-	Coupled	-	Class A Orphans	classA	-0.24736307841297106	-0.11958440561813677	0.2325977903053177	0.08585818653656486	0.4088879018617463	-0.3705950652157055	0.2054844333447118	0.5311758308261373	0.29596450417229175	0.2563531244341216	0.059092879418724056	0.12883305049527177	0.16526828876005098	-0.20193341419457006	0.029143848215905713	-0.059312542797709464	-0.0012696547583884612	-0.07286767116562094	-0.12253534796445677	-0.030184063347502364
GPR84	Not-coupled	Not-coupled	Not-coupled	-	Class A Orphans	classA	-0.12301891197465839	0.4333697305849965	-0.08371087174921882	0.01877247399728541	-0.3823328088428689	-0.4580284496582711	-0.35266078462568473	0.04065836131167174	0.012730027394559109	0.032550969788464945	0.012936898421591885	-0.044056330949530244	0.02212365848613204	-0.11478526666588242	0.008524068827603289	0.3098233664164387	0.4851566390254867	-0.00010432630645554307	0.02317815820653228	-0.016746796067039882
GRM2	Not-coupled	-	Not-coupled	-	Metabotropic glutamate receptors	classC	-0.17273196531490081	0.4283587753029134	-0.04827781697650109	0.043014980123464226	-0.37834970033385745	-0.3434068488490099	-0.3708439692090713	0.04762642711803568	-0.026831558286092967	0.0032821284269876115	-0.015649263817832854	-0.023020961522569234	-0.02526303422998687	-0.06593894046936033	0.060647850027932264	0.2877551200875691	0.48208697885070123	-0.03660791652244411	0.023491654165393724	0.0036965331120089474
GRM4	Not-coupled	-	Not-coupled	-	Metabotropic glutamate receptors	classC	-0.1518171100699395	0.4360580944921557	0.044632190320894445	0.053699784207899996	-0.3680803926668179	-0.4349125390676247	-0.34807810060383854	0.03681105816686992	-0.04109876764729495	-0.06063747104382958	0.00845540151483947	-0.03614800688081389	0.04929082396529633	0.03373321687869796	0.020879141231577893	0.33249350072127	0.4660917850880332	-0.04011933181513718	-0.013326757690000645	-0.044387833223121655
GRM6	Not-coupled	-	Not-coupled	-	Metabotropic glutamate receptors	classC	-0.1704555670327335	0.4241533917031717	-0.03207355100936625	0.056700242410508736	-0.2741278687532278	-0.43927970138932343	-0.3458579437400019	0.08107371356737138	0.00193256199040091	-0.04230011068714307	-0.06212321906488095	-0.08716063752310554	-0.06927206914974814	-0.1328306567236951	0.02615337985659784	0.2509573469384538	0.4912066524173626	0.02941401011177212	0.023005737763556803	0.002578349487773421
GRM8	Not-coupled	-	Not-coupled	-	Metabotropic glutamate receptors	classC	0.27498245995607	0.11843488907061164	0.25780833589012003	-0.17680884669529298	-0.03261721918156153	0.23438742059372	0.2510596923556212	0.14437627579251924	0.13355404258291653	-0.04975441389409351	-0.21330534733265746	0.20401879452852312	-0.10287705790231826	-0.18258151923192537	0.036427149320099855	0.006064403466652794	0.1427479686808582	-0.20470625195290298	-0.07552497980422987	-0.038909291162140376
HCAR2	Not-coupled	-	Coupled	-	Hydroxycarboxylic acid receptors	classA	0.20207553342408358	0.13458664515798557	0.2775669963141631	-0.1614304386778137	0.0767762658123143	0.23223873316389096	0.24172489496338456	0.15676609098154193	0.1322110550311287	-0.04373561952661398	-0.2615106339364566	0.18450964023282682	-0.09830490362620174	-0.2994605658025642	0.07454414200552217	-0.023568531345510423	0.16992085739677087	-0.21291086766197437	-0.055842471756541674	0.0858022159787995
HCAR3	Not-coupled	-	Coupled	-	Hydroxycarboxylic acid receptors	classA	0.0033555030296041695	-0.14207013500656898	-0.2655435273139866	0.4183966134611061	0.033490412417308886	0.20333993285843757	-0.29202300622759664	0.03761909819604705	0.284202175817742	-0.053756911476221345	0.0231232497620079	0.29384279744289227	-0.16710572055958017	0.07553836351196577	0.028751702009563177	-0.19757841978522606	0.11022808594471664	0.07937784046899019	0.11759713332089468	0.08045876347029196
HCRTR2	Coupled	Not-coupled	Coupled	-	Orexin receptors	classA	-0.3116049749978998	-0.1742427261323818	-0.09903708030935242	-0.26189948614962244	0.16328892579528068	0.1876967297918252	-0.19469765685155413	0.07617667641500711	0.04005133259614668	0.16299498770604684	0.05532683211316568	0.10175613057603006	-0.1617637361240004	-0.09087293702208003	0.1943733931903861	0.2391439181238642	-0.12073291438565537	0.03230997909613907	-0.09231975503663024	-0.17205605065897905
HRH1	Not-coupled	Coupled	Coupled	-	Histamine receptors	classA	-0.07595928124562683	-0.319001611801964	0.1581056789199668	-0.14576478864284473	-0.36370456173325094	0.07544631370156916	-0.06815022788594327	-0.05719668492853784	0.01096552656179342	-0.030754264931240415	-0.048757856229613386	-0.045259594927001136	0.03563499589390878	-0.006716029448963615	-0.3953713875426534	-0.07190538057837818	-0.04716272779100552	0.27445140154708303	-0.1031520775576555	0.02303883376124085
HRH2	Coupled	Coupled	Coupled	-	Histamine receptors	classA	-0.2614725291369689	-0.2031062844658338	0.0984079211175159	-0.2811406423938404	0.03605895179122795	-0.135684603052794	-0.10502877557191809	0.06927728892475123	-0.03340785343142498	0.11867846419135407	0.07903956858440828	0.09322554980343234	-0.1203606424258104	0.25433913088582605	-0.20214123423330824	-0.10478216729993398	0.040390822594554905	-0.16703973161690616	0.07995755977619272	0.010155832197789177
HTR1A	Not-coupled	Not-coupled	Coupled	-	5-Hydroxytryptamine receptors	classA	-0.20551904330007045	-0.19950986853024794	0.2582012975012041	-0.2571182813218994	-0.12423209456143418	-0.19444583509912786	0.0016162329273986553	-0.100027990297976	-0.20166834730870625	0.028917938673799437	0.02109735805253097	0.06904501268598318	-0.2451569427127574	0.3561124545323234	-0.20470202430678902	-0.13662960323605083	-0.02500808162814287	-0.05363550638193719	0.16339357561225507	-0.1326541303313423
HTR1B	Not-coupled	Not-coupled	Coupled	-	5-Hydroxytryptamine receptors	classA	-0.16853474413525948	-0.22672192431937516	0.28939765910010284	-0.2732753947124863	-0.12149610701313573	-0.20376936902206794	0.00405015786649219	-0.12241546953916756	-0.13036856076778922	-0.06071616515879332	0.06633676930309844	0.02543184942522525	-0.2284912534582018	0.2536777905069416	-0.32841876483989085	-0.14498785723004398	-0.03257629670871898	-0.0004835710346951421	0.22018277848511453	-0.20658550437594458
HTR1D	Not-coupled	Not-coupled	Not-coupled	-	5-Hydroxytryptamine receptors	classA	-0.2637597358209607	-0.18357033420727767	0.1759456557819268	-0.09326486029033028	0.021876096194719852	0.19242523755847254	-0.09873811799528755	-0.38929117039768407	-0.1576889489285721	0.08478413704642884	0.288063284480801	-0.10917296226673932	-0.1919636638032633	-0.18878608070992045	0.008122757658165457	-0.1890393338104225	0.15947946955983328	-0.12514323660268714	0.08093681289939594	-0.09650689366527754
HTR2A	Not-coupled	Not-coupled	Coupled	-	5-Hydroxytryptamine receptors	classA	-0.27666431780646883	-0.16268634949198496	0.09333503524074813	-0.07450212303491657	-0.004721029200468378	0.29975508024706865	-0.14982087517492534	-0.33350217898593015	-0.035049702759800544	0.2029938848035058	0.4400182261532587	-0.08072096840601578	-0.20008698335598088	-0.3270914112354138	-0.00042569654491703666	-0.14405291423507202	0.14181193824206656	-0.057385889104035	0.2680432492135004	-0.18412276048313894
HTR2B	Not-coupled	Not-coupled	Coupled	-	5-Hydroxytryptamine receptors	classA	-0.22769896456496885	-0.1964241768919399	0.1813543744140034	-0.1274270245485682	-0.01315354150782733	0.18008932325452406	-0.12615664629922904	-0.2932114222184167	-0.15389610450600974	0.14579835696983398	0.34473632307113583	-0.08695908313309625	-0.115488000515704	-0.22737469839091293	-0.10357261901232173	-0.09056338586453494	0.08436357786959574	0.11273468477621561	0.15973601107418997	-0.060350728165550094
HTR2C	Not-coupled	Not-coupled	Coupled	-	5-Hydroxytryptamine receptors	classA	-0.33337800852992727	-0.14366285884881244	-0.21723673736927857	0.07032414773504204	-0.15392060057676388	-0.2864703957960898	0.4295248044469673	-0.08149446030613369	0.01571110300235148	0.02307608143216247	-0.055242651088003754	-0.033438505769262925	-0.0738567639289944	-0.050828141372984956	0.20982211695462288	-0.06692102861735492	-0.06795623523919296	0.03971240642904219	-0.04039403251342789	0.10277226131194667
LPAR1	Not-coupled	Not-coupled	Coupled	-	Lysophospholipid (LPA) receptors	classA	-0.28315157266485197	-0.17500278996807803	-0.2957701332165395	0.06800749292484068	-0.2698083875905907	-0.17884824892487744	0.36706952611110616	-0.11267656947455328	-0.05702057580670468	-0.023182168029412753	0.14001380322357346	0.08921396608834523	0.12656634017316526	-0.1122179182601011	0.16410251732204623	0.062132930402725925	-0.138066113735905	0.09427369016816263	0.08395565001073568	0.12901226158899878
LPAR2	Not-coupled	Coupled	Coupled	-	Lysophospholipid (LPA) receptors	classA	0.36192397134282334	-0.11786857200758688	0.01350463941645144	0.04812968109065121	0.1395064407695858	-0.07212538382607933	-0.030378523059841008	0.11086110372800119	-0.08752784686355956	0.0037931632603016314	0.2652337608439635	-0.04042201975998043	0.4778662614873809	-0.23173679373889497	-0.08475195417246441	0.11472114293821588	-0.06459203616152405	-0.02471611079807304	0.04390142374587557	0.06933551649482325
LTB4R	Not-coupled	Not-coupled	Coupled	-	Leukotriene receptors	classA	0.2977823556341212	-0.06480265222394054	0.04879547939865728	-0.00044832960752924926	-0.03147408410751833	0.09966760668549159	-0.021445504975653826	0.007121016303860055	-0.17339880493347098	0.09206574487038771	0.4043446891950265	0.169183876521687	0.629869722942402	-0.1582995277504741	0.03177028448214275	0.21357496083591604	-0.06802002205890478	-0.09271305609404151	-0.044124482364955205	0.05088271948728471
LTB4R2	Not-coupled	Not-coupled	Not-coupled	-	Leukotriene receptors	classA	-0.28801200048153613	-0.15485105683337924	-0.4028641931454549	0.13273062622642706	-0.34636031964239644	-0.13941150552472328	0.49087475859361707	0.04717101654932513	-0.012839332708387396	-0.2384098223025479	-0.10895994707971939	0.20693851804101832	-0.1985077803876804	0.3043237288902268	0.21173290029619854	-0.1365738049122426	0.06002530279863069	-0.02335771929812465	-0.07083863939603209	0.0022376833601812697
MC3R	Coupled	Coupled	Coupled	-	Melanocortin receptors	classA	-0.30087990528863007	-0.16962195310768882	-0.40272987534530574	0.11385178828338681	-0.22540903814162186	-0.2153813523611636	0.499075919695948	0.004631364879378175	-0.012415745975192323	-0.22821015181129586	-0.13011733250777957	0.09460548439759461	-0.18767605324475206	0.2345916992487805	0.2652878005198166	-0.12995825620486293	0.04985894433972707	0.031295264681023484	-0.06081905734578812	0.0942486442563121
MC4R	Coupled	Coupled	Coupled	-	Melanocortin receptors	classA	-0.09090284090838302	-0.183606724824778	0.4600793750963296	0.2135748973163219	-0.26438341720473313	-0.04668338300405605	0.07407846043522463	0.7118932397996234	0.09704807511194509	0.5342703088289615	-0.009068076532802524	0.04105119385342691	-0.007848420536031776	0.02889674441891075	-0.17905219403524367	-0.24045600414629198	0.0053294126768088914	0.023855213490196286	-0.11705275365101928	-0.17843766145965348
MTNR1A	Not-coupled	Not-coupled	Coupled	-	Melatonin receptors	classA	-0.06831041951843511	-0.15087092196283597	0.4970831314464194	0.20613377296170393	-0.2656977751581842	0.016339149287434504	0.034297618561031966	0.5819316007945671	0.05784367933308295	0.45240943096482955	-0.02699925749395488	0.07916244607265104	0.07849910341145049	0.15569694440357199	-0.10903206819493755	-0.20542186857938732	-0.007003390254724687	-0.13013206257897153	-0.11630633880289049	-0.12954317141765778
MTNR1B	Not-coupled	Not-coupled	Not-coupled	-	Melatonin receptors	classA	0.002559795650335192	-0.14502007828131178	0.024030619802688717	0.36713894364745203	-0.12565206871085377	0.2548679741969466	-0.28255919260995305	0.09382686695017511	0.2955679132336189	-0.13655166138388927	-0.039788917664462936	0.02945109070860814	0.08338159637997951	0.13010764378418174	0.02276943031383533	-0.05210750951669528	0.007055894953238387	0.1875877987436751	0.100461083116902	0.2808809014213549
NPFFR1	Not-coupled	Not-coupled	Coupled	-	Neuropeptide FF/neuropeptide AF receptors	classA	-0.11306918071615513	-0.06297818667585586	0.6970011455816286	0.25723433389350314	0.03312385184429195	0.12189381263272069	-0.20938539093587427	-0.026459507338776982	-0.3035212459468443	0.3611821823617973	-0.17442791997593488	-0.0389027355873182	0.05250267006567069	0.3586937369103608	0.4988307524818423	0.02384168420716658	-0.0427969653300477	0.5979283187404801	0.644271067484137	0.692783231776957
NPFFR2	Not-coupled	Not-coupled	Coupled	-	Neuropeptide FF/neuropeptide AF receptors	classA	0.0980619755411138	-0.16384622422288106	0.21482186598673642	0.3628800133846457	-0.024784055297310963	-0.02573629963596684	-0.1715463866065903	0.18876472697111527	0.5054327438961481	-0.2597150006801581	-0.06555729729160358	-0.07481451630546218	-0.14623279706913558	-0.04384095595020782	-0.046956310720633714	-0.05745237323189744	-0.06638502863399333	0.32463008552342826	-0.027660058940292172	0.07641891055268707
NPY1R	Not-coupled	-	Coupled	-	Neuropeptide Y receptors	classA	-0.07757951502458472	-0.0895348395036151	0.1478018166402861	0.2924761813115196	0.3235258471009819	0.02940019099980267	-0.1806370151091805	0.2918037341934633	0.5196820394901097	-0.2730697105696344	0.23665555325177084	0.024552530657731594	-0.18102398260907124	-0.09152713388901922	0.2161282147766462	0.06949257952471254	-0.07831192576395622	0.06210401518012121	0.11837367285225282	-0.12059619828446291
NPY5R	Not-coupled	-	Coupled	-	Neuropeptide Y receptors	classA	0.329238356632366	-0.28569151719555236	-0.15886943811411486	-0.013881479938505647	-0.14126276528545317	-0.08743566939140607	-0.12749562648285626	-0.21971948322281235	0.1827050973336602	0.2294565491949575	-0.01596790586782447	-0.2851493531380963	0.2714292297789611	0.26887031685132556	-0.018369200918776016	-0.17871280840855866	0.03583566988459436	0.03309884885000378	-0.24011431510768028	0.04125621230188327
OPRD1	Not-coupled	Not-coupled	Coupled	-	Opioid receptors	classA	0.3137508629244705	-0.26773095371109784	-0.11121612432671946	0.024108145048114718	-0.22378218242288475	0.03609696390158474	-0.13589587488018068	-0.2718503935919894	0.23299829094871816	0.20757931273693508	-0.05509932193968716	-0.30256258517654677	0.08786557749493651	0.19747385896003275	0.14453232660382637	-0.18528617587141719	0.042548906472257696	0.05623720387521061	-0.2536561449936658	-0.05054700713897605
OPRK1	Not-coupled	Not-coupled	Coupled	-	Opioid receptors	classA	0.3400196803884609	-0.27906726530658654	-0.1305557694388853	-0.02833566272338539	-0.2960105551577158	0.12218286181038	-0.13744993047682452	-0.27785487936749453	0.1972698971450381	0.16189699345696248	0.08531963863634141	-0.22346824743694813	0.20897056046628754	0.14667469794452168	0.10771228270711095	-0.12534771631076536	0.025614193995338118	0.025609004424010245	-0.1719098441942642	-0.11935340991897618
OPRL1	Not-coupled	Not-coupled	Coupled	-	Opioid receptors	classA	0.26773492135031923	-0.24571808165764472	-0.1347455147298427	-0.016305073979008086	-0.06781128577267485	-0.04119060032932342	-0.13675351516903506	-0.2509796334854152	0.2735188126155054	0.2085044583052264	-0.10008326911148056	-0.38005131751241267	0.11872226616113736	0.18138454160153564	0.10149648773898572	-0.2235343659628703	0.08716708909520561	-0.0023904790560225946	-0.3223299347451812	0.06485695518868796
OPRM1	Not-coupled	Not-coupled	Coupled	-	Opioid receptors	classA	0.04677206981657119	0.08321260541704267	-0.13425656221908452	0.4931469876339793	0.03240220597497926	-0.06716405867248766	-0.004712611833152506	-0.34690490658016965	0.17714220761208085	0.16717771390688754	-0.033812126312167734	0.16604520175958642	-0.12107840591971544	-0.009511188254087274	-0.36661530721737273	0.1658317062711038	-0.1859658595427394	-0.37703804998964274	0.0943347432388177	0.3071775746046755
OXTR	Not-coupled	Coupled	Coupled	-	Vasopressin and oxytocin receptors	classA	0.43286263952613374	0.06827210753662896	0.05230174639504801	-0.11198221594304514	0.30219251262402286	-0.15856908887672552	0.11414089006110302	-0.08901278296684444	-0.11791078308022676	0.32254564902260807	0.1782938213865665	0.13063590129064098	0.08234452925000738	-0.10815031904555544	0.036785829525153795	0.04345109852053894	0.11509241354495242	-0.18746462895595983	-0.2060741327365961	0.21166221397250776
P2RY2	Not-coupled	Coupled	Coupled	-	P2Y receptors	classA	-0.16514740965554817	0.23124232849855014	-0.15810243360384568	0.24149366026547528	0.5404407780405374	0.0649781746444786	0.26499658944410814	-0.05752138011830144	-0.11982106373161161	-0.003875094301244663	-0.009943396200316656	-0.4159151230471929	0.4201065357492963	0.26228294364774196	-0.3032136287157739	0.21270396335734204	0.1002179585329083	0.006651326589285638	0.16887513343780783	-0.14257935123952828
PTGER1	Not-coupled	Coupled	Not-coupled	-	Prostanoid receptors	classA	-0.2306456096146957	0.18007938692140343	-0.059279872028373336	0.32265373501474703	0.04455454580957595	0.3967891185046087	0.27463536008273476	0.22345375983805807	0.04734186900194924	-0.008947902294558052	0.10594409758258996	-0.16109429535207248	0.04645486623934502	0.20021113895801526	-0.2851096121479412	0.19017275283785653	0.1489437592824974	0.1086018371850181	-0.08884016579740048	-0.2842588796800844
PTGER2	Coupled	Coupled	Coupled	-	Prostanoid receptors	classA	-0.17977809411485313	0.22326461739444117	0.06834625676194654	0.29600689532509183	0.2168680386110331	0.24553105820985652	0.354560748762341	-0.07701508578241754	-0.3044624586477639	0.054603401641104624	-0.30601585724209934	-0.35273586381912253	0.05200972801974321	0.2625031781641615	-0.07487850000518527	0.07637091361133864	0.1810163809378544	-0.036165571750894694	0.16234521939381205	-0.30837143974445097
PTGER3	Not-coupled	Not-coupled	Not-coupled	-	Prostanoid receptors	classA	-0.34706893301848907	0.19639980924333067	-0.34110970757191744	0.24763761854426303	0.28618892702734067	0.5958176766752021	0.031510906894636447	0.423918077758635	0.13264123063453934	0.022728108950794995	-0.192582737933235	-0.3139109364284346	0.11782564883327869	-0.08541022176002296	-0.13741140130509394	-0.022611026968370494	0.28903419473808833	-0.1475945663392545	0.05115577384067093	0.10733764184387241
PTGER4	Coupled	Coupled	Coupled	-	Prostanoid receptors	classA	-0.10430499029262288	0.2190519128518785	-0.27152399930285465	0.21087959359168454	0.09766328365169273	0.23864763232178995	0.4116903662367989	-0.09283231194040246	-0.15308878731585723	0.2663735181224339	-0.10334550825810447	-0.2548957566073434	0.01215541238318572	0.07530217200208311	-0.2574983131021484	0.07125786457594331	0.2073505982686406	0.2232164392910196	0.3240780322452416	-0.3145243572605825
PTGFR	Coupled	Coupled	Not-coupled	-	Prostanoid receptors	classA	-0.2452060996481892	0.5740967546900809	0.013533788144981624	-0.05712332874201562	0.19839602390185665	0.1717009544233275	-0.1683966152799417	-0.12894858429119635	0.03945505362087686	-0.06788370914665606	-0.024851720896747313	-0.05437358855969498	0.10265481360378967	-0.06825429528809741	0.24221198650712258	-0.17413860832987257	-0.07281540884183375	-0.20866773906486355	-0.25650887554610236	0.06726526340008981
PTH1R	Coupled	Coupled	Coupled	-	Parathyroid hormone receptors	classB	-0.350356669783678	-0.14344100502436824	-0.3387717754424526	0.07366738208021902	-0.15929718006963184	-0.11681695334948093	0.35112027218991704	-0.052622258879729045	0.03466402669545073	0.14809808378101258	0.11121995351929154	-0.010911950600057696	-0.05479176476134863	-0.2286793321265383	0.23137135320645838	-0.07656946257331056	-0.024539646196354018	0.03619629331939132	0.08816553921350043	0.09943767880586768
S1PR1	Not-coupled	Not-coupled	Coupled	-	Lysophospholipid (S1P) receptors	classA	0.34394618349972644	-0.2622134757557478	-0.1532095204902662	0.020274605011218794	-0.01943055999595119	-0.1816335803700435	-0.0738578493491151	-0.14832566428532717	0.25917236843449576	0.19616594120503905	-0.08134330209424095	-0.1769458889770486	0.10514143535496596	-0.01899382426447911	-0.06136975456709186	-0.2094525994542736	0.0658709246977001	0.04002063908169792	-0.03440926277472197	0.026844837323951175
SSTR2	Not-coupled	Not-coupled	Coupled	-	Somatostatin receptors	classA	-0.10572353025805417	0.6026091057224849	-0.13336803042533427	-0.08057258459386142	-0.19326506834494056	0.09005006122085983	-0.05169721703134046	-0.014729165004525592	0.01678009099392125	0.13187806866957327	-0.014378524466903395	0.09258672348985701	0.053344886877221546	0.13925091309040918	0.04947376949357382	-0.21241023820167215	-0.21952220298849603	-0.11488332751132535	-0.008955727281742558	-0.08912153458079279
