Gene	IUPHAR	Shedding	ebBRET	STRING	Family	Class	PC1	PC2	PC3	PC4	PC5	PC6	PC7	PC8	PC9	PC10	PC11	PC12	PC13	PC14	PC15	PC16	PC17	PC18	PC19	PC20	PC21	PC22	PC23	PC24	PC25	PC26	PC27	PC28	PC29	PC30
ADORA1	Coupled	Not-coupled	Coupled	-	Adenosine receptors	classA	0.1297716939230462	-0.011135060158049654	-0.22086908229181618	0.23460246561162987	-0.16874576275288494	0.2507330491747847	-0.03959066543930514	-0.08687754440513201	-0.21606179208100584	0.5341056619507578	0.0630862132460817	-0.07034674988135187	-0.07807709329395164	-0.31886078687062314	-0.24227481913088592	0.0739648529985906	-0.058237279302268644	-0.20766918520534083	-0.17932706976772442	-0.08855047335789243	0.07398763196663972	-0.007043893857382365	-0.22956594962600596	0.05175564978757447	0.30113549831207914	-0.18144714348020197	-0.024135099409071218	0.07762950152215002	-0.13978606345288125	0.08842032306381924
ADORA2A	Coupled	Coupled	Not-coupled	-	Adenosine receptors	classA	-0.06847796639473158	-0.11774639992468086	0.08609172832279688	0.18542156919854538	-0.13846481525435408	0.3871290565986055	-0.18738846591369834	0.1635128668195346	0.014976362070978947	0.22628131801707063	-0.04618900651406499	-0.09810608411226163	-0.04604539894471415	-0.25959597602420176	-0.05928736215949822	0.25385417538986077	0.02422399687308341	-0.2872275188158515	-0.37439707669289496	-0.23054837520527022	-0.09232999538933243	-0.3522428911671678	0.16213185169485483	-0.06817607755655428	0.07280884819338479	-0.2300440097124481	0.09703949262772535	0.08336333775184844	-0.09788907048514499	0.13815487459144707
ADORA2B	Coupled	Coupled	Not-coupled	-	Adenosine receptors	classA	-0.21687789564016902	-0.1056283780210557	0.07059161800889283	-0.014356614887505939	-0.24788034344003337	0.10429710337844846	-0.06332019190496736	0.28624872479985164	0.13327059836269084	-0.12672440413989916	-0.12020499503184116	-0.20680297673415604	0.20051701418684054	-0.13673334493858455	0.05517219018749397	-0.26939934895659523	-0.036980496678425435	-0.1882661835917803	-0.23245982345041818	-0.27694531197726163	0.12560264054374198	0.2729532948825502	-0.1575659486233408	0.12609188636161925	0.04332357276335237	-0.24793561778706028	0.0522370511299012	0.11687343059364949	-0.271148782046959	0.14343024722277775
ADORA3	Not-coupled	Not-coupled	Not-coupled	-	Adenosine receptors	classA	0.32574574781450566	-0.027705720068256487	-0.001576681255066983	-0.005331956448466141	-0.4754856716979276	-0.07421606819103083	-0.1391854165180091	-0.08613799791093897	0.275526194728341	0.5593343707375995	-0.04188880186642702	-0.025897532254129867	-0.26005446883942807	0.24281711941232642	0.07038613107632978	-0.14960108139096062	-0.015453832646941702	-0.2002120952852857	-0.10316853306685736	0.13891532924174904	0.1946926116611029	-0.10273151106599983	-0.0039777593408961455	-0.09264571500125056	0.1951921559009063	-0.06987248748192254	-0.03147031864230904	0.19091984934049827	0.13510917731413885	0.1472576375047154
ADRA1A	Coupled	Coupled	Not-coupled	-	Adrenoceptors	classA	0.6592363849078058	0.009422465460319857	0.21579623431196687	0.16075089313434765	0.31587719224492916	0.15954345773013337	-0.2870526168069832	0.2638017018647834	-0.44920752542808007	-0.13738416522683544	0.41822318921777674	-0.09211537731008393	0.17617265068827942	0.17246659745966558	0.1420129004768082	0.08374743248056456	0.22636681767296277	-0.02586905608380706	0.06654448712149581	0.12421487425669801	0.2693782624417467	0.34561833258327945	0.0039683148645929716	-0.073466295057532	0.08952198211423346	-0.1350443371748326	0.2608995320665801	-0.05382002726495767	-0.3059475732185199	-0.056690950422707616
ADRA2A	Not-coupled	Not-coupled	Coupled	-	Adrenoceptors	classA	0.6271703405481268	0.01795418256379007	0.20645132490385085	0.03002472496290921	0.22104283472373826	-0.1384538709169937	-0.07925499809605428	0.20064759991095996	-0.23735947532835705	-0.004469203287278322	0.4627626794474726	-0.3367168174265462	0.14605888613520165	0.16353326687595632	0.2544949374083503	0.04181682615006294	0.16562961380420757	-0.3671895560440667	-0.06236342556147886	0.1022317196324153	0.09832062420962712	0.09266047107509817	-0.09964433816614061	0.003295761797778758	0.07488450217990522	-0.0007644675292551805	0.23772705282537343	0.14035825347151226	-0.28831069382604396	-0.14442489194614874
ADRA2B	Not-coupled	Not-coupled	Coupled	-	Adrenoceptors	classA	0.6375896683263546	-0.022980314883591417	-0.07112456600946886	0.09607718219374076	0.06458053758114313	0.24340842478501026	-0.38158476504018035	0.17382855331358077	-0.04442258374847751	-0.45617669917913084	0.3405684266886289	-0.40199918921269495	0.01557543255914314	0.10017875929861207	-0.21652764156412596	-0.02519339434545069	0.20862497901227067	-0.23822483120547022	0.07279526429235847	0.1170211868814548	-0.16266888614731304	0.179591385757127	-0.1897422616569013	-0.19795201947261926	0.017471332989053415	-0.1852163442563748	-0.05174655990398544	-0.06205169312370195	0.2004110666628689	-0.04666999068840885
ADRA2C	Not-coupled	Not-coupled	Coupled	-	Adrenoceptors	classA	0.3683147754160287	-0.03705119638635462	-0.3889661879455841	-0.41093969841027655	0.20099574683280713	0.13193260177723015	-0.003854905194464361	0.19296226898496174	-0.12195163272810136	-0.06705433957070607	0.20407557558259098	-0.36473014653334235	0.011126765040098484	0.39996853056301673	-0.2953480462849778	-0.08089597733229387	0.10758117238183969	0.5890103656996902	0.05801963830389847	-0.15423204461556245	-0.4114877307154769	-0.03310981611955867	-0.12469362432654732	0.1429777473025015	0.10330395202937506	-0.19532768831389027	-0.14192643230963586	-0.29249112718440223	0.18045752833504902	0.13113956966764262
ADRB1	Not-coupled	Not-coupled	Coupled	-	Adrenoceptors	classA	0.22161929879651424	-0.039534197926023494	-0.26189478048359044	0.337680834927474	0.3508763541774442	0.24351098882995056	-0.10690369051455072	0.30571970779428387	0.10734279000312964	0.27946072007878503	-0.18808249557338882	-0.04017526962200924	0.09761512197810987	0.10235929506999566	-0.2401351071668688	0.004946435121826031	0.10334711963833998	0.40888190246420786	0.10487158532296904	-0.057060661773657026	0.10404739249711888	-0.20608270979951815	-0.07596042735462945	-0.11606105267946161	-0.05620724856417587	0.08493036600914038	-0.11080403851423092	-0.04573847563693555	0.12606362743557442	-0.08484663384327272
ADRB2	Not-coupled	Coupled	Coupled	-	Adrenoceptors	classA	-0.13197114911586152	-0.13970960003769367	-0.048931004950000585	0.0621888548515112	-0.3339639220068328	-0.14629945233518277	0.02010456623668044	0.013744815745839219	-0.008206783006931855	0.1576197655016193	-0.1612127514107025	-0.287265031098615	0.008098060344947592	-0.08361113495565155	0.2389864710660316	0.0290066527025433	0.03553616419567362	-0.0010404487358463364	0.057555829112697424	-0.023361181394723617	-0.13516433176150283	0.16910491144280274	-0.2774467775277609	-0.01316782984620477	-0.1896679315642721	-0.04977987812045766	0.07030962762002228	-0.06456219449414449	0.010957480440542145	0.17862012686085807
AGTR1	Coupled	Coupled	Coupled	-	Angiotensin receptors	classA	0.03256651940926001	-0.1042751959545086	-0.25251694375061423	0.3458104915832974	0.11281404780532776	0.07108457067045042	0.17371553006346765	-0.023398704807358135	-0.2183524465185947	0.15389452857791616	-0.11816413003138272	0.32733218534503217	-0.18592514034624733	-0.4129925187936475	0.05957521928216606	0.007245127047081183	0.08777207980395281	-0.38040771335957524	0.07813499939393884	0.12955964814404206	-0.19778669693688156	-0.017765014870441784	-0.49172250008195434	0.05592779941370475	-0.14972463277212172	-0.09077286758492824	-0.30837739925570046	0.09109997686770326	0.06489437289769055	-0.010403102337309055
APLNR	Not-coupled	Not-coupled	Coupled	-	Apelin receptor	classA	0.0759365469038028	-0.07474840759091458	0.05649926516508627	-0.03869071218056928	-0.09823491713907317	-0.051078736786652555	-0.343956967716176	0.11864144827262274	-0.1715469217731678	0.17974753212750813	0.04024103226165269	0.610303973703111	-0.12466066008923365	0.14643240824267068	0.01925070234938511	-0.10759637883132539	0.0805011053837098	-0.28040723116578764	0.4029272020536814	-0.32817940174213367	0.08825068906442433	-0.41784188794785154	0.0034423838458621423	0.009888633752897707	0.027739172780611034	-0.027753975669651713	0.13720191686160907	0.07693793603352599	-0.021561484828892873	-0.12071521230989493
AVPR1A	Coupled	Coupled	Coupled	-	Vasopressin and oxytocin receptors	classA	-0.03417420659981144	-0.10130581597065046	-0.1235983959133099	-0.2738290261756978	0.05492796144858138	-0.02425274862129469	-0.04927398629017719	0.07139387618221464	0.09049258603273844	-0.1211506503882734	0.38307468244252435	0.34841531972719764	-0.15944647330388356	0.1286728192126802	0.08251391410007715	-0.2774474686476271	0.03686513190169935	-0.13853844156401848	0.18633263977151268	-0.1547148628482797	-0.19480986659230948	-0.4157612019959651	-0.13008080410154169	0.25452934779828323	-0.01997844126409429	-0.036866040644593	-0.019572414703344962	0.08028561857040777	-0.04525579055864853	-0.1117927836638858
AVPR2	Not-coupled	Not-coupled	-	-	Vasopressin and oxytocin receptors	classA	-0.17672457820105056	-0.12466144548713602	0.23696312126015992	0.35941738071977547	0.07974199752615138	-0.3189551382494848	0.1353384195965092	-0.32230228791807275	0.23821439373038134	-0.13432327619385614	0.07435109007208451	-0.2593679990796726	-0.060152773011916516	0.1276131593166359	-0.05743877376810301	0.35329518996913944	0.10812983843729855	0.2882740726669709	0.02194789709410381	-0.06302961189071518	-0.10351400619609288	-0.1417454953106116	-0.3887862516346428	0.0023416923570959377	-0.08578599826258036	-0.05193163104401703	0.20872865136039956	0.1241806517541702	-0.1677445850557255	0.05578849994437958
BDKRB1	Coupled	Coupled	Not-coupled	-	Bradykinin receptors	classA	-0.11430999308006166	-0.09071689105640711	0.2539735267661189	0.5638262732376805	0.13058423011517442	-0.08017586080165746	0.21546709235000006	0.005426790887148615	0.1430224200148779	0.026561771474495968	-0.11589196655252566	-0.08392106906559721	-0.26733378454994927	0.11497834407354547	-0.26627623004608664	0.4293198345849461	0.02963936116250172	0.20774670604633935	0.08694955815976235	-0.22216460721713724	-0.08878928435969945	-0.1412504082013326	-0.011679001392377557	0.09457355930749312	0.047379033595862714	-6.922627453963775e-05	0.18472557197301478	-0.02264883074657095	0.10335772348775157	-0.07121601444160208
BDKRB2	Coupled	Coupled	Coupled	-	Bradykinin receptors	classA	-0.1644614063463811	-0.12697794883844032	-0.03461185243656407	0.12246971377518512	0.02853609870908206	-0.2589036062309351	-0.11389566815660157	-0.33295994144198304	0.2171855499885054	-0.1301063889220368	-0.040274064505322296	-0.015515786981657032	0.2607206245106886	-0.16602685023537928	0.1998123456578893	-0.01706691354668662	-0.0944622610384421	0.010887586301758562	0.16464430948158607	0.317987551249802	-0.2061578586840339	0.03328227510647276	0.09143899598683684	0.34087078047743447	-0.056355187752329804	-0.051520678564668874	-0.038680291327594686	-0.09587894895601483	-0.05476946909810077	-0.07871861327034316
C5AR1	Coupled	-	Coupled	-	Complement peptide receptors	classA	-0.3149815357595647	0.4639417410751777	-0.4527165078363574	-0.2932453605697842	0.13728967916487111	-0.10757438530369835	-0.2829063538969546	0.06752372657152378	0.004103891407870246	-0.12996166719265176	-0.2994464147590691	-0.10559735980598767	0.2539571433721411	-0.07610139150916641	0.2916497301843776	0.03483022115194792	0.21283175045333394	0.185759469663421	-0.020095684944168513	-0.053331131907616944	-0.06835826198854655	-0.07893610657204554	-0.06334572569933124	-0.035861403568033384	0.26246894390559655	0.04708205185812973	-0.14193992227444013	-0.03178309888567373	-0.19447945411647038	0.11724259868722507
CALCR	Coupled	-	Coupled	-	Calcitonin receptors	classB	0.15088460711076182	-0.13635218228443838	-0.11939380423584933	-0.28454321303025404	0.014589686689776338	-0.040346579595376575	0.19853564272256005	0.21165255471441255	-0.17309248439346406	-0.008357494842062952	-0.04735568270252833	0.3609554505376669	0.020349124254558048	0.21232902438567827	-0.018283982699080964	0.3448859328980895	0.13370236925670628	-0.027733690621243725	-0.18089247227404026	0.018146055450286212	0.3314011198513921	-0.1503575848189112	0.11462506283851281	-0.0034035783984136593	-0.1760514891112674	0.06138654891274801	-0.12297922152952316	0.06522625759238097	0.06864213157911499	0.09843299478702693
CCKAR	Coupled	Coupled	Coupled	-	Cholecystokinin receptors	classA	-0.15786794386084407	-0.14299225222749368	0.0849821484609446	0.1340706937692883	-0.2686414616775154	0.07504691135194606	0.21371843623152548	0.0479112792855112	0.10552820915214299	0.17202128946707754	-0.0879898291093624	-0.18451596760311226	-0.07929587312147926	-0.02645799738098225	0.21652664919804593	0.03916154574781433	0.10279710768901078	0.01865517544065145	0.3767510695133713	-0.05371331816939551	0.09698824076462913	-0.04342685175090446	-0.14071370332013822	-0.0861773143795574	-0.1390036415630883	-0.09361105135516629	0.040427902876800016	0.033140575518585576	0.009269992437187288	-0.11605878972503056
CCR5	Not-coupled	-	Coupled	-	Chemokine receptors	classA	-0.16796602425112062	-0.16237959915262704	0.03719948374242443	0.21526107379150472	-0.20494196313894053	0.09244911555558351	0.11166352945413469	0.28608913608601483	-0.056949520306379404	0.024354469801812387	-0.18761924089685506	-0.2268787607648768	-0.003091284005416654	0.022953227484105013	0.10054038607837507	0.1785302344796097	-0.025283872876419144	-0.022620231239722375	0.2322978256915358	0.004526020114305166	-0.0204408632902661	-0.0683808564485764	0.0626192203852739	-0.12990521251015302	-0.06827518356049471	-0.12376452283021543	0.2336299551547091	-0.34432682901198675	0.16216752425920092	-0.051958842999549885
CCR6	Not-coupled	-	Coupled	-	Chemokine receptors	classA	0.5363341022495586	0.021274008321900482	0.029355152698971567	-0.03517414778603348	0.1206898020670272	-0.12473466648806524	0.08978244196028391	-0.22780083937970033	0.08467063916845455	0.025197961552710733	0.24879345585039234	0.12656794806516472	0.06389980397133506	-0.28962647487419974	-0.11432058692854763	0.2118267316547695	0.15943193021990543	0.26072287188952403	0.2601723808595617	-0.4515443517577014	0.06621793983156897	0.023552007477609393	-0.14866854373645366	-0.12294052173089363	-0.0014469574191798334	0.10182618279494046	-0.003114531713296495	0.17279974894504518	-0.0585257090938643	-0.005324543466989467
CHRM1	Coupled	Coupled	Coupled	-	Acetylcholine receptors (muscarinic)	classA	0.4992899743481289	-0.02809903052803006	-0.3066151022805249	0.18593411611528024	-0.0033643695940635916	0.19930725397252352	-0.20511371104150095	-0.14444877532409628	0.11785918278480642	-0.3279425763702834	-0.2312402830568538	0.24777151152228183	0.23174896768615666	-0.3029305940293006	0.18302729491937653	-0.05820058498477559	-0.14932779902595952	-0.027702860092820407	0.33857661803037253	-0.34173953571952476	0.003167659440091616	0.1696502659879094	-0.016107105806417943	0.2326981829119797	0.07230797031216582	0.08622228930315866	0.03251947318697028	0.04248434203510575	0.10329795110998877	0.20893707840021264
CHRM2	Coupled	Not-coupled	Coupled	-	Acetylcholine receptors (muscarinic)	classA	0.5594912747297921	0.027543591813360104	-0.22698052845000477	0.3025050398941758	-0.11661123174090367	-0.006424728841103568	0.5112286493984151	-0.3858539745165857	0.05303613701804957	-0.17077569471805512	-0.26698219974141435	0.18292784160528794	0.17888002806327108	0.1292123516189617	-0.23080896990506644	-0.12178689355990215	-0.10199739955685484	0.19925412366112413	0.13785847614513094	-0.29935464379093485	-0.14491870900009146	0.05283559610707311	0.005114312041507103	-0.2241325165430995	0.19463987705266445	0.1776511757527929	-0.10151467927674539	-0.2820656096337307	-0.1004938405890321	-0.18738534928072265
CHRM3	Coupled	Coupled	Coupled	-	Acetylcholine receptors (muscarinic)	classA	0.47793357430019784	-0.017666881609084622	-0.1747556893697201	-0.16112388772841277	-0.23814371589124883	-0.004532043486117045	-0.026740067571281372	-0.5216640319818269	0.3523383494731327	-0.27670172036993124	-0.12398779021391496	0.1948792693302086	0.0023674984174340014	-0.06678755547952805	-0.17090237767909908	0.0035664927042872445	-0.015070958323754498	0.05259842929941909	-0.07860485785464094	-0.18673013790690188	-0.06377602143480886	0.14221259756187773	0.0451815907362483	0.019625695177325722	0.10714549954946925	0.07286539343141062	0.21706386264876917	-0.06479636039343066	-0.2504995875888934	0.17779400614763036
CHRM4	Not-coupled	Not-coupled	Coupled	-	Acetylcholine receptors (muscarinic)	classA	-0.04688126203206341	0.016045845815819457	0.28206835159533766	-0.20660309809838628	0.3616531284127268	-0.015575169868196157	0.14516362602387156	0.09803032537144675	-0.13481273515758657	0.12383012612624188	-0.2927605210360871	0.1899747212018024	0.0065709431584919965	0.3609839847270999	0.31288408436956244	-0.01484875834010566	-0.46984270737292166	-0.1066246077100019	-0.15618852169701103	0.012517314906902378	-0.2417505414294365	-0.0788037785135431	0.01574871417725567	0.2445270132426128	0.6206887778928073	-0.09733399310105238	0.1365011309583572	-0.4496786449608431	-0.3668602131445646	-0.18238505568578303
CNR1	Not-coupled	Not-coupled	Coupled	-	Cannabinoid receptors	classA	-0.1280397264507589	-0.07309235134368373	0.19925304134954236	-0.04324175804616044	0.3459359713452982	-0.03451183932809774	0.10243097694597855	0.18867543298518466	0.1432552675743619	0.20986229986380284	0.2542855245894668	0.35399148020369064	0.02298372460794146	-0.05655744130043994	0.04222811010917379	-0.07781057008587587	-0.14688914811763243	0.4092616466962393	-0.0112413214316773	0.008618935037155833	0.21699678532942357	-0.057672982761497446	0.0799831842378275	0.2600163773683725	0.16253860646210994	-0.042373411117962285	-0.04289497894402327	-0.03235345372611227	-0.04538916276746669	-0.20988385862330902
CNR2	Not-coupled	Not-coupled	Coupled	-	Cannabinoid receptors	classA	-0.28538826667583683	0.4421523119204741	-0.1368913371082632	-0.0016339938438180734	-0.35807827578354773	0.3919839115236474	-0.2240808461636789	0.17181376555336916	0.1879841946684811	-0.07283145738772279	-0.1486244761470704	0.16755877189765286	0.01982375783341668	-0.0190077203587017	0.067271891726916	0.45733428378975094	0.4290242683320991	0.026739713051546637	-0.14108691952827024	-0.16131516019632225	-0.176395292873785	-0.1099127825916217	-0.10054245647301908	-0.259485951044097	0.15322251591958777	-0.028124962627526284	0.007533734418550693	-0.004273215862001419	-0.2978208484222189	-0.21786654883231438
CRHR1	Coupled	-	Coupled	-	Corticotropin-releasing factor receptors	classB	-0.34437604392116805	0.4619743153671383	-0.18109186541331046	-0.2578973682275964	-0.10378422794850621	0.30437593758849296	0.19230420813999022	0.04388031936287348	0.1301126273898854	-0.0840569692364224	-0.22294534752652395	-0.08701213785029073	0.23645531901645317	-0.08332803475882804	0.33594441711696493	0.20210530760290552	0.35395063058554843	-0.029230607033419488	-0.13435537243016177	-0.019107807960459588	-0.14966383219420462	-0.11301875750470013	-0.15117660718355946	-0.11576518986064624	0.14398248314816894	0.022314269622783645	-0.09346117476183564	-0.03850889074368302	-0.2943115731183743	-0.21706184002613743
CRHR2	Coupled	-	Coupled	-	Corticotropin-releasing factor receptors	classB	-0.042862811269209614	-0.12833775549357168	0.4487070286531345	-0.0385702990788499	-0.17752306684274216	-0.22205064079982667	0.28298326654101597	0.04736677401293293	-0.06293134672123554	0.12430220673826271	0.007720508572211667	-0.3238582464974403	0.06313031845761571	-0.2248565466039941	0.14111936254632704	0.054772860981934644	0.08821147248691297	0.00696649038335264	0.29267649448130084	0.2518767138402433	-0.2350960455371274	-0.1668632144776797	-0.11032389219922435	0.02219595652908089	-0.1313458366662893	-0.05071728909921603	0.025102030948069266	-0.22198322273667742	0.03721081236543429	-0.1085269050424144
CXCR2	Not-coupled	-	Coupled	-	Chemokine receptors	classA	-0.08459381889958495	-0.11118409075751852	-0.08725125071111758	0.08493304020091808	-0.019677253155128898	0.009131589914318098	0.09307324782639954	0.26705216053212505	-0.08929326662575335	-0.028452915772003217	-0.15082271908238934	0.013706067223132624	-0.07586207856211775	-0.0929339501631694	0.2898202344502917	-0.10433867497482636	0.025515351161347614	-0.07630753867904444	0.41508288351001593	0.09885448520178802	-0.12628223135231967	-0.03534663847227899	-0.2380932481120348	-0.10800290096842256	-0.15248257788117273	0.0010969555048210631	0.04654166871896536	-0.029340013921425483	0.03081683066100478	-0.1707927595627013
CXCR4	Not-coupled	-	Not-coupled	-	Chemokine receptors	classA	-0.08524106773504435	-0.10989029809375371	0.3632310672248057	-0.21082925357996735	-0.10445014673907183	-0.2839458766080978	0.5146185340749542	0.09505871573002772	-0.3585898366152228	0.04398613311135353	0.0681953561570737	-0.07325575958914451	0.18291760794438552	-0.1538299573733297	0.026759517384082932	0.03599051090949676	0.07901657791172155	0.03586231903330783	0.07629104984510364	0.09313426075018005	-0.22461600768223133	-0.24857162100793065	-0.09421881642249325	-0.15930542648900858	0.05769345187465836	-0.16649329036665517	0.16547482691263082	0.21369052209620243	0.012566962943304222	-0.11418132710150351
CXCR5	Not-coupled	-	Coupled	-	Chemokine receptors	classA	-0.3102208142288961	-0.18490430614479003	-0.27946474377883457	-0.07831300012105925	-0.10084742655478021	0.006156341480197569	-0.14974776312843388	0.240122931880391	-0.007038818688899616	-0.16508736826027018	-0.11274486640061303	0.0745551886711564	-0.14869150981308105	0.5637505394305754	0.013121100783820842	-0.22661110610329874	0.10930927585145843	0.22711258343474167	0.01658028025632745	0.057524216079011696	0.3842118751488439	-0.10226002776879746	0.1272329283615912	-0.3322617616710289	-0.1285375917733801	-0.19234857457801816	-0.06726444033541487	0.11366369363133559	-0.17729613239454428	0.13634423156524558
CYSLTR1	Coupled	Coupled	Coupled	-	Leukotriene receptors	classA	-0.33692877572873575	-0.19705641418876862	0.1294952931110677	0.15195227978311202	-0.28549345023130784	0.05024307358194007	-0.220795280438257	0.10993959838890802	0.18667409579293295	-0.21652346471776604	-0.12813756777712074	-0.12738300006701822	-0.31560342922265694	0.22439233540733575	-0.04023429127003175	0.03515786750358977	-0.00909735601878178	0.32562543161659435	0.1735928106168037	0.2369091645850226	0.07225535930241593	-0.11569071541975336	0.023800689491535146	-0.14698422008839196	-0.07294725182206821	-0.08633630413508975	-0.12099727940681212	-0.025543109910923865	-0.009319008045002594	0.21788723284449385
CYSLTR2	Coupled	Coupled	Coupled	-	Leukotriene receptors	classA	0.2074161715839813	-0.06340617906911113	-0.1293336554928954	0.3135994126918173	-0.07466868280437029	0.17696162536916255	-0.14829808636031663	0.05501677726730582	0.19558057626076888	0.28080324153338715	-0.16802028134334585	-0.051405731095621285	0.5513511552239574	0.2926546845475156	-0.07525003758449945	-0.28022268884280843	-0.14438618208424725	-0.09075554458879735	-0.14038061963707948	0.17210851950393152	-0.0718530219709671	-0.18173094223630912	0.09301965284297199	-0.056563340340111255	0.04010525490396762	0.2263288297324848	0.111087226185515	0.05904686134616056	0.24051289935281833	0.13395263087600098
DRD1	Not-coupled	Coupled	Coupled	-	Dopamine receptors	classA	0.4573103484061893	-0.0396385871988914	-0.008482351907215286	-0.3467174282806571	-0.2615955214938772	-0.09654697794292186	0.24861619419277622	-0.14580543224725095	0.18506864329538947	-0.03260628749580168	-0.15538326310370257	-0.12594326892784505	-0.21926101920124688	-0.1810427188598249	-0.18124052958510523	-0.142955598078783	0.07816393207430399	-0.11293051186099264	-0.2325735188601213	0.03206938950098063	0.05452168463154876	-0.023768965426648962	0.402384798284892	-0.007058917307042643	-0.017752208085677474	0.09490591778307605	-0.47171886792567835	0.0027797663149854326	-0.18567560797121707	-0.050720309830665
DRD2	Not-coupled	Not-coupled	Coupled	-	Dopamine receptors	classA	0.2707774088479571	0.0027705663500404766	0.0805912062574852	0.31947076593741425	0.3577275240679261	0.12892816727262013	-0.05792934067011326	-0.3391489448061658	0.052192157045117836	0.2283432129952644	-0.1347291802534212	-0.15047231285609936	0.6096887925920581	0.15746967734162068	0.10961029812584731	-0.1329662079021913	-0.13304599315693097	-0.02764542756471561	-0.017290393114207072	0.13449017327350515	-0.24623334426973742	-0.3079184083531105	-0.10997102190080114	-0.4511120146120968	0.15718503058241318	0.22432886246446498	-0.19872610997508797	0.2052562865682018	0.08441981532731807	0.0016266420867126923
DRD5	Not-coupled	Coupled	Coupled	-	Dopamine receptors	classA	-0.1592788256850083	-0.04087819081571507	-0.013780794357057148	0.10157572321197605	0.27265137700048814	-0.017510921530308643	0.22578884913875374	0.18961971776400266	-0.43171364474553575	-0.3595395475676361	-0.282880902842464	0.06702712629457136	-0.35151608782399213	-0.07796028767803968	-0.4498009069046771	-0.04464767573023729	-0.06516402790636458	-0.11400006767904426	-0.22246914747100133	-0.27480229056445066	-0.2640677144134325	0.22900099907805277	0.00666360039196523	-0.08725157835728442	0.10973497681473406	0.05468541805930322	0.2830033620742705	0.3306856523110983	-0.08693121823242203	0.08221833924904197
EDNRA	Coupled	Coupled	Coupled	-	Endothelin receptors	classA	-0.23753062408155218	-0.07866602421287469	0.5742233553294354	-0.14675039660602465	-0.18033905496366442	0.2912330875704273	-0.13305880068753845	0.015537165118145199	-0.38877221874769363	-0.11996682889132725	-0.2269198465591514	0.364603770458994	-0.006540445828649028	0.3391719420032119	-0.3861719905630374	0.048479086449449	-0.11391793613853195	-0.10363933901358707	-0.21028608778412838	0.033318514827479814	-0.318322086010199	0.2693079836574091	-0.07752629469871443	-0.15522130323545374	0.07029976405297142	0.11955006245921719	-0.32043148804352395	-0.16330097634156762	0.3218892630493772	-0.09023033698467621
F2R	-	Coupled	Coupled	-	NA	classA	-0.21593102320640922	-0.0729028679705292	0.15090956736442424	-0.13157216746238834	-0.22885970978832382	-0.2780741230439197	-0.3624027598307577	-0.09013712047877916	-0.07175138303383094	-0.23593613149103998	-0.20186281666697786	0.2740688321536629	-0.17678715537981413	0.006671564042185591	-0.36226031058542224	0.02217707696547067	-0.010304996649658754	0.007046782118824514	-0.08522353092432736	0.19182549671520907	-0.19567628416455904	0.5254217069813076	-0.3163716804428271	-0.18630129835537987	0.062433545405747054	-0.08327580515968971	0.10739552309073377	0.0726402978026904	0.16599238797953272	-0.22448684343638747
F2RL1	-	Coupled	Coupled	-	NA	classA	-0.27302428897467956	-0.06434698184418211	-0.19125119438529375	-0.19991976305964876	-0.03976142477676224	-0.08807830388674764	-0.5607792059994059	0.02808038268723113	0.0034462186581896643	0.19491917445615486	0.07329213596922109	0.01640076915524747	0.5052343535249432	-0.05853853327189743	-0.007605795179844055	0.36812564790322455	-0.13204146933381375	-0.24678965436761477	0.013275342188658296	0.13157871431635315	-0.24181012729069298	0.19129356539901538	0.14654734179736867	0.1021061960288746	-0.04153944593754156	0.15659999801211044	-0.08597691737364069	0.07602840557581769	-0.017830757526138788	-0.1988326927003552
FFAR2	Coupled	Coupled	Not-coupled	-	Free fatty acid receptors	classA	-0.22496766395133108	-0.10844235620408253	-0.01465545992231568	-0.12153912661128423	0.0002920090055712489	-0.010139786762530025	-0.21654980640912272	0.02878947691530887	-0.2080020422142477	0.3819321898959332	0.22772604903870686	0.10732556649061217	0.3990330563055103	-0.08787589473620344	-0.23241987345139542	0.28054623697750936	0.03632815115458267	-0.03810057249172717	0.15012691211212847	-0.06259021552040427	-0.019109993130593694	0.173310861454656	0.04755284770063768	0.2194366976993303	-0.11372267005258858	0.039713639250282644	-0.2951879827193396	0.2960760742927808	0.19122632639301423	-0.11417072476104083
FFAR3	Not-coupled	Not-coupled	Not-coupled	-	Free fatty acid receptors	classA	-0.2173191352730882	-0.11421211547106408	0.34794802235990985	-0.1148903188765942	-0.31044780855619963	-0.05124486873963716	-0.021220866695668188	-0.20740064131861216	0.30386446289853625	-0.07474123795859053	0.12842158495079892	0.19178996356796446	0.46429470275929385	0.5274066284473293	-0.03542327827607407	0.11250893989708048	0.008818009034741104	-0.08588093861034407	-0.07178647136229002	0.08447408072219476	0.13669662327150334	0.20679368211735058	-0.014061323479917408	-0.0677905227749085	-0.027302221932431363	0.05764487882820076	0.24000205065360086	0.0812685329790253	0.05376142022372704	0.021383317993791753
FFAR4	Coupled	Coupled	-	-	Free fatty acid receptors	classA	-0.251239725927299	0.44322038267237024	-0.07764001631912398	0.2946398533480532	0.03021521561132514	-0.048989407762781496	0.1677398784184019	0.09860182960996015	-0.0429025628766821	0.029045251620244735	0.1268476344165035	0.03396931569028308	-0.08018159513401446	-0.08170507232241063	-0.16766724935645552	0.03562134698306182	0.43632554550683617	-0.0012393391729577322	-0.15380056953783103	-0.07482131294054223	0.07246750423042	0.08144670347668184	0.0632310775157897	0.33061593154771607	0.038816502352960525	0.1338110908467084	-0.08899222123818655	-0.16078717451024102	0.21932254882071894	0.15456736917463534
GCGR	Not-coupled	-	Coupled	-	Glucagon receptor family	classB	-0.08339700086091337	-0.1481599396044518	0.04944538412138025	0.0045818197169841994	0.21592343905604164	-0.16559591686604158	0.03428348474559389	-0.28211701083347657	0.022058133690193243	-0.07049697538419349	-0.04083815004442302	-0.014609751488938129	0.4148148317311205	0.04246673132031545	0.026179679246312863	0.3520998897012282	0.11579686322995815	0.16904062801342515	-0.07121644601589562	0.05088216013987894	-0.02584020550155424	-0.10246972947798848	0.156701968948064	0.11216036211288484	-0.20790698039426636	-0.08733619900435241	-0.02609970519427123	-0.05594686799033921	0.16323370013306698	-0.044900052610733224
GHSR	Coupled	Coupled	Coupled	-	Ghrelin receptor	classA	-0.2681325983043679	0.45065930288576583	0.09493587629940158	-0.00039120184463963903	0.06471805237838577	-0.16890880094511276	0.2772932664510586	-0.036186540068262475	-0.07828492979452831	0.06168041508034844	0.20582452008270494	-0.12160890523264918	-0.106957146727424	-0.22766824180206705	-0.09421152059034779	-0.14409713197927265	0.30005216957541425	-0.08901933112220185	0.00753997788154756	0.10578568804470734	0.008501491129419773	0.04917552942720686	0.16344881693042926	-0.09288753714327894	0.24601450122625249	0.18605627213348924	0.2495303047592881	-0.10061745285161929	9.797587241580885e-05	0.18607632629244927
GIPR	Not-coupled	Not-coupled	Coupled	-	Glucagon receptor family	classB	-0.31051200861872785	0.44462307116813665	0.21329608310156953	0.22393611119032422	-0.04144715018484969	-0.10433427374414754	0.21119776658981398	-0.1382134928917347	0.0012248350477263555	-0.0774360792243871	0.07038806358710624	0.010176734844078324	0.10409573771701859	0.11554311346344516	-0.10879389485282254	-0.24746263037794383	0.408636571930916	-0.2503703566127071	-0.05674157460386969	-0.11758781025028638	0.07705466789327184	0.04181658459538376	0.10015715700825871	0.1105325264413229	0.03669876556958345	0.2777341271547636	0.0676163173780261	-0.09688240199975236	0.14205974761287046	0.020518076863759196
GLP1R	Not-coupled	-	Coupled	-	Glucagon receptor family	classB	-0.25342460701697705	0.4186918058946077	0.16450435888946108	0.02813003362373573	-0.2155202086930912	-0.09283994014295657	-0.09379450977220866	-0.012429743242237697	-0.27369896756953477	-0.07386797554161445	0.14467885863671978	-0.30710451410165807	0.18374528981363625	-0.2200065208645333	-0.148937394932949	-0.2419400870421164	0.13640590641045022	0.15032009970085683	0.30693876517354174	0.17509279436632896	0.18272481673416707	-0.1562373414780121	0.11857782299983106	0.166172507162067	0.3458054878877297	0.24323249779223285	0.16558692381554033	0.03368905961538319	0.2549855245808717	0.29208533251475377
GLP2R	Not-coupled	-	Coupled	-	Glucagon receptor family	classB	-0.14085615163577966	-0.09823508042428312	0.32113748277855786	0.006414544647940033	0.014957504564581215	-0.2582436605981146	-0.5174227408562214	0.08862935155846217	0.17648759241387774	-0.314064146047882	0.043171008294465976	0.2039054069129721	-0.15251625017683376	-0.2143287268824767	-0.1821702333122763	-0.15256628131678726	-0.03355150534319396	-0.06873078666499557	0.015626335081986076	-0.27630086442197754	-0.1415248600541611	-0.3537327050160891	-0.3228784500894174	0.044738534633643474	-0.3362087452724385	0.5177876960430998	-0.03296330324716226	0.014692811577998174	-0.2153488317517474	0.22659551072543432
GNRHR	Coupled	Coupled	Not-coupled	-	Gonadotrophin-releasing hormone receptors	classA	-0.250617534337825	-0.05041978766462952	0.2304081611460041	0.039103043008357374	0.28778600287647055	0.31685840149244954	0.31632405259200197	0.29110975895142127	0.5998166337857587	0.1578810516759351	0.713445847143737	0.25040755440051415	-0.21124601961503137	0.13011307899884067	0.556599859350959	0.13448608639874457	-0.35593020643435674	-0.08530574657943635	0.04066672364789133	-0.2489424589341881	-0.19770905879435705	0.41828415934524893	-0.08101979428738058	-0.36211707219011163	-0.03581095042947714	0.40394807314883796	-0.10017286533946244	-0.13563080551839363	0.06452302976227801	0.5551405030791525
GPBAR1	Not-coupled	-	Not-coupled	-	Bile acid receptor	classA	-0.1894387092501073	-0.17828998122325818	-0.3391929471675836	-0.12059168857948893	0.003803047538810893	-0.0402999074181788	-0.23752174113098443	0.038998046838608955	-0.16629599472915538	-0.10660387911730293	-0.17947500012355397	-0.20554011445261128	-0.1390730060806853	0.04737989071748674	-0.015868725926046986	-0.009417856744026152	0.03562015489207015	0.10109797053954127	0.0801453935382157	-0.0459128050944126	0.09795898251127824	0.018200655243192306	0.1021038426638401	-0.4289876349503927	-0.20171143250190454	-0.07677857206989566	0.3110251626223666	-0.2773111873974984	-0.11077764565465825	0.11746840887681469
GPR183	Not-coupled	Not-coupled	Coupled	-	Class A Orphans	classA	-0.08367767061821431	-0.14437159232876834	-0.2354115012735312	-0.2017849862615766	0.1242310096061872	-0.22421868714858523	-0.13216929624811627	-0.28764994046922643	-0.15920875358715403	0.16807441010449392	-0.017242580611683173	-0.07847240730480164	0.2160396431159823	-0.10776205474097202	-0.2905861488049102	0.32677153744075693	-0.1979166615497715	-0.018307493159134974	-0.27230542921246004	-0.05909993695883093	0.25920359112155855	-0.09239573011825583	-0.1120486091152181	0.13751415793318186	-0.08238308961036304	0.2658097699695279	0.5174606226425661	-0.201430994869442	0.05749256108676139	0.3229265917386026
GPR39	Coupled	-	Coupled	-	Class A Orphans	classA	-0.1638762786557026	-0.075362621493666	-0.23534354868077645	-0.05574303756423881	0.25468840129561215	0.3423777918708079	-0.013682326319756116	-0.2932328133539533	-0.09213811618274705	0.1620395055244265	0.03231430886319927	-0.2032104153736793	-0.43705241107809717	0.11616077551461253	0.01612475591143717	-0.0918838540213881	-0.024523253633100515	-0.2938724970996424	-0.012732591806251328	0.05509906957354999	-0.38688168080623225	-0.04801347336726672	0.11078687447444505	-0.09563026514762267	-0.10394738520061347	0.21052725103769887	0.08033820739755224	0.2384281629796847	-0.01314283822800973	-0.10128620550592606
GPR4	Coupled	-	Not-coupled	-	Class A Orphans	classA	-0.27003429262508477	-0.11232546097379396	-0.12706171767864982	-0.19627599588211708	0.3037133832345003	0.2542232230656269	-0.08902153456947298	0.01692577204580352	-0.04710598985944755	0.0019853392010428677	-0.1665789565841695	-0.3838070285963672	-0.05526284507330931	0.12686410691474506	0.060578959524733834	0.003795260728175936	-0.04739813202094989	-0.1710229361564007	0.08558827294419166	-0.22825248543352733	-0.10217805959701293	-0.026578512975394264	0.5279415424691417	-0.06751989691291387	-0.258372027694155	0.3204710846418492	0.07891838039566627	0.1505658115640312	-0.034517033620510194	-0.0670906946676958
GPR65	Not-coupled	-	Not-coupled	-	Class A Orphans	classA	-0.20356873177707402	-0.10262844299459037	0.030139098471039075	-0.21833810088535377	0.09638334967148825	0.5247414001830607	0.02300646182753805	-0.2189769891590456	-0.22760400602141623	0.3880437385533468	0.10727097075880501	-0.3140074700976737	-0.2405812571447959	-0.0011364205033633397	-0.26000442301233434	-0.14821082779865266	-0.03464861378900938	0.05667758574313794	0.1932557162893222	0.016972207261554625	-0.03917229639016355	0.016137572511562497	0.13824015470861645	0.008926861408513186	-0.10732465719224628	0.26014556050998383	0.18455881671164687	0.18688690244274847	0.00032980707419137434	-0.1515467231831007
GPR68	Coupled	-	Coupled	-	Class A Orphans	classA	0.05445398390395635	-0.09549449211493992	-0.21464138777536784	0.17067654436134083	0.2691120675299507	0.2327719207927925	-0.21645921200903875	-0.05573763670728113	0.19560567660640685	-0.3990674946286737	0.014391041159512279	0.06728560309184894	-0.26570925973908743	0.08711030023839536	0.21740162574529007	0.43841845827310066	-0.25930725105883473	0.11314988823344743	-0.2305671494431787	0.32246119885539687	0.10269401561283074	-0.3045693279963327	-0.1749966601185592	0.430804979335413	0.2898975903442295	-0.0856323260601697	0.16047920725000883	0.3571684664757175	0.25879075050290307	0.024739143590800622
GPR84	Not-coupled	Not-coupled	Not-coupled	-	Class A Orphans	classA	0.03722441890547293	0.7356988277784295	-0.07149808170467874	-0.11101468840244043	-0.10882034877205189	0.4915339978752729	0.2146584331576991	-0.06542427482843133	0.06481746295464483	-0.0535243489222319	-0.005125451179136702	-0.13509605924656432	-0.1751762547692163	0.010638363411165483	-0.011466604637617702	-0.0870194999333069	-0.4889193950916417	0.003791109108986136	-0.01976388149127746	0.18590530824169582	-0.132501376970563	-0.0199571431509629	-0.24920964231114312	0.466734682779732	-0.43590791058663697	-0.16634745969364043	0.1651216499532792	-0.20243366252178444	0.07703767703840148	0.00617478346568443
GRM2	Not-coupled	-	Not-coupled	-	Metabotropic glutamate receptors	classC	0.16550657884370645	0.80339557517653	0.0760409251076025	0.05912531917076499	0.06228989769457123	-0.33689958826880934	0.03427148218054219	0.016917618160827784	-0.060674979198373974	0.06490376132550957	0.021705670354038198	0.0763205516841569	-0.04190007691732079	0.07256105323905311	-0.14928973954864738	0.0559242458731847	-0.3514995467650389	0.036553736684600845	0.05210769205781084	-0.05426164304859595	0.14374661421985183	-0.028181401573020695	0.24171883989469467	-0.2174410471369694	-0.36256735576686966	-0.29770158970345173	-0.14027182236175054	0.2638443742991183	-0.07493178045625279	0.01695873111351035
GRM4	Not-coupled	-	Not-coupled	-	Metabotropic glutamate receptors	classC	0.15991052406451028	0.7871764260999713	0.2603519708731931	0.021285244789082787	-0.033089211637710184	0.1215670077877696	-0.0574704821692003	-0.1107239157691559	-0.017831656216775935	0.01998015742888888	0.1290221798520718	0.12270274001979789	0.19541933951179688	0.2081676801615575	-0.23173762713839247	-0.007458400676462317	-0.3964866911450488	-0.004368273987037284	0.009071005115007063	0.05388943699075964	-0.022355532669480944	0.026411686615663416	-0.0720223412101164	-0.1472943889757655	-0.35425884007855607	-0.20724840642641126	0.08495396277016794	-0.11627151395183277	-0.06045278214143364	-0.04608511441285523
GRM6	Not-coupled	-	Not-coupled	-	Metabotropic glutamate receptors	classC	0.1376372840356632	0.7900229500956171	-0.011276967767546992	-0.029648296357785882	0.060265335108312564	-0.2429357755372977	-0.08971243644781277	0.1201392161605122	-0.008874180179521	0.05484235507059096	-0.13814581848123716	-0.026172423469147037	-0.054715115198623945	-0.08323046771207249	0.043753070683846824	0.154223038877194	-0.48345990509698183	-0.051052880288888075	0.13005278452767768	-0.06822064261729376	0.05237359181564302	-0.08396614811661818	0.10401137565998922	-0.10771972881684991	-0.29224518996603066	-0.2697022541340251	-0.04849179874896455	0.20786681522605463	-0.035162157394156277	0.055842438392106994
GRM8	Not-coupled	-	Not-coupled	-	Metabotropic glutamate receptors	classC	-0.2502382751860925	-0.12896134101882953	-0.06928762673216368	0.2925837578464196	0.23062542365374494	-0.40006505113404606	-0.04507146371213055	-0.12808944422902918	-0.11323617198976425	0.15352685658203458	-0.02096981637352828	-0.2790092426492504	-0.1396583916444869	0.35694241350195605	0.02916628519834756	-0.22603547420806702	-0.05063171881435398	0.0681125149341231	-0.14667836750399746	-0.09747699691471504	0.05856836940216096	0.18958067395905512	-0.21175561722006084	0.2625676629330297	-0.155075112562583	0.0876266431176772	-0.31051177572893496	0.08422272927803776	-0.38962925069107623	-0.09425696135262715
HCAR2	Not-coupled	-	Coupled	-	Hydroxycarboxylic acid receptors	classA	-0.21668075831642394	-0.10967631622267504	-0.09073413160624787	0.3087729584384383	0.16639474483781172	-0.3463617019462662	-0.048821425578252	-0.14987502044558948	-0.15170270621524887	0.2421024119311679	-0.04642261339975859	-0.2847593029481883	-0.12298036997955006	0.3699347972362052	-0.02870542285367568	-0.2795560390164675	-0.11648462373568118	0.040561709793437054	-0.1149378275305381	-0.0778387313954097	0.1161047915681223	0.19618514893874164	-0.2516154044405859	0.3135607127090822	-0.05245542050002557	0.10746384260212859	-0.27822947177959073	0.05827461721152439	-0.3314135408081694	-0.06650618675888005
HCAR3	Not-coupled	-	Coupled	-	Hydroxycarboxylic acid receptors	classA	0.18073052117793004	-0.089770600047925	0.023081183460780943	-0.2453421380506027	0.10776135850723942	-0.1459157006671073	0.17525181121804806	-0.3099120281373801	0.020034632897682474	0.12438080421211109	-0.21992802668584416	-0.09819230124588597	-0.06945460206633013	0.15668679818810935	0.015878025309355517	0.18079029068100605	0.09634465354814961	-0.13637991503736474	-0.028866698887373372	0.0013998665529105403	0.149938479590118	-0.11495090233759878	0.05147010332959738	-0.14699617972279208	-0.04100718314619705	0.07607032443632393	0.11313717415507898	-0.033909758224293415	-0.1364928890896335	0.11633186685629157
HCRTR2	Coupled	Coupled	Coupled	-	Orexin receptors	classA	0.41790855075818856	-0.001994712154750747	0.08601503135749078	-0.06816639407463755	-0.3001652340514911	0.1874858596176394	0.22322513369452657	0.04875484349517403	0.013091839231748439	-0.024799994753482452	-0.08081840430394277	-0.07564640230449314	-0.1049088595676045	0.006841065370362835	-0.03054001683472487	-0.24168171801748145	-0.1378161194282593	-0.03531126605716975	0.20038356035114133	0.004751389150065794	0.0525086435646376	-0.11058523248815379	0.09535793466256749	0.03920861776614164	0.152294193960299	0.2800261137711564	-0.11235907775480847	-0.009501078092878056	-0.12879348295584025	-0.20711454884756159
HRH1	Coupled	Coupled	Coupled	-	Histamine receptors	classA	0.1536737139727407	-0.10650516718205855	-0.1652597072568963	0.1566254967397592	-0.2723341639850948	0.212515188424093	0.14937841848605043	0.1344174941230356	0.2954868822839926	0.34592256504437213	0.01545162055884008	-0.02231452555530731	-0.06382277355112655	-0.04117796321521536	-0.05636069190665974	-0.07806967892207337	0.17332744068379546	-0.06056164560831598	-0.20390355473003743	-0.02142808590132338	0.1324908055683262	0.1271681804066099	0.30447130535243394	0.2714466276033009	-0.20388373554520292	-0.038417227537898786	0.11264219080193688	-0.09499460092015749	-0.004409453370625303	-0.13207438941189223
HRH2	Coupled	Coupled	Coupled	-	Histamine receptors	classA	0.5517161526536466	-0.03704147383061163	0.032224046547060056	0.3080859592110824	0.09265343683541448	0.041711206820476174	-0.25803950356355576	0.21118333548582036	0.14622230678242676	-0.1451120710461809	0.048169379939533984	-0.05875649292869815	-0.3197188067497338	-0.21062201426678817	-0.006218751904276042	0.0811642813458599	0.15389563753535948	0.13513151811501894	-0.27131912236702344	0.2754492484724277	-0.02223538842979103	-0.11614009214219564	0.15592019715098215	0.1296919086175762	-0.0944589744925705	0.024705099461577944	-0.14317305891696683	-0.010274029194996537	0.06124204905015318	-0.07170289334638524
HTR1A	Not-coupled	Coupled	Coupled	-	5-Hydroxytryptamine receptors	classA	0.37987560629167133	-0.04114834541908484	0.3577175378773524	-0.08648144999891968	0.12535622378702185	-0.14775801827962542	-0.0781707223673056	0.1073259758277146	0.20821519791320298	-0.12753766538643618	-0.009815978313983132	0.10972467465029503	-0.0725975732536689	-0.09458636579920142	0.04101370236024494	-0.11334101541446326	0.19856181354313443	0.04421186820711554	-0.16534496117926015	0.29504826948533647	0.024831962744168688	-0.03325102776087486	0.06003890970717809	-0.13863008133575017	-0.23982265567080607	0.18201110141967988	-0.06004164020226332	-0.1018259661804373	-0.0574126733259365	-0.036891672351968594
HTR1B	Not-coupled	Not-coupled	Coupled	-	5-Hydroxytryptamine receptors	classA	0.32653789704276964	-0.07527654276988241	0.28223483291258045	0.012154805421235076	-0.0431054795898997	-0.195624144858859	-0.02192155961515725	0.1093883696645904	0.34969223474762917	-0.14375644995317624	0.009908190494162	-0.03177840552839863	0.010966146516620846	-0.3050266861292533	-0.042219969568997776	-0.21064080710196245	0.12689757359386308	-0.18223115871385123	-0.3325741728981918	0.3639666480004394	-0.1583258886672784	-0.12700468520367536	-0.004009735057308398	-0.05620080671334155	-0.23604592341064337	0.16474158452648843	0.010759745406669905	-0.18785222656381068	-0.09275752513210725	-0.0440176351437493
HTR1D	Not-coupled	Not-coupled	Not-coupled	-	5-Hydroxytryptamine receptors	classA	0.2724000708277405	-0.038574761095666	0.1998995217660242	-0.07626878256124402	-0.03961731760216074	-0.020878057419136627	0.01181583791736105	0.6159787536262221	-0.24554934668007947	0.22129484864794016	-0.22529254108187716	0.032061847830438354	0.008038491459339723	0.0037918075539647485	0.11925158072411336	-0.052197051122288556	-0.11750388081924079	0.220786434903002	-0.05243121786834657	-0.22639975224435088	-0.12749225593548894	0.0018231188734795978	0.09647999354221519	0.20726356199279328	-0.014217219003488858	0.194324142032395	0.07417899158418081	-0.2005543552575423	0.26749663929139966	-0.061516762453040025
HTR2A	Coupled	Coupled	Coupled	-	5-Hydroxytryptamine receptors	classA	0.33033718546030644	-0.0001547453669601754	0.039609613205066944	-0.23935907439813686	-0.2816706738756358	-0.49892729506053307	0.010671901937176955	0.21853601953514717	0.148564080932163	0.23817622247458123	-0.31361788721300393	-0.16898300534244307	-0.1588422029582576	0.009226352578849259	0.22724640040180424	0.21101701552657018	-0.08100433758542573	0.2035634952978215	-0.2056119434298067	-0.05890851917775809	-0.11032663307910133	0.09869427346505451	0.055344798014725874	0.03272358005194922	0.10187479679217482	0.11336710979149374	0.04681806150836184	0.09787374417825177	0.19122260026881036	-0.026113353904938415
HTR2B	Coupled	Coupled	Coupled	-	5-Hydroxytryptamine receptors	classA	0.24867897975825043	0.010211064328365372	-0.0213661884150954	-0.32791653144483374	0.06220375593883701	-0.44489187822518955	-0.17702695108670488	0.3609442903306376	0.10295059507812727	0.21626330158240775	-0.26165777648218286	-0.12717474248587343	-0.12818698619470775	-0.21548992311602402	0.15398042541380116	0.117019671639309	-0.0654156932967987	0.18713621846819883	-0.08687228730251625	-0.10891554820213188	-0.1932494798684203	0.3230705112792561	0.12998186170735976	0.04710064435172282	0.07040450430645753	0.11448819807477371	-0.09703677748180334	0.19823599830627583	0.0982665074356667	-0.015233653566817816
HTR2C	Coupled	Coupled	Coupled	-	5-Hydroxytryptamine receptors	classA	-0.1328437134083762	-0.09144269824516661	-0.1239245272070246	0.002278779654371014	0.522053053929778	-0.010624921040319226	0.1606056149293028	-0.07513266331287494	0.4552326904383329	-0.13109971575299448	-0.18956536804777493	0.02751735368456899	-0.03844160213130053	-0.023546736455064513	-0.10255057559729457	0.001458492985773141	-0.01280826033995538	-0.3687281034514032	0.33671883006068626	0.0076403443057101676	0.19234532572311575	0.11812575781044087	0.15522555174796812	-0.06330300850495142	0.15993425496836933	-0.2624036187439633	-0.03845709382213799	-0.053632101949533724	0.08619176596322034	-0.14305886553236183
LPAR1	Coupled	Coupled	Coupled	-	Lysophospholipid (LPA) receptors	classA	-0.1920619353481009	-0.088068184283867	0.02851621779834853	-0.11133865642169323	0.36401895853459454	-0.11903233130174655	0.32189028991675267	0.06956558532718372	0.5968608808501018	0.09853840111761242	0.155008539486222	-0.0720743466206756	-0.11459778689047151	-0.02688985268293051	-0.4736923077018374	0.050140020416084743	-0.024180835445180987	-0.153238885523512	0.1193407139073385	0.09057623617738265	0.055064578752277264	0.022556336170250848	0.10742865793978941	-0.1731027145888421	0.3347352427348708	-0.3331115756896672	0.08025266154234718	0.23467014484025286	0.0917459145710032	-0.12909607220053418
LPAR2	Coupled	Coupled	Coupled	-	Lysophospholipid (LPA) receptors	classA	-0.20201686992480575	-0.1335746554711142	-0.4053848581756942	0.35738664856749325	-0.3610671910999309	-0.10790254337463084	-0.044760052477770665	0.10116895627917902	0.04494385312080006	-0.013649278236905198	0.2957012168483854	0.18803978051908882	0.08251159909553693	0.04107461774768964	-0.14666192309426712	-0.22011831860955958	-0.13554939634185464	-0.020521663424854057	-0.06000080605809685	0.3831888817425271	-0.32454134837224313	-0.004212096907262467	0.2947795110654136	0.15637039002959582	0.08447371915259021	-0.13403420947195688	0.2590449214188695	-0.09203852466712176	-0.30997164763577195	0.12460427195690393
LTB4R	Coupled	Not-coupled	Coupled	-	Leukotriene receptors	classA	-0.1966285053022236	-0.1126268699803278	-0.2782478888745939	0.12637939797809128	-0.25425923719151317	-0.18385029028124833	0.10538319894826846	0.34094579907979017	-0.1768757429541348	0.15770108888727835	0.5475479039602237	0.36418034070847194	0.17776917599830497	-0.17258030563467025	-0.30170429229462764	0.026805602738289476	-0.06246777111145068	0.3292937107183237	0.16827030195374054	0.16166217994832313	-0.3499129719620176	-0.06081664443802291	0.27158166679244145	-0.07644702880658995	0.14097928333929116	-0.1182925860210217	-0.24436842269894082	-0.009412094105784382	-0.36883947932647787	0.3466293710633521
LTB4R2	Coupled	Not-coupled	Not-coupled	-	Leukotriene receptors	classA	-0.254116195100341	-0.2012546894345765	0.4960130320460532	-0.34537420771307675	0.22285550857149067	0.21004841105638028	-0.15936463516116436	-0.10694570191534568	0.12539321430016234	-0.06771952683794003	-0.04878864886256388	-0.35386637264182325	0.2358108280844966	-0.2942889380431946	-0.12869367378345611	-0.22030613625103931	-0.054384204972118357	0.09081062628143267	-0.07419210008776392	-0.2518257283237941	0.3051699112894029	-0.20528662223537955	-0.08447273896399388	0.027868694456853093	0.007824294544191026	-0.2836007809147497	-0.3290252530987341	-0.14431743090637555	-0.07253086422145963	0.17909608672790503
MC3R	Not-coupled	Coupled	Coupled	-	Melanocortin receptors	classA	-0.2663242307840394	-0.18189644756882462	0.4503960076535576	0.06462189320753231	0.13764802360701825	0.2982598444547823	-0.12118256651837483	0.1744752350628379	0.039007857064161766	-0.19123128131230663	-0.10592188483262156	-0.1659899196321712	0.24002808625961952	-0.28282387119890134	-0.2135548323800863	-0.1983988753947025	-0.17969670536024426	-0.09655188731800136	-0.12528090878512751	-0.11489281526040386	0.22892969245285286	-0.14106735420138575	-0.10202689109461699	-0.022422901936338835	0.13109179162854648	-0.24801004662209497	-0.35970712824949996	-0.12941036689077226	0.019798232042285736	0.11620402242985484
MC4R	Not-coupled	Coupled	Coupled	-	Melanocortin receptors	classA	-0.10005998951998547	-0.09490235080513916	-0.031148886544162327	-0.06405231277346753	-0.17585747806926483	0.5187036678324827	-0.03391790093269892	-0.11983195429412495	0.24463293190007324	0.048368449857144676	-0.0665665676435294	0.08354521624588543	0.04953972908925337	-0.1795657225313896	0.1222425751540566	-0.17284904871860593	-0.05466713614782242	0.3891546356641936	-0.10756451913379947	0.1191830233994986	0.10224575854496704	0.3129765448697676	-0.12948925066278474	0.01995817778802266	-0.050248447601467496	-0.003649429900496704	0.13960510979604324	0.21095264909506062	-0.044019502865751084	-0.13966019065269109
MTNR1A	Coupled	Not-coupled	Coupled	-	Melatonin receptors	classA	-0.03376098146171724	-0.07199409388302627	0.15077254388512068	-0.2342268937860523	-0.15049112566721637	0.4405918231131731	0.07254432185875752	-0.1651086289153604	0.03819901993475318	0.08900387740379818	0.16068886633794666	0.12829282424154714	-0.04290503680233732	-0.2613341221040607	0.06661007421885877	-0.14420409804023762	0.04138201593640855	0.6078145542741819	0.01669016047305631	0.182221865822961	0.12853316871912507	0.2824683178663237	-0.10166868566452471	-0.05291877180145214	-0.021392989710781466	0.03547676777424009	0.17755601356240489	0.2689832471291447	-0.09016567551506025	-0.2441386013827897
MTNR1B	Not-coupled	Not-coupled	Not-coupled	-	Melatonin receptors	classA	0.16162030023006618	-0.05032679911684694	-0.08603123681351071	-0.3075359219380157	-0.07924408364730806	0.09568466974841888	0.34923958610877476	-0.15049456734915687	-0.1680239850068338	0.18181636097721318	0.07941545297320039	0.13161239892387336	0.11059879866172975	0.007232723191137081	-0.0875197287648333	0.3166972371114565	0.17092552376366446	-0.07618336917017461	0.15773810404135094	0.04995562255071914	0.3186034511449326	0.22072802210948145	-0.2627126410393626	0.11559589071720211	-0.0629359529041848	0.012977644736620803	-0.2289994270660659	-0.06297868994802232	-0.1423596653633794	0.06215742595065768
NPFFR1	Not-coupled	Not-coupled	Coupled	-	Neuropeptide FF/neuropeptide AF receptors	classA	0.12545723862520233	-0.0077416881062396204	0.4035152277244671	0.18082607421241836	-0.4496576931760701	0.1615858074449937	-0.243446833938483	-0.20364957031837028	-0.24248457339990231	-0.24660628438691584	-0.15948679742371485	-0.2318914418839528	-0.3405527524152954	0.12921072028411437	0.14973996060045838	0.471122389768959	-0.1906319208951483	-0.13522225790241818	0.6342264128332675	0.09444361043606674	0.21488211586424946	0.18886369731943317	0.31670239014178025	0.2633550230808716	0.3424762341821017	0.1523710834826972	-0.3226203960059931	0.03066434305560288	-0.12621797518876615	0.2452360341484771
NPFFR2	Not-coupled	Not-coupled	Coupled	-	Neuropeptide FF/neuropeptide AF receptors	classA	-0.03102564990491099	-0.09401410776125492	-0.3567589142304096	-0.24452875729556175	0.34181482566028143	-0.03804714524694879	0.44860720197779175	0.464778508004369	-0.05066790915427101	-0.2644531807270457	-0.2536657362724141	0.02001462894600178	0.17745275545696385	-0.05694157123003434	0.0464788308709707	-0.058708744758879286	0.11743044534833069	-0.1908424862435129	0.04984184417761776	0.14020114007164217	0.11000469304084118	0.2451849670490187	-0.11448421496138032	0.10004468721235607	-0.22888273616840682	0.05942947606119508	0.015621660599952661	0.18298608960921242	0.0947228658948585	0.23461767460229283
NPY1R	Not-coupled	-	Coupled	-	Neuropeptide Y receptors	classA	0.08541021527857127	-0.10898143488878508	-0.033250636184900255	-0.27040177332013227	-0.2584812166675028	0.11887790229425169	0.6417786766663423	0.2514910198267322	-0.18577890088485538	-0.5236788635087216	-0.10465878273467775	0.10795018415660454	0.19471789382246138	0.2583873021219377	-0.04688948443141888	-0.05124423511469965	-0.14736250163065923	-0.07134143217187552	-0.11174409407134243	0.331207440585795	0.18493287455436033	-0.3333372747752181	-0.1734758100824521	0.1552611209202268	0.08946554035348636	0.21342346782889848	-0.012398064116338552	0.47122666199868835	0.012642709877631752	0.1497049300031491
NPY5R	Not-coupled	-	Coupled	-	Neuropeptide Y receptors	classA	0.09399706716076436	-0.13413468866227982	0.08486003079408025	-0.12854071991119004	0.09449290843162866	0.13402431187794014	-0.0487829150038656	-0.40373320219862896	-0.11667887912954945	0.020829234253957662	0.07340858849576005	0.07639316847465556	-0.1455341627701207	-0.008207789527609479	0.17952706091193993	-0.20463974040358796	0.2303326112710621	0.04395311073959161	-0.09089170604132109	-0.05581062034577052	-0.1456385180132975	0.06428033159377587	0.21226232237026768	0.1782322146328173	-0.126330893708538	-0.37935049769808704	0.09728418278507653	-0.09017825189713308	0.11343263025676349	0.16365180738471705
OPRD1	Not-coupled	Not-coupled	Coupled	-	Opioid receptors	classA	0.03393234322507845	-0.13733931742925465	0.282163000072537	-0.07676224599645856	0.12560873610037862	0.12446714299390133	-0.0006246665484218846	-0.29421145553857597	-0.26205554057044705	0.054027606756591386	-0.13465582938143753	0.2850170995403551	0.03364602244344054	-0.06109765142113052	0.33752513302683324	-0.11868743289981422	0.11109415369016239	0.05075963533552067	-0.007108066138923929	-0.010387474421922433	-0.015019842249377876	0.05516957065555375	0.20276969247121993	-0.019443672615959914	-0.11376909279974982	-0.1785217282174438	-0.02258689322390448	-0.027764825844471746	0.08845769003431884	0.14471856228385924
OPRK1	Not-coupled	Not-coupled	Coupled	-	Opioid receptors	classA	-0.010815318957419853	-0.14497076180591148	0.3078964764625568	-0.04245030409254991	0.03377146725527484	-0.121569361589445	0.018479975615774375	-0.2691919543212723	-0.1279480964671544	0.17896100977336743	0.037109167571932965	0.1958076488047398	-0.09491450226549994	0.029944040944669816	0.3010091781659083	-0.014465995622097261	0.15294972013899427	0.14160692272448666	-0.32650512259271275	-0.07431003573771448	-0.14950980095135843	-0.03751144356743778	0.12597517583858425	-0.0711845677324565	-0.018645540008192858	-0.3923864393135622	0.014718469099914982	0.20546454944488304	0.14810345654163606	0.14522080101745957
OPRL1	Not-coupled	Not-coupled	Coupled	-	Opioid receptors	classA	0.07225313694839428	-0.13808343668600914	0.04040728404932487	0.09963866597778774	0.21568573589709114	0.161793056280284	0.1335557854592008	-0.30245117937717525	-0.430766743960375	-0.016968111447420667	-0.207396421861363	0.27446144813060014	-0.027950316488825268	-0.12319372480329553	0.1493019747954404	-0.09566273103180753	0.11544594478088557	0.028785955103355933	-0.11326659691027476	-0.05861784321899879	-0.00035774142794634976	0.04459175381845576	0.16369977142658773	0.03950699631868171	-0.13543520354960803	-0.17699710467261362	0.09411251144000027	-0.1698774103197059	0.001565560209740532	0.2493528748758579
OPRM1	Coupled	Not-coupled	Coupled	-	Opioid receptors	classA	0.049185344470990114	-0.09609427543948708	-0.10551423073361062	-0.5189376548620829	-0.3260638469438037	-0.2078573533313444	-0.2382651460313038	-0.0688673471491122	0.1897976256920245	0.04247744619141905	0.20046019101820595	0.09365246863330444	-0.033455619671310444	0.25557451771755385	-0.05268075963523061	-0.30727672763399094	0.17044681006191986	-0.17497546304075856	0.2491078918329407	-0.3821162176464606	0.0016235569581059958	-0.20349838062236073	-0.17259803516465522	0.24503678330680034	-0.08663974651863175	-0.15679154824687244	0.21792279389696934	-0.07222729413135692	0.16777441859848952	-0.21729272379663733
OXTR	Coupled	Coupled	Coupled	-	Vasopressin and oxytocin receptors	classA	-0.21188471778450552	-0.12625864466587172	-0.3338623850410094	-0.18509019207036564	0.18771114312798257	0.0036440025645848445	0.015407833033587377	-0.3235329084742724	-0.0352799752951832	-0.04583679425342234	0.08538894971162422	0.06156262685030235	-0.1220070002598492	-0.0676162243376698	-0.1300257848954673	0.06970555511651046	0.0235581737869793	-0.038231452786334025	0.19528319951337084	0.5310447277105003	-0.08049652271190111	-0.004074534904671099	0.10065858565244155	-0.09871683477925035	-0.11498695576526653	0.05805563792635103	-0.2830489084542163	-0.13839827686612755	-0.03573371805726008	-0.03844482079990788
P2RY2	Coupled	Not-coupled	Coupled	-	P2Y receptors	classA	-0.0818184084835039	-0.08306487934909486	-0.407137318150549	-0.11409907678484271	-0.39263777081319023	-0.19681796653053638	0.2415169236934536	-0.27456152628551345	-0.08973949327509805	-0.4169418001634453	0.6453203905404999	-0.45012539788351147	-0.042150299262191264	0.09735329820127152	0.27344771886978686	0.11061634731084896	-0.199925691397165	-0.18199442997320905	-0.3245968061628871	-0.39668120052245237	-0.16230923046310022	-0.052331503383060904	0.046476180877237344	-0.11677669655879928	0.11536777938097996	-0.19582548132185545	-0.3388635650797921	-0.04112097930135172	0.40063221686033307	-0.08576602091380667
PTGER1	Coupled	Coupled	Not-coupled	-	Prostanoid receptors	classA	-0.23827635258218735	-0.12419459950375636	-0.14257716762974373	-0.32537183036548023	0.24000959872019093	0.02286124771105627	-0.1271303466644361	-0.03327652910644113	-0.09644152426346508	-0.23363390789100924	0.2674304157956762	0.045210186849877064	-0.1215437866464549	-0.2679702301637204	0.02685011198254213	0.28639465492909455	-0.20878927933809507	-0.035999965599850595	-0.06301496956436993	0.0764796325375794	0.2821477208519131	-0.14433036231493715	0.1569644885285453	-0.03349897054607777	-0.11356384735334411	0.22192951640945818	0.04541884668236247	-0.36337342151008495	-0.06450735656184155	-0.2996500072383315
PTGER2	Not-coupled	Not-coupled	Coupled	-	Prostanoid receptors	classA	-0.13603059867857342	-0.08067076147913359	0.030048412645631534	0.4412424200334715	-0.1538738114445376	-0.11954067314500846	0.03688226852026474	-0.04093066272006986	-0.2623208477133637	-0.29482510138903173	0.2510551070812287	0.15356008272752505	-0.1439121238569239	-0.1775667802817783	0.10839964434882617	0.08575795322874034	-0.19536917015673763	0.12836671956986556	-0.27122197261342557	-0.15639891353602398	0.199407152158837	-0.11590772460650178	0.21751361841747152	-0.17004635282598055	0.006044071443896096	0.12214238078521553	-0.03765493714052007	-0.10034830485903647	-0.0058656880988547785	-0.45096649412680156
PTGER3	Coupled	Not-coupled	Not-coupled	-	Prostanoid receptors	classA	0.022607569233427032	-0.05578781036420703	-0.4173155600774753	-0.031869446986854406	-0.16304253405021774	-0.14866779655646012	-0.03318388599668637	-0.06981114986683386	-0.2460912281508005	0.3436300865343835	0.0929369295579534	0.08429196598460634	-0.2093648445781423	-0.14095619026586462	0.04374954856878868	-0.026198396482246013	-0.32154226312684586	-0.07089665377714822	-0.20156175045515967	0.21136527522456966	0.5294376993824066	-0.0475093115605982	-0.4805222473674801	-0.3927560478450145	0.1535275243956938	0.1356911586103975	-0.021931541488766883	-0.42141370333143485	0.2111891357146943	0.006038664961275303
PTGER4	Not-coupled	Not-coupled	Coupled	-	Prostanoid receptors	classA	-0.3326281676006182	-0.07317861425791364	-0.1859717735251044	0.39277808603104314	-0.1630186314564972	-0.0980779363046738	0.05191720154046612	0.05081733366548315	-0.13182983866923556	-0.32042530873039293	0.12154336639922302	-0.0943519437189552	0.3104955050966682	-0.24691264471788113	0.25411803370421293	-0.3880006574260024	-0.2984845000267941	0.14192253292006535	-0.07703032945512228	-0.2699031683205543	0.25960872590010536	0.14760587625563465	0.19633607442180828	-0.09362005349704927	-0.021430022317588292	0.10011649897087094	0.09830830914366609	0.2267726812254854	0.1856411976090319	-0.35315890653193355
PTGFR	Coupled	Coupled	Not-coupled	-	Prostanoid receptors	classA	-0.10198843706820193	0.47057402089547035	-0.006277829395521355	-0.18510952432324532	0.31906252187471523	-0.250844960952445	-0.37985313131066173	-0.2582080299183576	-0.09992238836432533	0.02056985125526272	-0.007328032856118802	0.09103849720707372	-0.34105050118972474	-0.1586437533821853	0.29360152454075267	-0.4103670229374485	0.10217523865843274	0.1721552159293005	0.06295073282091398	0.20914251976210607	0.00037479322904413316	-0.02325438380394918	-0.08314611263010639	-0.22516983797806275	0.4495172981976047	0.04144813774921389	0.0171778803893771	0.14955846742613477	0.22853459863981387	0.06550913321574932
PTH1R	Coupled	Coupled	Coupled	-	Parathyroid hormone receptors	classB	-0.09984213259687137	-0.07441751163979028	-0.056443065132596025	-0.025971407729812202	0.14185226272304963	-0.28761187638326474	-0.007734159689629551	0.25336334905645264	0.40268054716085544	0.013855919322408723	-0.158173536229312	0.055222438047058585	0.01038749088191337	-0.16215447963317098	-0.2707482706539572	-0.07163328129687244	-0.11023872421979128	-0.2547138984304305	0.19221838756529902	0.029575037134362357	0.1253175377474479	0.28055927053655383	0.0563379720480951	0.030757656158320386	0.21906148685020818	-0.1863962497285824	0.12753863830726717	-0.2003878473966294	0.11658727267098362	-0.09797612068460664
S1PR1	Not-coupled	Not-coupled	Coupled	-	Lysophospholipid (S1P) receptors	classA	0.04873557805335383	-0.13192045308424336	-0.25482909307038104	0.4388307157662616	0.028009722585660222	-0.1776195858766129	0.0262865342835861	-0.019748339710494566	-0.10998701479446645	-0.06614720903899388	-0.2649266454672191	0.2749371960233633	0.14742222450153822	0.08937548284280335	0.2694087887931504	-0.08365986861840295	0.15199681313094224	-0.1189351617115855	0.10200671568710337	0.05915115127431583	-0.009590032704317021	0.0603202813135382	0.14193046870212844	-0.08100393525840789	-0.14956415315153904	-0.2494501317959203	-0.024173557091429616	-0.055080626612790486	0.11597450685640265	0.09204332170826693
SSTR2	Coupled	Not-coupled	Coupled	-	Somatostatin receptors	classA	-0.24896530354448007	0.4526037590736322	0.020183095516125148	0.2670251792527608	0.08498633692759801	0.09159478886763925	-0.02830918046184912	0.009647400924822127	0.1612952286698419	0.023873630464053712	0.03900280918942642	0.17480776612494747	-0.11480362770357443	0.38608946554365603	0.07961854212556599	0.03236410545100213	0.55917962484856	-0.05399947707565879	-0.15593668310264994	-0.037317601664036304	0.2117135364590249	0.10139069280840678	-0.027943250072854402	0.22221952485289598	-0.01594872578021962	0.10016886837205605	-0.20774050823341472	-0.13613494977663385	0.18117949790954177	-0.1479498241450693
