Gene	IUPHAR	Shedding	ebBRET	STRING	Family	Class	PC1	PC2	PC3	PC4	PC5	PC6	PC7	PC8	PC9	PC10	PC11	PC12	PC13	PC14	PC15	PC16	PC17	PC18	PC19	PC20	PC21	PC22	PC23	PC24	PC25
ADORA1	Coupled	Not-coupled	Coupled	-	Adenosine receptors	classA	0.091385879026026	-0.4548514634408603	-0.0816888919855613	-0.36040911510336404	-0.15307607225526637	0.10653297931802144	0.016006985627740583	0.031913241574667364	-0.10165967217094923	0.11057851420910601	-0.009272835864502386	-0.022770727644178434	-0.06170434157245342	-0.10146066983677299	-0.16995718896312847	0.4019933236196612	-0.11147563407654817	0.15511586224375867	0.07471841379728304	0.15541223891016764	0.062271147490231896	0.2505472685909234	-0.05203272633327356	0.39861038988379877	0.15332097420386537
ADORA2A	Coupled	Coupled	Not-coupled	-	Adenosine receptors	classA	0.2847363953149569	0.14250207052564212	-0.38589605045460307	-0.011212409339245895	0.08215922421559092	0.1467302233188333	-0.004493819295133569	0.1211263343165593	-0.08245409404866384	-0.07593909815026588	-0.12387540541686828	-0.2382669598293437	0.0524967731649395	-0.2556035564976672	-0.4202609831133936	0.17854890021801492	-0.1415473297758738	0.11313670990619591	0.20748515128993425	0.03748968253592343	-0.01693422553594034	0.06090061001123622	-0.060754608623458606	0.16306008527189944	0.19098819183604343
ADORA2B	Coupled	Coupled	Not-coupled	-	Adenosine receptors	classA	0.09363075907077736	-0.21867369931454747	-0.2748832448534413	0.25197575789442345	0.12854331565316662	-0.08705291370305433	0.0574651311902227	0.10588086939981924	-0.427521451450315	0.05689064606025993	-0.07961710058670717	-0.2033272990244032	-0.08945659222526105	0.1364661935475345	-0.34080484930576593	-0.019273235342337797	0.049001934556975164	0.18230382175150817	0.23794602029480777	-0.19404918248893374	-0.18583239481423328	-0.041204881735190255	0.03831719337306119	0.277708240033146	-0.011774556344768617
ADORA3	Not-coupled	Not-coupled	Not-coupled	-	Adenosine receptors	classA	0.21985267942281778	-0.23786140352661994	0.009038218857976269	-0.1999242800680003	-0.188662841308093	0.05535858509829735	-0.05935969043917648	0.0810462569769857	-0.4186921420611691	-0.044195678010116854	-0.1397940786526192	-0.28244899124152767	0.014440627119776138	0.04238174479598438	0.25835273439670975	0.0953669169322806	-0.07944892896142683	0.1303125505609885	-0.14584215986959456	0.023648065910740042	-0.016198872127463224	0.5013103918153126	0.14463041957048126	-0.08892872695832713	0.1253867101775217
ADRA1A	Not-coupled	Coupled	Not-coupled	-	Adrenoceptors	classA	0.37280652537223274	0.16027907948914188	0.28439840138995615	0.1423309682574658	-0.2522852255954104	-0.0586897984742737	-0.09944519732661879	-0.029702157538478727	-0.20099112849373574	0.4518311566562732	0.03319871569639615	0.5165199223887487	0.32211896799079937	-0.17827003028389135	0.13259869559902604	-0.010344285350768602	-0.1476196256219391	-0.21095592885469588	-0.06957396855700104	0.1632307427150643	0.3665914539551521	-0.24413959018203954	-0.18687115834177292	0.08207848861352973	-0.14459059865517104
ADRA2A	Coupled	Not-coupled	Coupled	-	Adrenoceptors	classA	0.35671342599092143	0.1309516407427473	0.29097219349808207	0.18820820558030513	-0.2501370675079083	-0.06325177902153804	-0.09924878402198592	0.11424535363567984	-0.24947972035808574	0.32833950538899453	-0.08050522966558601	0.4245563814244669	0.33012883046153996	-0.20816539153224314	0.17246215019943495	0.07162979174824483	-0.05255634305818576	-0.07790169085865783	-0.1795432137097824	-0.0842426960425105	0.33502867605052944	-0.0017568268676704712	-0.15517181682711043	-0.021472000687022434	-0.0959867128821402
ADRA2B	Coupled	Not-coupled	Coupled	-	Adrenoceptors	classA	0.4381012964156871	-0.06982995736916003	0.1987169021800931	0.1786032212215109	-0.20425581217574143	-0.2896765618492004	-0.08559132285845832	0.05069883214760773	-0.2023685503987695	0.18541765022861406	0.012946723590701495	0.26000685691567904	0.33325585136892105	-0.17809452672038734	-0.23024804442472732	0.04392691868232931	0.021799927671826144	0.02976107669422418	-0.0020398443374084717	0.10729727386307698	0.44957961253564893	-0.4232782432151723	0.08702217049588706	-0.09681059317703633	-0.0896237366740656
ADRA2C	Coupled	Not-coupled	Coupled	-	Adrenoceptors	classA	0.39854648343667354	0.3433580410927248	0.04123664779211397	-0.26687179348055945	-0.20516230080544084	-0.35658480470905346	0.008620741174598873	0.056556209936904064	-0.10761688174387098	-0.27755017591080283	-0.08049459985122982	-0.3057431595616226	0.11061928352846821	0.4946463965340458	-0.25300834949739415	0.20770982077369646	-0.2034538598189141	-0.17631037037356448	0.016387394246090925	0.2241261589049709	0.39200336104290434	-0.24997127313847273	0.41829949462471777	0.05323780148725046	0.16074033691537326
ADRB1	Coupled	Coupled	Coupled	-	Adrenoceptors	classA	0.3697372550561688	0.26182298268001614	-0.15250127263314947	-0.3319229294274359	-0.09802149668837216	0.23112078132880837	-0.03985923500478589	0.1759282878549028	0.17089435189176083	0.1514402173366845	0.15953931947702402	-0.28162285997045644	0.007571915002327727	0.17423574646268594	-0.05028534187814619	-0.1757366727133792	-0.2634248197278732	-0.2694233099121346	0.09915576430812625	0.11932882277510716	0.04530880576268004	0.14851476195308813	0.12109697911859246	0.2677513908705318	0.021699581774665362
ADRB2	Coupled	Coupled	Coupled	-	Adrenoceptors	classA	-0.035905736124313845	-0.18223064430254982	-0.3083230083280017	-0.04106483239366818	0.053855611764632515	-0.31547974897885434	-0.05713584946802307	-0.19263326914624215	-0.014666314517206397	-0.07825095032394824	-0.12678474585267555	0.13899489096401865	0.06547441600361212	-0.2582400466531914	-0.03887218224525449	0.01672425419028657	0.20071666773270858	0.15890594446798548	-0.18366928653516337	-0.11545149559003426	-0.16246053866712035	0.04933051844644797	0.18394677298355688	0.17129914534477753	0.03835527197726832
AGTR1	Not-coupled	Not-coupled	Coupled	-	Angiotensin receptors	classA	0.049705404357244985	-0.31974837802399403	-0.2895376542012313	-0.18992434062545385	-0.02807778034420793	-0.36093457741564733	-0.043082857531364774	0.36894964107409883	0.5469696017920579	-0.005400897200979689	0.13899686748479545	0.18776310661436693	0.02159577086037879	-0.03815782198229725	-0.23951719731636334	0.10548466538134414	-0.01636683106743465	0.1453156659357751	-0.14285107615356607	0.006602262142527781	-0.0069172288310302785	0.03997978927844743	0.018034043529675973	0.20594318750733287	-0.01584001443111721
APLNR	Not-coupled	Not-coupled	Coupled	-	Apelin receptor	classA	-0.15900204820397026	-0.17459080225743484	0.04125086575226393	0.0733964336822336	-0.13935838315013252	-0.016685373121139956	-0.04384874152215329	-0.04495037065445453	0.10495775156467449	-0.1682337920957475	0.5903187710068363	0.07899873836906311	-0.20172844355902583	-0.07609609132627795	-0.19834040766880828	0.015108346673346795	-0.3803242404131794	0.3112093943099914	-0.05277086682390257	0.1631254429501177	0.1448561382759792	0.2629967338244621	-0.16244986928446667	-0.13970552712212275	-0.26929925434633234
AVPR1A	Not-coupled	Coupled	Coupled	-	Vasopressin and oxytocin receptors	classA	-0.2256325102653497	-0.14910496916612107	0.030848904886962607	0.31892214268323593	-0.029325412308740334	-0.06459732695955125	0.036619737904401144	0.11454377102702012	0.06636257044742176	-0.20339178734375502	0.5501326138816655	-0.06382420595979554	-0.32037461615864643	-0.0383960422869665	0.004700389510934338	0.07867784023746552	-0.43628078364153317	0.09585705859933374	-0.08348048787048774	-0.12559226584618025	0.3315335816986506	-0.003107648311678766	0.019581613840832016	-0.19657025671644082	-0.24010364328517433
AVPR2	Coupled	Coupled	-	-	Vasopressin and oxytocin receptors	classA	-0.11865481010408765	-0.15878922518051156	-0.12698130521319118	0.32450542253970727	0.06271225830635442	-0.27969903961296555	0.01873734418938722	-0.10323551405722198	0.2524764441415342	-0.08515094209474669	-0.1410964542079019	0.08598353811615252	0.07215206209122904	-0.26514392605670295	0.1429986846365859	-0.08612792942794101	0.12004042390686155	-0.043080250812887404	-0.03194371455144561	-0.03426832061933118	-0.05161245061501187	0.027374337920950693	0.11430217556960258	0.1960884132098446	-0.006388614640832331
BDKRB1	Not-coupled	Coupled	Not-coupled	-	Bradykinin receptors	classA	-0.16115380056280768	0.1847023072365877	0.0507792172990936	0.17369697338364845	-0.038416971368380556	-0.016033120012298514	-0.0005902151886973719	-0.21194976381302139	0.20277422632174893	-0.011358787640303441	0.01874153367187624	0.15496091562084885	0.02450486536627808	-0.19946614297103601	0.002729946714106294	-0.14277798305997141	-0.007270983430765059	0.009517506448608744	-0.24703801148725588	0.10663045318609343	-0.17084252221839444	0.07210593822127287	0.06099692373463266	0.1883672529262342	-0.02343158025361118
BDKRB2	Coupled	Not-coupled	Coupled	-	Bradykinin receptors	classA	-0.12274522110385502	-0.2958663031185683	-0.1886084098137929	0.11255003870742468	0.028473506585602236	0.12763370019439438	0.037523994073405856	0.18307024003287622	0.11963288907180648	0.006254022784181492	-0.049284571610762426	0.10421852557409864	-0.22785188920549473	-0.22366744007166073	0.19134014572104355	-0.004128328645107604	0.19184650163826394	-0.1426387092125665	-0.036262953499638886	-0.1006466876272488	-0.07015550444363682	-0.1372720025540474	0.24421243551538824	0.015418089744729586	-0.15600609016344488
C5AR1	Not-coupled	-	Coupled	-	Complement peptide receptors	classA	-0.22049249177879363	-0.2792721420863831	0.13893486115437859	-0.4326670672525517	0.41134763308606775	-0.0935191497833761	-0.29625186554139965	-0.07549707896525623	-0.21907591349627575	0.20195278357733998	0.14828543229454721	-0.2085134629576385	-0.1139858010340792	-0.14264873514314982	-0.13562773598752575	-0.15895659659218314	-0.1330660479127898	-0.13238050884941868	-0.005550134296619485	-0.1247328483707146	0.042642349610788235	-0.24900383095374365	0.0504283629876877	0.04130350533734358	-0.12376615909588838
CALCR	Coupled	-	Coupled	-	Calcitonin receptors	classB	0.12109416488398574	0.15623784692476275	-0.05781678174979075	0.014853041939889684	-0.14509425625575179	-0.00593140818844851	-0.13850037481392394	0.09265011554808286	0.09659460203679385	-0.05671071213824596	0.3135650009101303	0.002526430311368977	0.12953448434189835	0.1036032442771289	-0.34849173911487974	0.2827870150837259	0.3085222591155386	0.14010113857167947	0.17128728546470048	-0.045765855320780036	-0.11567419973606632	0.1045994654562816	-0.37883156647202954	-0.059029362168237995	0.16856321785857667
CCKAR	Coupled	Coupled	Coupled	-	Cholecystokinin receptors	classA	-0.017449692623756112	0.08949954533116596	-0.2902489836388954	0.10327920978172653	0.09730580057940175	-0.07224002476158284	-0.15546824808283594	0.15529514132425234	0.061636666491972004	-0.049425023385180115	-0.11039710068772697	0.19080657991035474	0.1620724511265176	-0.021648873511748754	-0.022782873265553838	0.0005987912186897554	0.1501426593664059	0.327349867583647	-0.43247694106781176	-0.030613977313198617	-0.15897375224903157	0.08356192673456445	0.06910873592105486	0.05374478916015233	-0.05601039582979197
CCR5	Not-coupled	-	Coupled	-	Chemokine receptors	classA	-0.1009516948839545	0.28643064391694084	-0.20626584411777366	-0.01218292729797278	0.013105883646427462	0.08991470638266433	-0.12436190336644683	-0.10203182673826476	-0.08931150621821458	-0.11017147218216711	0.054051971475885675	0.19517663520235937	0.16906946558404692	-0.20607102133470317	-0.18622789836858808	0.03644338097860944	-0.06162461666608981	0.0832578506289104	-0.47199075798679374	0.04378706115093914	-0.24365697528171454	-0.14960109669321597	0.03283183586131	0.05644809760758769	0.04524086213180435
CCR6	Not-coupled	-	Coupled	-	Chemokine receptors	classA	0.47572076631319876	0.4137934960662282	0.1641451113193857	0.0714365777301744	-0.17748667136818405	-0.27501922346119506	-0.1726784039011997	0.024688995147429563	0.23189721063800411	-0.19028615522473963	-0.30650944027201155	-0.012724587356344151	-0.05101488397156872	0.33948530876397826	0.09642856778431598	-0.016372941764759185	0.06543166641531674	0.29669192701430575	0.03911644182887476	-0.20256831293332894	0.1874400177463764	0.09640065208742286	-0.23714008357343677	0.3460501157454586	-0.06216375563719808
CHRM1	Not-coupled	Not-coupled	Coupled	-	Acetylcholine receptors (muscarinic)	classA	0.3150959730369668	-0.0687404670684571	0.1298938909477302	-0.31082315451241205	-0.2864739140291776	0.08978051746549458	-0.14999011933608702	0.04700153961213032	0.17739944316509032	-0.16709275792883468	-0.2175397499748326	-0.04121043990229365	-0.21342504578828556	-0.1730689689125347	0.11456338330825956	-0.1409738965303006	-0.2142862602038758	0.22017326988129154	0.04415867067406274	-0.2299713739764115	-0.08954137914718656	-0.36710436299161925	-0.2914181205352754	0.3932427957223391	-0.2001488146342354
CHRM2	Coupled	Not-coupled	Coupled	-	Acetylcholine receptors (muscarinic)	classA	0.19672758997857714	-0.08249476033679193	0.4136773385833269	-0.28507542202835257	-0.3965150649267859	-0.06193550299395776	-0.10935397048738192	-0.006938156546368819	0.2237893006178116	-0.3311504121584237	-0.19960944128045874	-0.06175198164182078	-0.4245694416065413	0.3358294524643161	-0.012525479950342191	-0.12893677186397914	0.1886678223690596	0.058232942466529033	-0.06298849491471391	-0.15975445622196327	-0.1487481635126721	-0.029091763985751223	-0.16547925455019044	0.13539681259026332	-0.08290311890506445
CHRM3	Not-coupled	Not-coupled	Coupled	-	Acetylcholine receptors (muscarinic)	classA	0.32422001095178216	-0.13824715298569773	0.16616443594411018	-0.11373126766562089	-0.25312789547807635	-0.19168427296707	-0.1228861430622906	-0.29925925937568615	0.012748331320005465	-0.2894740434438904	-0.31899743062648667	-0.1493237540634487	-0.24021369272591428	-0.13100921163964924	0.24609213789917103	-0.10062949159740467	0.07311118857452294	0.162687125838469	0.10287521554076076	-0.2884225219458314	-0.030962156857977572	-0.19782797616743408	-0.20512390006864822	0.1408871412707913	-0.090620653628339
CHRM4	Not-coupled	Not-coupled	Coupled	-	Acetylcholine receptors (muscarinic)	classA	-0.28583204965814984	0.35094466818106523	0.44230056936954504	-0.0715035472532622	-0.2718551234261026	0.37903659601169876	0.1907055288551988	0.06914473851446229	0.16301424886883178	0.18084180885944715	-0.13307887978824864	0.005147340842582848	-0.2750886339558064	-0.05284587105355189	0.07725082815240789	0.07959356904067084	-0.32400264018140823	-0.16546399723760372	-0.11200026920923721	0.026362087909747464	-0.47135057515503886	-0.14414649752991593	0.1005820888331507	-0.2635140817233341	-0.11863468038480336
CNR1	Coupled	Not-coupled	Coupled	-	Cannabinoid receptors	classA	-0.11110025321361992	0.16254877132409873	0.10327034762313188	0.2962264934325914	-0.06208622766387797	0.22713944495376134	0.15676086191005456	-0.1029244392102539	0.2827224967423956	0.3267920979933887	-0.19312729371893522	-0.0011179808784445827	-0.16906074112917308	0.16587679849291048	-0.06219936890374399	0.2367953992960852	-0.21512389684437294	0.032455523655421856	0.09769176816169556	0.04331387439845853	-0.07446146679587323	0.2063347065802627	-0.10523747285764785	0.0536496504675259	0.05449287656992473
CNR2	Coupled	Not-coupled	Coupled	-	Cannabinoid receptors	classA	-0.091896774990078	0.5324253443278798	0.20361151696012814	-0.11921203547642018	0.46474698458295144	0.08781921404244698	-0.3992915912559768	0.3370941663524993	-0.18289253162323732	0.12448415428138658	-0.10066828410345086	-0.25214311074439905	-0.14314479349067163	-0.3345156524200201	0.06791319517294193	-0.07154884204863682	-0.09179331758063826	-0.05584026972254644	-0.02977915284516738	-0.09948919931334207	0.011447863534720224	-0.18677737931882724	0.1869806263836782	-0.09610543081847622	-0.036359921392411655
CRHR1	Coupled	-	Coupled	-	Corticotropin-releasing factor receptors	classB	-0.08185983362620358	0.2711372975455575	0.08902581782413935	-0.17847944484984035	0.5542834071510124	-0.07976177759214173	-0.42906560456274145	0.39432478201197113	-0.21013851171158188	0.2039982325651578	-0.04103862369627037	-0.24248814172014002	-0.28212447206947744	-0.1737696588421035	-0.0023268101786591317	-0.20085800987985264	0.04739063457096114	-0.06802501888411369	-0.07746792218445259	-0.17947754772774818	0.006320219300502585	-0.09389327264756715	0.010996275835256471	-0.08235843212585225	-0.05789326344815665
CRHR2	Coupled	-	Coupled	-	Corticotropin-releasing factor receptors	classB	-0.037023319150416005	0.1585084127027538	-0.12041696290440526	0.3449026693327257	0.04569199709811931	0.06529379272672377	-0.19077974084600993	0.18556424802080154	0.09525775002330719	-0.1430437247006281	-0.07168052500530524	0.3506860935987557	0.004336911555833788	-0.205712337417137	0.004196948920039117	-0.0026391844223292086	0.25071271189755906	0.04581370021741251	-0.3609723965487917	0.07556483224602781	-0.13373606364314408	0.09876355107472132	0.13751303843662524	0.08574064945652071	0.07550268034642275
CXCR2	Not-coupled	-	Coupled	-	Chemokine receptors	classA	-0.017034728312887305	0.2830729408814051	-0.2351173091070824	-0.014869205091973628	0.05266734185735528	0.2618287628006196	-0.22481743284053002	0.31097607626838	0.19698292390347075	-0.10738916374503035	0.1672268461778661	0.32926271947709085	0.07284212630488597	-0.1979557621856291	-0.1555618882583111	0.015319950772376675	0.004995834508159527	0.153104344865197	-0.2972796459886525	-0.09120152728172358	-0.1686621966903629	-0.1305734183298593	0.05034439734086996	0.1498090422737753	-0.039394080032046426
CXCR4	Not-coupled	-	Not-coupled	-	Chemokine receptors	classA	-0.09336276302406953	0.13774720227165796	-0.0865246697935746	0.3438919175770084	0.04576203401111587	0.015073184093486442	-0.14145466873619303	0.08615955526391557	0.032330875944211544	-0.21185575934138043	-0.021507354510170044	0.27839169925154356	0.05675419571412865	0.1620078184295134	0.003978809060948783	0.04110689371986557	0.15592803144487427	-0.09091316659802177	-0.45197447207166985	0.09417809416292162	-0.05935688750621635	0.07928146502146238	-0.036797775412589384	-0.010278088477768548	0.11567208303333648
CXCR5	Not-coupled	-	Coupled	-	Chemokine receptors	classA	-0.11461357284096643	-0.15397877334188226	-0.489018004917297	-0.16397425375114763	0.09854804161956983	0.1254973006148293	0.07122574695656814	-0.39779383261447454	-0.24872649001229	-0.02914135842132746	-0.009962135271444897	0.09834294175696233	0.19632340272231025	0.08608226855077653	-0.07016836182191162	-0.2166559789813387	-0.13920424797475733	0.0783904140976354	0.08250629159555621	-0.08204776233567289	0.07116613723683023	-0.1440623648367201	-0.052612197526773326	-0.03379255590208357	0.22583814132995808
CYSLTR1	Not-coupled	Not-coupled	Coupled	-	Leukotriene receptors	classA	-0.24443596632813605	-0.32359961132404225	-0.31581792845813333	0.06183319434440207	0.062415754979670175	-0.09467394440222768	0.10358182153662679	-0.2158081943328008	-0.275874486230986	-0.09282747080854614	-0.20787975745158793	0.1991363153585116	0.06006972039650473	-0.07405225073506204	-0.06589272035878412	-0.21241584063684824	-0.09946523770359207	0.03145673873187438	0.13316397319848644	-0.0041551465524443665	-0.03127811644843086	-0.06739976171000378	0.06943269010702154	0.0249122319337842	0.1548424211206583
CYSLTR2	Not-coupled	Not-coupled	Coupled	-	Leukotriene receptors	classA	0.14442460035708066	-0.19242617250788047	0.05192153267097858	-0.2750561179963418	-0.19599242460871996	-0.17946069451477842	0.053759187042245304	-0.020648831228420615	0.20567575173717517	-0.035190485731986465	0.044740184729542665	-0.4118955849519493	0.15604501671781645	-0.3760962736383788	0.06994591607800038	-0.17048991941540592	-0.2224930066004232	-0.2337504631446412	-0.06035908616832807	-0.05980545608788607	-0.03638473252909905	0.27426188300041016	0.2679013365070814	-0.012891830208049381	0.03437593244484814
DRD1	Coupled	Coupled	Coupled	-	Dopamine receptors	classA	0.26146321141609663	-0.44242680551947167	0.12021039164693026	0.002924323036798458	-0.25418933815166916	0.06479857915291279	-0.09511497447838421	-0.0553969577965801	-0.41987734044770636	-0.06254403606430821	-0.1434664764255142	0.022685024078328956	-0.001922324526060924	0.12795907352817612	-0.006448707875181062	-0.19255037069490233	0.10774986768535784	-0.04205059198837103	-0.12209376563036815	-0.19711799995865742	-0.031071395948173965	0.09646157422035173	-0.13922301186977884	-0.30627508881205806	0.009847121314281754
DRD2	Not-coupled	Not-coupled	Coupled	-	Dopamine receptors	classA	0.09913250128239455	-0.1421960670417254	0.2052569879787693	-0.17636109428162905	-0.2175255871610415	-0.4869072035656841	0.07269266392060418	0.154204727550678	0.5843818997919799	-0.1276404392763	0.03325522131540649	-0.35212829666571505	0.20401903367752652	-0.3815188825075186	0.03927106863719452	-0.20635418451980436	-0.09410094101594008	-0.3049102220657848	-0.05777414491524769	0.07873641974512077	-0.04699753278880825	0.23722861606076207	0.2848658045200963	-0.025636369409551826	-0.03633052854427748
DRD5	Coupled	Coupled	Coupled	-	Dopamine receptors	classA	-0.20464596717689024	0.0379280998053031	0.08480359720218826	-0.08487012366779968	-0.06670863009168188	-0.2356126103730302	0.15210214948771406	-0.07707009200672489	0.14965765586691526	-0.08659178456476693	0.24224219235940145	-0.03959839890247326	0.2617304913983208	0.3478650359829276	-0.22803484331116217	-0.2497003388374979	-0.009973647673191971	-0.18984889419102433	0.02473799534974394	0.03715010044848741	-0.12482249533306941	-0.34195206534440137	0.13249099485772525	0.07587369837070554	-0.029361093478535275
EDNRA	Not-coupled	Coupled	Coupled	-	Endothelin receptors	classA	-0.36736942247799903	0.12300004208596894	0.15847748566713363	-0.04156452508386259	-0.14643982408978784	-0.23097261739902672	0.21253810527913453	0.1477846661439457	-0.031923922354777284	-0.03405170173702243	-0.16603403008805726	0.591921210911127	-0.24915431792788537	0.27494621583583184	-0.27621167607664654	-0.30558760619311026	-0.046199448389644786	-0.19477583265456477	0.49643445656603474	0.1816065547825801	-0.13958249501515513	0.08614874804454738	0.1346012397582504	-0.12185412514870717	0.03611990071844053
F2R	-	Not-coupled	Coupled	-	NA	classA	-0.33479399272494714	-0.30114493039342105	0.05520550905372649	0.05293950273330766	-0.05858364337957071	-0.289766394720661	0.1980178610576967	0.0734591990094419	-0.14741004297520424	0.08250911016895278	-0.017291313485026452	0.41130826696061956	-0.18748622566630582	0.15217587548611328	-0.22363104086521282	-0.3089331279464786	0.23946578213670855	0.069397533607799	0.29007832150772367	-0.02454204097597436	-0.058875939981314754	0.051232799194422196	0.25375713332198746	0.09199502817396492	-0.18425567123798064
F2RL1	-	Coupled	Coupled	-	NA	classA	-0.11056936191285759	0.40581008210905944	-0.34617177360622897	-0.3247410119020322	0.07317499622795265	0.18525527617297483	0.1436654065098807	0.28009840677027853	-0.3236805447930587	0.029959842925292874	-0.08863466712990001	0.09739910856687321	0.049026913788696676	-0.10739952349418641	-0.07008964227292168	0.010237685530094192	0.15041073478881983	-0.18920817051864622	0.2944893939320851	-0.2539034807796886	0.23097085689924646	0.1446141945379688	-0.057887460802739835	-0.06489174633631935	-0.3966228854940223
FFAR2	Not-coupled	Coupled	Not-coupled	-	Free fatty acid receptors	classA	-0.1562098555801997	0.2745517933929108	-0.2534360846269771	-0.21426720141740782	0.024043395820231843	-0.021999844405682794	0.16229190159199916	0.4942466717282211	-0.2339144954367928	0.06940349831449205	-0.21687460500788036	0.2690424497792851	0.09413236036045976	0.06693600621781562	-0.00884360469063598	0.035038783736492246	0.09721946980100032	-0.1611072744506805	0.18613626081997298	-0.07326815365040577	0.24545731018104092	0.2832818374221514	-0.11697503252543588	0.11395589219947147	-0.29575780105570904
FFAR3	Not-coupled	Not-coupled	Not-coupled	-	Free fatty acid receptors	classA	-0.2768264343316761	-0.3893220894459672	-0.014428120591461376	0.4575992732506125	0.008095948874422786	-0.3301181755467596	0.12499964873143474	0.17183916015061979	-0.14730845268932355	-0.09065863208750269	0.056339403299947535	-0.23256771252221076	0.05810567532719613	-0.10035619049270676	0.3121257847490414	0.015914232400656002	0.2739895900277471	-0.3699407055288116	0.14485332608874124	-0.07805568650957427	-0.029472274170531478	0.17307895214263136	-0.1727536612456349	0.08262475083678475	-0.3002524705056711
FFAR4	Not-coupled	Coupled	-	-	Free fatty acid receptors	classA	-0.21467711249152707	-0.08711573688120565	0.22421350844737936	-0.11887293427572314	0.4136825797046126	0.03719163806872133	-0.41757749909245745	-0.2531901572802994	0.19378404718384182	0.1140719465574978	-0.013913631655369295	-0.018307902016049166	0.0666500279471046	0.11098410629399376	-0.12334273639143414	0.10310093932137368	0.029770256896907665	-0.0016131274936214742	0.01258571801210048	0.07600712973337616	0.15415331877511385	0.04568326066129455	-0.14968707669078268	0.06605848968033243	0.1504824931029337
GCGR	Coupled	-	Coupled	-	Glucagon receptor family	classB	0.04099354505400269	0.3656110544120921	-0.2558064730673789	0.08233244737036702	-0.009454831351393666	0.07398631433260217	-0.038354232720756325	-0.17683901278459116	0.05812199490414007	-0.3724182547104444	-0.08425038150277095	-0.3297173943187676	0.22576087140485265	-0.18538402408221014	-0.05839570039502968	0.23521656600427066	0.5017645680351366	-0.29916336584339304	0.3033166719055013	0.19659258157732118	-0.11704677564263208	-0.11424835151525374	-0.4202307134651836	-0.10514866591430175	-0.3779446234197577
GHSR	Not-coupled	Coupled	Coupled	-	Ghrelin receptor	classA	-0.25668931701340986	-0.08462750943769204	0.29120069102900875	0.0022858138578409786	0.4080340825710041	0.098512205342649	-0.4291575880726166	-0.24989663261148068	0.09368149248803638	0.016864632021274834	-0.14265252016643037	-0.0962301038093307	0.13958766447318843	0.18757318703641265	0.04951726316681176	0.11555052722472119	0.037902574680254604	-0.029594352843661364	0.006825656011156984	0.039432435205386654	0.14658218425752007	0.08961053485091174	-0.08000106263296033	-0.02323553533599519	0.10001340573930134
GIPR	Coupled	Coupled	Coupled	-	Glucagon receptor family	classB	-0.2675863970498614	-0.02272344738851334	0.2698453677458333	0.040161164556576597	0.4473659261029785	-0.14462601211588075	-0.43308289442758763	-0.10615982133049798	0.16453692622353738	-0.08805633834534995	-0.16475944795849656	-0.10139643873549364	0.0912665775844718	0.13304236251015322	-0.03213423950289787	-0.10750235969998871	0.08793452341518643	-0.007013727409408153	0.14265745019344525	0.04592749397714763	0.05611893755475624	0.10983536286548749	-0.09142862842344351	-0.03703016369527513	0.07580166525966842
GLP1R	Coupled	-	Coupled	-	Glucagon receptor family	classB	-0.44296314020674277	-0.0042494531151336295	0.5831034912019462	-0.05612265563331424	0.190259312369622	0.16136406159202502	-0.3094408540556528	-0.051461724634992614	-0.1570653160575143	-0.1251845526382498	-0.20752151320510465	0.021176800748753402	0.27778297232258137	-0.0087955451185738	0.06714059296106378	0.10711116270144647	-0.0345151889942773	0.16679385305140612	0.03641818160370825	0.13965966851847575	0.03125452877006304	0.09856771863767584	0.16668400810436096	0.07033929917290017	0.059405151306648245
GLP2R	Not-coupled	-	Coupled	-	Glucagon receptor family	classB	-0.19382008408312115	0.18740884678380348	-0.03667407685129889	0.5838408276581393	0.06489765710160435	0.31704568957450313	-0.07537003375552968	-0.09897398546279165	-0.07331200438098501	-0.3965258749643733	0.5818545203475926	-0.06962418396831767	0.21702851066160014	-0.14075314615055928	0.18621307880920268	-0.37510044145670296	-0.42024066476839095	-0.3056843522580485	0.35396546899632614	-0.29809851245261704	0.04112340752722049	0.04719033408416932	-0.22114547668642653	0.4588955396336479	0.26552333736616757
GNRHR	Not-coupled	Coupled	Not-coupled	-	Gonadotrophin-releasing hormone receptors	classA	-0.243120295980174	0.21985033874073162	0.23107661317601474	0.4793712632190739	0.01149821196683078	-0.1646083253979237	0.22722132975561393	0.15156011692757435	0.27706886991166674	0.061170781178369854	-0.23700860670356294	0.05160495944671132	0.03453914487202853	0.04867156388908241	-0.22350860535469208	0.47595887355818756	-0.3062701570358617	-0.41481777067997655	0.07546833036158447	-0.4554563122561587	0.12483269120495778	0.1690371395422302	0.1915667786808825	0.21263084368257307	0.0629417389747443
GPBAR1	Coupled	-	Not-coupled	-	Bile acid receptor	classA	-0.0934757307380759	-0.09626073540903914	-0.3827868176049512	-0.3341702266641099	0.010174351629525184	-0.15331065431679627	0.10293435060204098	-0.34787518868625533	-0.08456489588007288	-0.04154416092690987	0.0038740155903100354	0.12753804831178014	0.17931994841492116	-0.00580675255357212	-0.2173701478027356	-0.20735430152667525	-0.10452831941413473	0.043094164620151726	0.05256878382600401	-0.004690851371831666	0.04369951179144239	-0.1551539993456433	0.003966042900143904	-0.05928988108202313	0.08916884431370091
GPR183	Not-coupled	Not-coupled	Coupled	-	Class A Orphans	classA	-0.28257168660303583	0.06283175423713537	0.04124031338020115	-0.3566519034732632	-0.22826827440479147	-0.08786971436910579	0.1733048965319345	-0.3402981497757637	0.0660271375884155	-0.0550223162572994	0.003697561538718253	-0.2848142361651248	0.5782131752969518	-0.4742100709329461	-0.1651514461260354	0.35920530355266744	0.1169121806542645	-0.18002634913109725	-0.00522142890853054	0.10489414935350153	-0.157931188524308	-0.0761066496470167	-0.372737518448919	-0.270209906525227	-0.036438433696373354
GPR39	Coupled	-	Coupled	-	Class A Orphans	classA	-0.11670435941711681	0.12054114899708852	-0.264253400247063	-0.38993133806449104	0.013177009882884831	0.037114904609135003	-0.006765254418689077	-0.047803948629685344	0.42002437292321376	-0.11876839201810009	-0.11739156989664151	0.12058811390100564	0.1487778544594091	0.15001041793003764	0.1665304099538699	0.005902678624409864	-0.15804127529584636	0.22802282005323735	0.06558038361350046	-0.12217065063212708	0.10644249467562537	0.0557197901532245	0.04759008210836694	-0.40243464722541034	-0.092777235883306
GPR4	Coupled	-	Not-coupled	-	Class A Orphans	classA	-0.14343666131595345	0.27215508961579676	-0.29413681978603856	-0.2279787109017863	0.07353640632399927	0.06320360493298445	0.039895517063961945	0.1474976461119793	0.30290653990554955	-0.1804658607344803	-0.05110858431794537	0.02657326935522145	0.31660423763159473	0.10564998348263697	-0.01802625784491052	-0.2750279768831879	-0.05906136103481371	0.21343299294083118	0.15705120362800462	-0.272670118152223	-0.04423837860997261	0.04127690396880155	0.025068491287022075	-0.17829241041238578	-0.13223765779882152
GPR65	Coupled	-	Not-coupled	-	Class A Orphans	classA	-0.17586972100949821	0.17604061124532544	-0.24174806400659996	-0.33461776590484077	0.013160655471666638	-0.08931346136968224	0.024266187181087993	0.10297098082051549	0.2573837003493827	0.052626733556331684	-0.18662544584434307	0.23849864318855793	0.22388570128533572	0.24569638816462475	0.26158436945807784	-0.03824669149635975	-0.1465457704657197	0.27508280450733175	0.0014761026330492128	0.005802963302894917	0.13427968946591703	0.2680062463741042	-0.04724717888463269	-0.32348640781188026	-0.05908311158544744
GPR68	Not-coupled	-	Coupled	-	Class A Orphans	classA	-0.037993140597872656	0.00019415106709418434	0.12488921922531204	-0.05418989482511164	-0.2002846555660939	0.17141226095253195	0.09613386425916248	0.1034566198112648	0.13460807966402322	0.308936287749974	-0.023370053945793164	0.1316630677396085	-0.19119953243069632	-0.3439337196021796	0.11264413717943582	0.26532658399391007	-0.2858504023710756	0.09966508170759499	0.18283114539204975	-0.33652564625847564	-0.20122911291918352	-0.443918158865524	-0.08049322598936903	-0.23166466769443256	0.13441866760488624
GPR84	Not-coupled	Not-coupled	Not-coupled	-	Class A Orphans	classA	0.4587121741300558	-0.06578946157651296	0.26163137335932896	-0.11921137458231014	0.631981473467784	-0.04113461064847223	0.5718135408476682	0.049925567816319155	-0.02312233807241699	-0.16861275338833806	0.09326630012297771	0.1087164348197076	-0.031008883546833177	0.08018149625566601	0.01914898144040418	0.0957115625101142	0.018078652291194364	0.05924884747144353	-0.05479288433800147	-0.016984026501670663	-0.10386898515030069	-0.024924784320095737	-0.0012887500731476873	-0.09479386301888258	0.002653691510530768
GRM2	Not-coupled	-	Not-coupled	-	Metabotropic glutamate receptors	classC	0.5213066104253378	-0.034731670349976075	0.2973005058201316	-0.11085557193920709	0.6145817335007047	0.04728685028970398	0.545605103645588	-0.06356378706786531	-0.026616682402518174	-0.16228151851914863	0.11590340860579956	0.17507045635794583	0.05746511672560149	0.029837738919704093	0.1239719499939913	0.03983317090759058	0.017134510138857365	0.023186542945294833	-0.05378333254522775	0.07759764416889949	-0.10040351171029173	0.07584649937655215	-0.09589272979917882	0.028318417582065478	0.012307895387289235
GRM4	Not-coupled	-	Not-coupled	-	Metabotropic glutamate receptors	classC	0.5162378393885875	-0.09029087113790751	0.334208971789293	0.050775905421719246	0.6320163719724907	0.003661308849327156	0.5767245484695807	0.03881019025466422	0.10465942974190467	-0.24493348952101654	0.07006610483323639	0.19773772634339185	-0.03554989209121427	-0.02638528469421062	0.08987166766579605	0.10517148464236523	0.009265063500690134	-0.012696684241708759	0.06274874335435386	0.06753651937394828	-0.04344792590087279	0.058129860388165276	-0.04238719531797499	-0.06671187248525934	0.02402761022962537
GRM6	Not-coupled	-	Not-coupled	-	Metabotropic glutamate receptors	classC	0.5096439758605137	-0.034105848071147964	0.25851571236017445	-0.23226605859746494	0.6006668084797409	0.08307356563876443	0.550290062895724	-0.025539216335678256	-0.0979371121311591	-0.14988216996068485	0.1463938573146521	0.08689497932737733	0.07884305134062977	-0.0851827530627318	0.07130360388987153	-0.0075843072836183885	-0.05038954955501619	0.02743739922144129	-0.11585401219734674	0.00301275921957427	-0.17357098170870255	-0.05080409969040153	-0.04538771581507776	0.04373538713123964	-0.026257510568289302
GRM8	Not-coupled	-	Not-coupled	-	Metabotropic glutamate receptors	classC	-0.2663706804094729	0.21585166585268148	-0.1584856525083328	-0.13342502480445398	-0.010938724634048883	-0.18490092961438553	0.18189341986289012	-0.23169344401074415	-0.29585347837504283	0.09475771599023641	-0.06491257573287497	-0.02298334536307924	0.1047147854159501	0.12250511261005353	0.5298534566109334	-0.18052447639697825	-0.1643938922742997	-0.15734533089762195	-0.238909606124335	-0.06018282264011937	0.028914333015608282	0.03647523796999199	-0.03080560678286369	0.17489757811909132	0.1293287648729393
HCAR2	Not-coupled	-	Coupled	-	Hydroxycarboxylic acid receptors	classA	-0.3403197866621916	0.147129658943791	-0.06311426259902916	-0.24902025921985443	-0.08928247181717294	-0.13064750323301477	0.18572831281663643	-0.1764311768093979	-0.32994073943071256	0.11615595266150688	-0.06557074817548735	-0.028634754091934393	0.1435763359076447	0.1539001375255114	0.5922461212609315	-0.11593797963249339	-0.2359440700977415	-0.07750854471207977	-0.29610057028986625	-0.026941422313761752	-0.02692748283033725	0.05630114797322366	0.004244149424644701	0.1999231004406793	0.137838567606907
HCAR3	Not-coupled	-	Coupled	-	Hydroxycarboxylic acid receptors	classA	0.024341673860992084	0.28688130487326347	0.04710116135322874	-0.040870966063247006	-0.14968431872010843	-0.3173319458366728	-0.12126678272986145	0.20261091534697523	-0.05536713632028933	-0.11340918449166618	0.3987963999282427	-0.24379048454377253	0.175567888749424	0.16606748179111688	0.24427601526244075	-0.03148158413038546	0.20607868751487704	-0.04161972592130605	-0.14357092951384087	0.049622768443400314	-0.16919061412807213	0.05794116861583337	-0.09790208573349257	-0.301801941123357	0.029720849688684797
HCRTR2	Coupled	Not-coupled	Coupled	-	Orexin receptors	classA	0.13915719980066046	-0.1848334648484277	0.3010230962839477	-0.05625588267013202	-0.2836514349891688	0.34425750131914035	-0.09716407720371166	-0.008857704271315943	-0.03895188327124541	-0.20221165613360678	-0.23276179693080884	0.10419959740410177	-0.038892850233532075	0.20386826816057838	0.1208082612557945	-0.23660046155955533	0.03480505414701507	0.07558525511097802	-0.005606776223691867	-0.24846043010274244	-0.02961106097264608	0.1461555744838339	-0.1949327175369131	-0.021528613359894967	0.015267699999098766
HRH1	Not-coupled	Coupled	Coupled	-	Histamine receptors	classA	0.4657085020154477	0.2974816567714048	-0.31849304740328543	0.007897337114276835	0.02877574174764862	0.40084096930117735	-0.177208380560461	0.024902755170550003	-0.11257611515816884	0.14284246555295269	-0.006256827382491781	-0.19795869013631526	-0.09222661902319543	0.14009114087037589	0.029658704747538726	0.1585498319722278	-0.049284434463407446	0.14151151597176104	0.025568831424989797	-0.05499426411083628	-0.0017846171647235146	0.21059050444853875	0.20066517591129274	-0.04648209955174125	0.1349302289291545
HRH2	Coupled	Coupled	Coupled	-	Histamine receptors	classA	0.4973006968777479	-0.4742122157084155	-0.04319088043225316	0.14348956461376533	-0.1192091595098002	0.28507810811946604	-0.1371603556005669	-0.16305567223307885	0.1259072855199163	0.22008023742493624	0.07318160403059139	0.08245777008602856	0.16307771475985963	-0.13014802051137322	-0.058967616404512986	-0.18290495431381631	-0.02540520143694593	0.07039590885594944	0.06844059507792095	-0.026775116514925534	0.18706232338829473	-0.07297599621344028	-0.008713619790650365	-0.17011281227575348	0.06667337083739056
HTR1A	Not-coupled	Not-coupled	Coupled	-	5-Hydroxytryptamine receptors	classA	0.4203676145421402	-0.26295773985071264	-0.048600167290945635	0.4077583224734458	-0.008050634701532826	0.19579026324850646	-0.12103068467658949	-0.03307711214859828	0.261522043332741	0.11326107891530755	-0.047013519685532634	-0.1078192699524627	0.17175074952887875	-0.059117117474967715	0.04885649210087307	-0.38360349769120805	0.04601531124359206	0.025556015057000427	0.15700160459940454	-0.025617000664042967	0.09818989554609665	0.12733739140823921	0.15209544780520093	-0.2561564583867151	0.07753410884097628
HTR1B	Not-coupled	Not-coupled	Coupled	-	5-Hydroxytryptamine receptors	classA	0.42397848261155974	-0.33762197480305545	-0.08576550179784243	0.4653263200449014	-0.005302756145062682	0.22472350381256193	-0.10030787593883826	0.062053859150650426	0.14082774061464032	0.10045075794476727	-0.08531554173127115	-0.1634977474179707	0.04361214500607803	-0.17108673000368405	-0.017966527304909403	-0.3194305916912828	0.14786657955850832	-0.052069246241101264	0.099765328759709	-0.15573572324787063	0.10175145145491599	0.15049638240069432	0.30147012880834784	-0.35918009746099905	0.15209394501986934
HTR1D	Not-coupled	Not-coupled	Not-coupled	-	5-Hydroxytryptamine receptors	classA	0.12099172189329324	0.4455152436993773	0.23734437275372308	-0.06388361781131095	-0.24731625859656414	0.3194720453546604	-0.06362331728316976	-0.3156932224426704	0.024821874473288763	0.1684058996201629	0.25737619888137586	0.2522275833524384	-0.1359837365298519	0.06343066620465775	-0.43336807686092715	-0.09511935153299195	-0.01640617532947279	-0.21311599609804446	-0.0519439994272495	0.11713813955685713	-0.18256240932571463	0.28249383616327906	-0.011525178305622908	0.010856479022189397	0.11718956114733689
HTR2A	Not-coupled	Not-coupled	Coupled	-	5-Hydroxytryptamine receptors	classA	0.12086582973705147	0.1591062475604053	0.267908875400399	-0.11434324131903922	-0.2554612213969334	0.04720072683859437	-0.04257851336566763	-0.3922350985990585	-0.3522277815014235	0.061620475163247805	0.14467515715187027	0.07461927879676071	-0.15508169144003492	-0.10326283589198612	-0.3591666066082766	-0.06537933688193802	0.30406723424879933	-0.16338073571940112	-0.044635464324003386	-0.09928983988886354	-0.22886659792251643	0.3147290395376613	0.18670846263786411	-0.13327187824424994	-0.07258933419449178
HTR2B	Not-coupled	Not-coupled	Coupled	-	5-Hydroxytryptamine receptors	classA	0.20511011716851368	0.2560157260113834	0.14957787757794302	-0.15129201101364978	-0.17886601883922332	0.004723262024677688	-0.04017182347554183	-0.40181988319623185	-0.26959877527197257	0.08037389835345225	0.14059710243042967	-0.01891335847252034	0.026322079988349012	0.049788142017655385	-0.2969353634297829	-0.10050148752689174	0.1546545910039002	-0.18047645138845633	-0.05966222562121813	-0.08212702146337798	-0.12476560711719416	0.1902552117039864	0.2231521608195783	0.042517410794898916	-0.17171683642771318
HTR2C	Not-coupled	Not-coupled	Coupled	-	5-Hydroxytryptamine receptors	classA	-0.042570267704345646	-0.2888858234904395	-0.03598224137274649	0.15416147412740214	0.0070391545446936024	0.06677165993103064	0.13840926251904326	0.015228360066794316	0.1418870180580099	0.3958198058644366	-0.06786381309700845	-0.29491601536158496	0.10013491683054254	0.3207082126229288	-0.13515892627028475	-0.010566972113274977	-0.04580851377214713	0.0363208167049271	-0.15546355394426964	0.10361546159294188	-0.16755291214563192	-0.1778233261943445	0.022119745181049904	-0.018972273739008807	-0.38819715093361473
LPAR1	Not-coupled	Not-coupled	Coupled	-	Lysophospholipid (LPA) receptors	classA	-0.08684058466433471	-0.253041574564709	0.007515625221662635	0.3624630185809999	0.04052840094023893	0.09407468055568949	0.15088784655561707	-0.018360171356611246	0.03607934933910285	0.31865997883731345	-0.24500193582438815	-0.3838597878760754	0.19161148664160974	0.5105572062699472	0.014858147082680986	0.2022121195398339	-0.060769498885117325	-0.0028206068632379093	-0.3383074027425399	-0.0103998814455267	-0.009049020672857127	-0.03564181321216627	0.007682007682971865	0.04027475943191395	-0.2941374102768823
LPAR2	Not-coupled	Coupled	Coupled	-	Lysophospholipid (LPA) receptors	classA	-0.1298347438455529	-0.2619479391676157	-0.2582851028517869	-0.0813676380548251	0.0008118498624650392	0.48846942598936555	-0.0001765830003630664	-0.23767025707302114	-0.0017162998888596889	-0.31732530703782996	-0.05248701892245487	-0.002156253185681983	-0.14368316429506628	-0.06358457076227894	0.06705065900210319	0.4775432101352682	0.12056270895694061	-0.18033179375752242	-0.005265449020238424	-0.2131814116094069	0.14009699269604478	-0.11716937640014229	0.23408798911346693	-0.09912876192530021	-0.07247523018116868
LTB4R	Not-coupled	Not-coupled	Coupled	-	Leukotriene receptors	classA	-0.22563207999319887	-0.27318312386781857	-0.1480633951132984	0.03821633556956954	-0.010751778576395083	0.40310244454716276	0.025127681032104502	-0.21746720933292532	0.0537576903659301	-0.30517827878921766	-0.11697638081293446	0.17459616507124967	-0.07135056780571325	0.07698137450126132	0.0626863832690815	0.6179541179621773	-0.04590140811452023	-0.2970343852858757	-0.0100655384084063	-0.17674039086893154	0.2542623573778042	0.058456781301206434	0.10435692934651772	0.04177102289036763	-0.001282392504422771
LTB4R2	Not-coupled	Not-coupled	Not-coupled	-	Leukotriene receptors	classA	-0.0947154865196885	0.023989217810399952	-0.130240282013035	0.40842845937643646	0.02875555679622462	-0.3151300535116037	0.17120311237304994	0.12427749072216697	-0.29870970871534935	-0.007709041589866647	-0.5099575697080244	-0.2566066835838057	0.04144692896078218	-0.18622768757487299	-0.2591837494394193	-0.09465239248792279	-0.38143444401873106	0.19838382605781732	-0.013489982954124359	0.2407685916339446	-0.19243549342125682	0.04004105301490089	-0.29272451660999577	-0.11784934040533643	0.14548490831475552
MC3R	Coupled	Not-coupled	Coupled	-	Melanocortin receptors	classA	-0.07993913189091037	0.005148399507499501	-0.09308156287130731	0.33663885865614146	-0.006473747403973069	0.00832402124354397	0.16314080233598716	0.1817117390317184	-0.15920706778372398	0.03417770361426593	-0.422772252686481	-0.22355861966006982	-0.0051938029978348425	-0.09374023251832664	-0.3389298441844257	-0.04580187199157365	-0.38399309501609724	0.1692149069240239	0.0372819138267248	0.24233228420613345	-0.2257653291252895	-0.05346747350116057	-0.21335667044443687	-0.09198302058840463	0.09276989404614533
MC4R	Coupled	Coupled	Coupled	-	Melanocortin receptors	classA	0.16017216345148874	0.29710476923390094	-0.23265032775976213	0.08862812294121694	0.06495463039583137	-0.48207492238567434	-0.03415258166075817	-0.4804495895842112	0.027966909359185596	0.4830385364451905	0.15306466932402632	-0.030204160393236718	-0.276126687248938	-0.07442226367968285	0.2599784463195731	0.26568581452151047	0.06801411386759187	0.2508348445396729	0.35103913596697967	-0.21482554086768713	-0.26414072909994646	-0.06651218064392132	0.11436715126638884	-0.1078806730029191	0.02776912811174987
MTNR1A	Not-coupled	Not-coupled	Coupled	-	Melatonin receptors	classA	0.11731228139816606	0.42960110927509576	-0.08742220837284881	0.28584257972607596	0.028039297944505045	-0.47029774662195	-0.06195231361516309	-0.4094131626670176	0.1245935632415489	0.468415159878501	0.16476631083143567	0.09679069839407796	-0.22332017765809953	0.0025623191857882454	0.3954282482206482	0.31376056417018583	0.051130019376362655	0.23394823420851837	0.3450691749391414	-0.07160695601051524	-0.13716003192685267	0.06870538281179547	0.11421625249517467	-0.053741546028858396	0.1122667446394263
MTNR1B	Not-coupled	Not-coupled	Not-coupled	-	Melatonin receptors	classA	0.07016761104081512	-0.20406444770514467	-0.056692902862234995	-0.03593130948858778	-0.06765194545331478	-0.1324724547336792	-0.0855255527059026	0.1130449308724046	-0.04059473638486735	0.2074921093448336	0.36690242050487726	-0.049369050185735	0.023568328065799	0.1046274857299517	0.2622366766507859	0.3307945831509109	0.34459064972977493	0.03585912199294555	0.06474206848384895	0.15622717902853384	-0.008625891641696843	-0.012555067997366165	0.01145006298876371	0.22108633650490725	0.15194315053035035
NPFFR1	Not-coupled	Not-coupled	Coupled	-	Neuropeptide FF/neuropeptide AF receptors	classA	-0.22016891395086616	0.020133902505018755	0.46876996722623576	0.13670813157325276	-0.29090419848169335	0.38531238894741077	-0.0759240891142188	0.2952048906246976	-0.2816885936130214	-0.34761890940175616	0.10896020950006667	-0.039164057366933826	0.5141233627678103	-0.05201573302698068	0.404660783463637	0.16684672665992317	0.04039666066773394	0.6204471109283338	0.5833652053833992	0.5035596579696613	-0.24620546425881823	-0.1524406740133159	0.5384871916001102	0.15085033268092232	-0.2048344847573338
NPFFR2	Not-coupled	Not-coupled	Coupled	-	Neuropeptide FF/neuropeptide AF receptors	classA	0.07540994896446361	-0.1781378288224518	-0.22620948438424204	-0.057166717433435245	0.02222682251362906	-0.07227454478111238	-0.10503185515576484	0.3098438471913499	0.007000107563487527	0.22916366886071407	0.5259589058996077	-0.13184732808821395	0.22710295898640562	0.4563159188225548	-0.030560494467302718	0.1018971632321	0.10290037108680418	-0.1409193847938146	-0.002968256824086574	-0.13119528063238325	-0.24352504723839682	-0.32482672532678614	0.031779751255860106	0.08335477662143016	0.20532480617512971
NPY1R	Not-coupled	-	Coupled	-	Neuropeptide Y receptors	classA	-0.1365191583530354	-0.17846375969894768	0.2698920121669288	0.1649982721179559	-0.2289545459708278	0.013632708325134253	-0.09638697222375119	0.4632844699511344	-0.1807775614407117	-0.2537483613047012	0.12183568809501924	0.08954362155452124	0.0834754381526236	0.3276543169103021	0.057034744180526335	0.0409347391137723	0.16132465297040705	-0.20383603184694266	-0.04303169990751184	-0.361016419343582	-0.3222738201533924	-0.2994672176656976	-0.14696018807699796	-0.28922626573154614	0.48265982015962533
NPY5R	Not-coupled	-	Coupled	-	Neuropeptide Y receptors	classA	0.20239447381016676	0.05320654444895561	-0.2743181195114716	0.09330968540345183	0.005644492122262947	-0.017016050974878228	-0.1279366930273194	-0.04206044177954463	-0.03430344014742059	-0.13287961354580313	-0.11292745824956164	0.019045836223829583	-0.3141128047753402	0.0376605908828412	0.25304068483248615	0.057300701361448124	-0.024278050201102904	-0.21691499790203447	-0.037055854627802226	0.43032235096164767	0.10698660849084907	-0.16469156568530358	0.029073804300481853	-0.12620212706911443	-0.014516774925795825
OPRD1	Not-coupled	Not-coupled	Coupled	-	Opioid receptors	classA	0.08747948321172218	0.02657357494746154	-0.22730821644098992	0.038638693627482415	-0.03595529171347398	0.03701171807515091	-0.10624801463955606	0.07890683692325409	0.023057891948736104	-0.08021418258209269	-0.07255700037224878	0.07994625887099845	-0.29751743625822	-0.0059002162111939215	0.2575476493553729	-0.10026690180134543	-0.07617827718033689	-0.2421369086383364	0.07600021440949024	0.473706167854172	-0.08333662809172449	-0.0453475918615889	-0.10299976624632884	-0.047711246062193714	0.0729200032173009
OPRK1	Not-coupled	Not-coupled	Coupled	-	Opioid receptors	classA	0.11446143453507326	-0.05831936734522063	-0.2631064067601759	0.18335437670570906	-0.007219595392143614	-0.11869531389417684	-0.09495064657278746	0.00833931363233684	-0.045208996505914506	-0.16046538912148467	-0.21301879819270078	0.06937488642886004	-0.38130191116089707	0.020955059559792148	0.17118618141437528	0.06210689384283583	0.06885620547995185	-0.3235321751565372	-0.0067173281915899425	0.4018318162003501	-0.009520728191170528	0.05979657921639181	-0.12163161504976544	-0.11713991674883982	0.09064485273667136
OPRL1	Not-coupled	Not-coupled	Coupled	-	Opioid receptors	classA	0.11352660201698783	-0.03127096959887717	-0.24486283445988014	-0.12523832537248553	-0.055421621113175744	0.06579625986192376	-0.137514831308051	-0.01805224854567213	0.12450019629946209	-0.07420215203133314	0.02145280237685714	0.07656807058574283	-0.3021413065078662	0.1407667161122991	0.13157381550616817	-0.07031253351920246	-0.1463509394731632	-0.22480199881855814	0.015809935392113054	0.4943297966849081	-0.03440640857385388	-0.21102586611145283	-0.10664396517318248	-0.03651539627321774	0.1012376840720819
OPRM1	Not-coupled	Not-coupled	Coupled	-	Opioid receptors	classA	-0.14834975233694914	0.07109785727241201	0.016293122494487538	0.28085685253402953	-0.05748359502099648	-0.31878339015929363	-0.09306921761827121	-0.087186662613608	-0.42623490684375376	-0.4066663300331246	0.595866455617167	-0.1606728255626509	-0.40826606217369915	0.040212661204541436	-0.10054582357706733	0.08088449205489015	-0.2796428885682526	0.36731812290706733	-0.24167685852450962	-0.00433948298252784	0.22313794426603478	0.1290779789660068	-0.12349997617755429	-0.20608244953704222	-0.30211259924993406
OXTR	Not-coupled	Coupled	Coupled	-	Vasopressin and oxytocin receptors	classA	-0.29248241219947296	-0.31639883043500844	-0.21009270475462785	-0.2216328935964446	-0.022871165350424653	0.073704622853324	0.05502987758786461	-0.25697650136777905	0.06508937713716925	-0.11440563266276303	0.041130372705717184	0.18132638945670118	0.05033103390047809	0.21734163289382924	0.10107154161946404	0.08147627968814353	-0.09413695671990613	0.0463225218655498	0.02577235551466596	-0.09622848284113052	0.1306080545420296	-0.15512351504293828	0.04579579063322409	-0.1919300903272331	0.027524433041124216
P2RY2	Not-coupled	Coupled	Coupled	-	P2Y receptors	classA	-0.23493921683101066	0.33678399958277844	0.2260558486318446	0.12343724998075684	-0.14280912246551664	-0.18037992756738716	0.3751479658187098	-0.0274902861168199	-0.013072825416294875	-0.31770950264319003	-0.24582832012031702	-0.27319471251840916	-0.3267455779124576	-0.14449800395277393	-0.2894539508385703	0.12114624609886061	0.342366816803016	0.16950876345119162	-0.20715220597094755	-0.044292595492488936	0.5120706828051493	-0.3593618253876824	0.3254846730203771	-0.0846230918417128	0.325324537548585
PTGER1	Not-coupled	Coupled	Not-coupled	-	Prostanoid receptors	classA	-0.26577648756522976	0.13438965848780443	-0.047436279462148734	0.06643918867796042	-0.045543331807100074	0.14294413720935764	0.40665516999634166	0.3488649065301748	0.2274950506297594	0.39024146605396587	0.10646822089242251	-0.198990038594347	-0.028567205333016002	0.08074043665608639	0.044491019088164836	-0.24102679349667291	0.25238333882462827	0.08369144756559378	0.05383222144111764	0.019223346250898717	0.33314920022656785	-0.05858434012771892	-0.2810445723875679	-0.07899957566219479	0.13076257807457523
PTGER2	Coupled	Coupled	Coupled	-	Prostanoid receptors	classA	-0.3059685293513126	0.1415929096779174	0.09460166507155143	0.15961944853908844	-0.07178981965347417	0.3683610270760803	0.32614901114377165	-0.3074991061252345	0.34762116335515414	0.10173905369101724	0.14145502381422426	-0.1670255888404689	-0.041556811082540425	-0.0496826560613455	0.007703354107803764	-0.3018431905216055	0.34123424767220467	0.237980799852072	-0.002367830915448499	0.2727446213728975	0.31189684536083884	-0.07401462536357067	-0.11680864086210556	0.1480778248044648	0.12614366353678436
PTGER3	Not-coupled	Not-coupled	Not-coupled	-	Prostanoid receptors	classA	-0.36304746284178463	-0.32060640909630694	0.14374265664119013	-0.4901909987338811	-0.3233681112788079	0.029903977232697596	0.3392281775875375	0.5195945350818009	-0.16590833734836274	0.33911093215950483	0.16836865405249865	-0.06507331172588555	-0.22797260467877278	-0.36225090318334097	0.09018514640846999	0.127329651885181	0.2389994104109144	0.1527015724476057	-0.07697821025904199	0.06268129560624627	0.14606877583325695	0.2495481302537453	-0.17100017262670347	0.03990647566391698	0.43866082595015154
PTGER4	Coupled	Coupled	Coupled	-	Prostanoid receptors	classA	-0.27010840942975006	0.3908388505672642	-0.005123921493544767	0.051186474746611	0.03128055025258615	0.3666629621528662	0.3568470381723525	-0.23065298587004182	-0.032588084707454563	0.14739179292671245	0.061404037502845066	-0.2914884779720674	-0.23740667046013425	-0.03991584191555368	0.061293048514180486	-0.4022371001404084	0.3920317569587169	0.19359685392829395	-0.15067781091051197	-0.017364782028741255	0.24993941852309637	-0.09900042177059971	0.052368292887918	0.1553387506330283	-0.027522199846063206
PTGFR	Coupled	Coupled	Not-coupled	-	Prostanoid receptors	classA	-0.33468815357418574	-0.4267785285848078	0.5014567957046546	-0.28969146237398186	0.16383602583125403	-0.18384613819595524	-0.25532460481679276	-0.14125386660346353	0.14977083152150997	0.08500812755276552	-0.014457124262588796	0.16424299576170495	-0.15128427584828513	-0.18525624105253097	-0.13146889295553973	0.03562626987284723	-0.026808383739472405	-0.07742282890722887	0.1213177355697839	0.1630886321092446	0.05372757990496692	0.0084786053852812	-0.115698460887908	0.10071301140780149	0.012518883230146929
PTH1R	Coupled	Coupled	Coupled	-	Parathyroid hormone receptors	classB	-0.10699863587410476	-0.3526158776014925	0.05180894619930208	0.11529723221287083	-0.0639032791823609	0.2119443808418393	0.14649922471528498	-0.1296285945330076	-0.03398566064001768	0.45579902121619	-0.04144772939832319	-0.17988883493932095	0.06167814522620984	0.2616822493296549	-0.12394362250209158	0.05499704384938277	0.0010764758165372537	0.009709164829680433	-0.27354606356566386	0.044738853600168806	-0.17506813378034172	-0.06514772424149984	-0.010383784518747137	0.13148911853130893	-0.35992059940298216
S1PR1	Not-coupled	Not-coupled	Coupled	-	Lysophospholipid (S1P) receptors	classA	0.191438472365604	-0.20539917215121634	-0.3755252850743817	-0.1648693691958711	0.01172968773251577	0.2113038970814816	-0.1257391217767867	0.16494141475972915	0.004515348833491427	0.05428747092944499	0.11292109734188535	0.07656566471002745	-0.3613490527848707	-0.07809831846348286	0.07887203600028445	-0.06098420509072559	0.08550394081470472	-0.16590601544674063	0.03606754797587059	0.19355217157679666	-0.05070513741311608	-0.1510316865826966	0.10191875217094702	0.1514547159928487	-0.21926855482206895
SSTR2	Not-coupled	Not-coupled	Coupled	-	Somatostatin receptors	classA	-0.10643353434020629	-0.1462980023016266	0.15868020428423116	-0.03478253655712831	0.47014194638474255	0.020928848459083795	-0.454587122227494	0.0889431517119199	0.02934164606567734	0.22949953364932707	-0.043067599892350136	0.013768302153514475	-0.05609518439336172	0.1685280143147557	-0.14153549335911567	-0.002158485055344544	0.09251674159211637	0.04490898635823013	0.09477819054248562	0.09351833034674857	0.11081180262906233	0.0894349350433322	-0.09735557917098128	-0.06875444412397987	0.02456842057981418
