Gene	IUPHAR	Shedding	ebBRET	STRING	Family	Class	PC1	PC2	PC3	PC4	PC5	PC6	PC7	PC8	PC9	PC10	PC11	PC12	PC13	PC14	PC15	PC16	PC17
ADORA1	Coupled	-	Coupled	-	Adenosine receptors	classA	-40.84086688656167	-3.197532422825325	-40.354552749457504	20.589263463499687	10.452730966360033	-16.30966904259861	-6.066682785122718	12.130583094622821	7.9959928448901385	18.483305824948207	-3.680742959556564	9.049915608035205	17.578092940483337	6.176480896671283	-10.534302669716588	20.504313648991168	-1.4808500727922682
ADORA2A	Not-coupled	-	Not-coupled	-	Adenosine receptors	classA	-28.270075504093423	-14.18035105773314	-37.527529781390946	6.323342906045475	16.397921468802277	-54.93562002202046	-5.104522838761363	7.0021905548975525	-16.848367628414092	21.792330781153783	-2.103319346861013	1.7329551665400653	11.621158841495722	4.05168084181861	-4.998277669368808	12.527227533510077	3.437771789385952
ADORA2B	Not-coupled	-	Not-coupled	-	Adenosine receptors	classA	-26.45592675885052	-23.83198850150684	-44.675442566115166	-29.603666563831112	18.7669834959261	-57.7295249438367	-6.437522776411159	10.657458786873104	-9.643161187079325	11.72164031088762	4.621268394658785	8.841159642047325	6.464125680444847	5.5315356720526045	-3.319490519336203	8.511438440655864	8.94674830437162
ADORA3	Coupled	-	Coupled	-	Adenosine receptors	classA	-56.26021751866434	-14.467768677542308	-7.124553324019016	19.19503496860142	-22.250943337460797	-1.881016432711254	9.945518552398012	-4.656913482857757	3.18192845488937	-10.194799955171401	-3.07882248846087	-7.850746940375532	8.611136134550023	8.249163452817044	-3.119738736280583	17.184076715872887	-5.010919321663801
ADRA1A	Not-coupled	-	Not-coupled	-	Adrenoceptors	classA	-52.43477196852921	-3.230021792970303	6.937319858335085	66.18305869893928	-17.25105972176709	0.6565178556715033	7.01315911656961	-8.103201669127937	-0.7673012046902271	1.2276805392716104	-11.506847889562321	12.666660242104877	-4.819730786466041	-11.140524371413319	-3.9595077997251433	-5.945398721239443	11.11939933933862
ADRA2A	Coupled	-	Coupled	-	Adrenoceptors	classA	-48.756103127012345	-5.1879789739556745	6.318053819462327	67.41438224868067	-17.257787767344396	-2.387079208676664	7.076814580624611	-6.071422979775115	-2.241310229664135	-1.6706581335205428	-0.05581368595682702	10.228649573707084	3.08264330603688	-11.238349774889441	-10.688853975517913	0.4150320912564088	18.28474957110086
ADRA2B	Coupled	-	Coupled	-	Adrenoceptors	classA	-46.788180946439574	-15.910708381290794	12.666102896863357	60.37571446635103	-9.63177105672709	-0.34858396691278504	0.9131571142344215	-11.339627115166216	-20.467067225129757	6.81956783685071	-8.476048635827029	24.9887683153976	-11.86987588605428	-19.65100850799587	0.3602964667920409	-5.863740222709622	7.245527739342279
ADRA2C	Coupled	-	Coupled	-	Adrenoceptors	classA	-49.52166846861365	-5.760510020431003	-9.582794348691158	59.71554917167378	2.181628945954632	13.859134283205083	0.41314890550106836	-7.188966979018025	-7.804805673159909	4.902637667034824	0.6037630409585973	10.185403650046082	-13.925039885282496	-4.691741474288569	14.774802330976865	12.308674500488097	-9.174414645448964
ADRB1	Coupled	-	Coupled	-	Adrenoceptors	classA	-53.67659946907903	-20.29534044407375	-2.8519889897612742	22.415636196450876	-12.689436275632207	-12.649766359160504	9.144871693543191	5.553179720837633	0.42724104972351495	-8.553998120218935	-1.958041036798749	-17.334974743948077	1.8287141177067632	15.87064364614589	6.339973833545841	16.535758400644045	-8.741314957117389
ADRB2	Coupled	-	Not-coupled	-	Adrenoceptors	classA	66.5987398573135	-38.39274413624438	11.35807619229959	-21.083659589658208	-10.206927399484943	-12.479379313744818	-2.842128792066342	-11.547272561663158	-0.09542732393154611	-13.140839467338457	6.889652550045651	10.122556409894576	14.129098936662464	0.5827978263390209	6.1918108563206316	2.403558018249776	8.319309213845457
AGTR1	Coupled	-	Coupled	-	Angiotensin receptors	classA	57.29719693271275	-35.22802683823408	11.814681319877273	4.7200266804247315	4.502468786719758	1.6196424734166763	-4.851872191560351	1.7416590370066787	8.978564713441544	-5.040778087265353	3.8330373001976237	3.075872590720435	7.776222059362827	0.44587839217452174	-0.6984079473631715	0.48905792026953754	-5.552887024209235
APLNR	Coupled	-	Coupled	-	Apelin receptor	classA	-1.034193578620802	1.1323507821435028	15.38035454430835	-8.934941032383058	17.060521725739097	22.743928262220788	-21.813965994795122	0.9388814505009713	-18.021523723591095	-12.464970172666906	-21.445648587152064	6.062069848180206	-3.6024564228413647	16.554129061243838	-17.106406732657497	-4.5562119943639106	-8.972606509911392
AVPR1A	Not-coupled	-	Coupled	-	Vasopressin and oxytocin receptors	classA	12.394974524518663	13.494983746484836	7.218342878128104	8.396276146712509	39.54206720287135	20.125243471155326	-29.151763355052353	-2.656605616399138	-25.15711737297744	-13.461672945488148	-11.947872064001835	6.513501562372684	-8.296541260984249	14.312811581249385	-11.761899864717524	-2.5303159472416694	-4.235581692102781
AVPR2	Not-coupled	-	-	-	Vasopressin and oxytocin receptors	classA	68.66430791828358	-9.356445262742234	-6.209953640419242	10.240958730079482	12.567037797799331	-7.326830895544373	-6.9538298642375205	-1.508291738619098	17.083686709848237	-6.5642408321544705	1.81444941190808	-5.45675272562384	11.416167822436941	-2.4116937345615894	3.5917924704237114	-6.293496867234621	6.019815503261023
BDKRB1	Coupled	-	Coupled	-	Bradykinin receptors	classA	44.62216410514081	-13.639403269135979	-4.859664908169237	-8.638386803996296	-1.0302213609966233	2.821986026522802	-3.7814341262333473	-5.354231843354281	21.502718564573556	-14.358416054481472	-9.028882971284464	-2.6766650202189233	10.949367989463495	-2.6898502954398316	7.613697099763118	-3.9866989804023607	0.88248994477088
BDKRB2	Coupled	-	Coupled	-	Bradykinin receptors	classA	58.16403734106604	1.5366593928660262	-1.5390353748142453	9.119136342742035	2.713741694039924	-17.98289794311345	0.8550546444159467	-17.09474161338037	-11.757768776390547	-23.892070244652036	2.0964828903560724	19.953074049131132	27.210710951917417	40.166259708269294	21.18866196419674	-10.970833647569627	4.2403831266724445
C5AR1	Coupled	-	Coupled	-	Complement peptide receptors	classA	-20.493824964217012	58.44090518081779	52.67574182969607	-44.05770627528634	-24.37540360649925	-6.377977206180199	-18.618501298358193	1.8036619180624553	0.7383651514987272	-6.405569751533525	18.630795938329893	12.823776125859705	-8.393164682226287	-6.094392215777043	2.3761579508747706	3.6053067332680957	-7.937705162615471
CALCR	Not-coupled	-	Coupled	-	Calcitonin receptors	classB	-2.244752343551991	-23.15984955140203	16.024387865148157	-10.953689047441001	-0.9621669235545754	27.76757480293443	-18.94510539761453	1.7332842987453507	-8.822659652089742	7.942493494962038	1.4973269532632199	-3.8408102950355167	16.378769811918644	10.022847869279714	-11.633442712998322	-10.033801555985304	1.5457314311438695
CCKAR	Not-coupled	-	Coupled	-	Cholecystokinin receptors	classA	68.6231313041323	-27.262859911385263	20.923252623917517	-7.797116231309412	2.6472721801727137	-18.816731537873384	-7.003021087161388	7.410135430496734	7.684851073382795	-14.851831756488975	-15.704189812490435	-3.1248450081441916	4.936824137067583	-15.522613660305034	-5.1768029957929995	11.776640142931125	5.298944024082082
CCR5	Coupled	-	Coupled	-	Chemokine receptors	classA	68.40796420364742	-31.44524561493466	20.92266086085833	-11.86966536608849	-4.577223610256002	-7.947108579541915	-8.41328284611323	-1.7176109654956804	11.465253589810866	-15.783521631431112	-18.378413450493657	2.493269553846807	3.082436894848828	-18.35937648396546	-3.626787178182494	5.798609762365404	-1.7544852013292416
CCR6	Coupled	-	Coupled	-	Chemokine receptors	classA	-37.92698919794858	-36.37688380245147	18.246214265401132	25.13101484700262	11.695818435673349	16.317808237451263	-2.8714895138983896	53.78846928611925	4.8139427469657665	-2.4402783599431244	5.395582105135846	-6.10472422687933	2.8309294217341967	5.654206464249416	5.368035218983207	-9.939865446425046	12.181468648499383
CHRM1	Not-coupled	-	Coupled	-	Acetylcholine receptors (muscarinic)	classA	-51.47180513476381	-46.62368108605547	13.190074945726458	-12.438702228639157	-14.78017632000833	15.667681124833635	1.25874595304085	47.89319553273743	1.344899612629376	-5.425943570175323	6.1079653078982945	13.36528523625794	2.2997636505548877	5.721189633634277	6.412754940865601	-2.2951048287139066	7.013861892055351
CHRM2	Coupled	-	Coupled	-	Acetylcholine receptors (muscarinic)	classA	-62.913227902334604	-32.34134632268295	6.786036205808298	-6.255925192904233	-12.957354507358803	39.503359289700654	3.8604674754024737	35.896415081039514	19.966606103555083	-9.623240377912772	-3.3711085370836686	1.3577578445182008	3.456613901099225	3.8547033424334107	6.61855081790563	-10.115084514387352	-2.91768528180273
CHRM3	Not-coupled	-	Coupled	-	Acetylcholine receptors (muscarinic)	classA	-48.38389772523258	-40.54797548466779	12.591900033718128	0.2915220017047643	-3.1321802302022355	18.64826858004965	-0.9653516351018394	45.75779172933372	-2.000474025840214	-3.3085698030664052	6.042899779027108	10.479790648284128	0.28017969914838853	0.08782562014327638	7.564793255036074	-7.694081828530907	7.203908457061012
CHRM4	Coupled	-	Coupled	-	Acetylcholine receptors (muscarinic)	classA	-58.39931259033103	17.46839667130665	-77.33705898551905	-35.968962445754954	-9.350866098009055	4.2658183489939665	2.110645998936308	-19.585408459422936	33.99681572522028	-0.15010957577517295	-5.998391545052486	17.890208192140175	-5.298106295052854	-0.7521542809189905	8.469127757050098	1.6039350612311791	-1.5655178146651751
CNR1	Coupled	-	Coupled	-	Cannabinoid receptors	classA	-33.825021634701486	17.790528936980188	-72.00232916710706	1.6651526460854085	29.03463109858329	-28.223377450645778	-0.2737353272470908	2.6738996354927087	22.194657291412245	1.0937491938605943	-1.2149216868101695	-3.842596412199375	0.7985062982024359	0.5549873056915301	-5.948961830476333	-10.049037729729585	-3.3220602069090983
CNR2	Coupled	-	Coupled	-	Cannabinoid receptors	classA	-10.43826806050994	78.47375610180596	48.170716809248916	-24.715201017203817	-17.42491909379287	-20.04331971706626	-27.62403744418868	9.01599429814406	-6.239810316456835	3.126829982470581	9.426153562367501	10.585500335261468	-2.740071083736425	-10.3668104905601	4.719236514678166	0.6900966938896292	-0.6203912364490812
CRHR1	Not-coupled	-	Coupled	-	Corticotropin-releasing factor receptors	classB	-9.399804661650327	69.8137792889559	60.65147347709499	-35.910580786810264	-19.866938449633746	-31.691957123663002	-28.49622506818254	9.497054304459649	-7.300923116762061	1.377965421971841	18.56388297815292	8.97618747984372	-4.719553082809984	-11.518187294944434	6.020201680739952	-1.0029312611585184	-6.186426196173134
CRHR2	Not-coupled	-	Coupled	-	Corticotropin-releasing factor receptors	classB	67.10791857753676	-31.131550584824293	29.230826049786202	12.53959396760085	7.072451783189592	-15.019306018469313	-9.239387579633009	-2.132791123560536	11.45040833850197	-16.969604473348053	-17.51615501022638	-10.585765868458012	2.9086918681680936	-10.24600474884222	-1.1144617713015432	2.8285180154235814	2.2788751351938323
CXCR2	Coupled	-	Coupled	-	Chemokine receptors	classA	74.10282711846519	-36.29270115099158	26.375822411056426	-9.158134635014866	-3.888170509095793	-17.53337692145455	-8.230864767101266	-3.0954244043509744	7.933157418113929	-21.609815569936032	-15.540811816026464	3.043655040785261	-0.9273552252261107	-16.198336601512914	-2.5803855427532594	9.602582266916142	4.310628441753308
CXCR4	Coupled	-	Coupled	-	Chemokine receptors	classA	66.0303522718166	-25.07427788242973	16.322978732088956	13.197678616293878	11.618491597116593	-5.984100329519167	-10.983655163430514	-6.477777074115675	15.04017977097992	-14.608919637616749	-12.983387077350212	-10.418450935866145	-1.4527335087018112	-17.7935016347278	-2.5127785920096404	1.5378199933037582	2.8938577554813336
CXCR5	Coupled	-	Coupled	-	Chemokine receptors	classA	86.97159632244353	4.847230623791305	2.8963561794817165	-8.463836730417789	-27.82070523676398	-13.317530630070548	24.574379728085084	-2.4552717318562376	-13.954497668020817	7.036728153418834	1.964958882512193	5.816725263743147	-5.963047545737387	3.915249386687967	-4.6565378052229836	1.2871627911139893	-1.5027712570117393
CYSLTR1	Coupled	-	Coupled	-	Leukotriene receptors	classA	87.34927334239177	10.232166230316844	-3.5587504923650823	1.5965508017831613	-22.591425622914556	-8.82888291218951	23.765688540390354	-6.096052220385061	2.103789681488901	3.2329492284014747	2.6986143792884967	1.5236357150490012	-8.918977444903591	8.812253852603945	0.3116802402763397	-3.40750149940682	-1.1903891882584634
CYSLTR2	Coupled	-	Coupled	-	Leukotriene receptors	classA	-60.945796678746774	-19.94637652223007	-3.9572988126449307	18.19962234870732	-24.859818327566746	-4.277964261284602	8.386983728015945	-4.812373955325931	-7.2879212371001145	-9.379166568753151	-2.0540957106436415	-7.314376025827118	8.998872448748733	5.3352981776815	-5.8535742574474146	14.255217399122213	-7.849374384471053
DRD1	Not-coupled	-	Coupled	-	Dopamine receptors	classA	-56.93442078477343	-38.55554121710324	7.448788208273903	6.283069025294879	-24.20129604126108	-3.949669492182809	8.571290486658878	5.865568589063198	-4.718844042419361	-4.392179061352201	5.213249603818116	1.1051483887403453	-3.143594839723305	-4.750152167321556	-6.684946807858127	-8.150290333155418	-5.1839014116190105
DRD2	Coupled	-	Coupled	-	Dopamine receptors	classA	-57.99782879480192	-10.47239358408544	-7.3247906289623215	33.74785632619385	-14.565668383597615	3.5782192886453488	5.697544684713284	-6.343461063849038	6.104646970615021	-6.300380630166349	-7.638938583813391	-17.193781897206986	5.2280790029535575	7.456177692042199	-2.3277087646104433	9.568803530986884	-11.134372832332124
DRD5	Not-coupled	-	Coupled	-	Dopamine receptors	classA	14.20956935460502	-31.369182209090916	8.634137010333324	-45.11415921244942	-9.90977210050351	29.45400527731192	-7.527771717508838	-8.73966647647005	1.635066457828456	14.953978124045632	-1.3086233757056305	-5.099545965237947	3.2500560101781106	-7.806059986587544	-3.7781848790806634	-4.677628189049219	3.539860817455314
EDNRA	Not-coupled	-	Coupled	-	Endothelin receptors	classA	52.9503535310427	34.662184077684174	-18.043258095712336	7.920497992811548	-26.065265720037516	13.269963372944197	33.26547578383144	-2.660934981400845	20.572483805746636	5.235867333407616	-16.037353175687315	-3.240098058704297	-22.365054732557066	16.53957173860005	5.729608975426338	-10.598868833507135	-13.677038875494345
F2R	-	-	Coupled	-	NA	classA	48.51748442299101	19.256186835673862	-8.474576096162746	-15.912206169519182	-23.980904838635706	12.249771010050996	26.058911967947868	-4.329420563314007	-5.872269910447259	2.68842828683371	-5.031292104285994	7.024650402125718	-11.126937107900057	9.524570235837102	3.7741782072083727	-8.156140423831523	-9.392185395192755
F2RL1	-	-	Coupled	-	NA	classA	65.72966555070106	37.739171728126664	-29.547682730732028	11.867340950439115	-0.18479359300132614	-5.281389573993913	26.207458892360407	24.010755635615755	-8.934205880709069	13.242523713091126	5.37892404331847	-3.824309973918694	-0.15466675354427784	3.8412070675190266	-10.51921586731239	-1.3605494901932993	6.437606096155861
FFAR2	Coupled	-	Not-coupled	-	Free fatty acid receptors	classA	65.77590569220457	41.465748184374675	-32.974127167057375	27.082423162580078	2.5278469115631945	-0.2875982084732542	26.18310554503242	19.185090823262644	4.408921195919205	6.928726985245876	6.915730525794583	-0.708532019403403	-0.26972317345308205	9.408165272180794	-12.021503070534557	-5.981640853995332	9.790370066961106
FFAR3	Coupled	-	Coupled	-	Free fatty acid receptors	classA	14.980960243342084	-7.80452454022907	-24.89503252137079	-11.31116915751867	20.23236607169838	4.797666035830391	-13.679862901828729	-25.696128915567122	0.12300283072420029	-16.649442884581436	18.532090146364606	-6.370057639749564	-7.174999146044547	-0.9773231837819422	10.627672425281132	-6.88903887419623	2.5432274446659635
FFAR4	Not-coupled	-	-	-	Free fatty acid receptors	classA	-14.899134969960006	91.33492361514475	50.10995046351463	14.380124643284852	-7.68047046155225	-13.920696218425425	-27.19356700116413	3.7589578273227664	8.247873139515784	2.6816928426839435	-0.4603503979688339	-8.622475671305372	4.3929735530700675	5.106020723506524	-1.7992018069333713	0.10492775899647955	2.83236966637573
GCGR	Not-coupled	-	Coupled	-	Glucagon receptor family	classB	36.14166676054857	-43.293830532428125	10.209546212254372	-20.30427538463162	0.5023758089844692	13.191233591643408	-18.33316036142794	-5.050936958348918	-14.734680338565338	43.21071842556068	11.50713766200271	-8.631272358330735	9.330228593751405	-9.691147689226039	-4.465517019361598	-14.675362952864925	5.228961153416802
GHSR	Coupled	-	Coupled	-	Ghrelin receptor	classA	-13.515212016976925	99.17927779772656	46.268315436300284	24.64999478148558	-7.271298415792406	-15.093697943533215	-27.227920648480712	-0.2923623673718002	9.171126986990762	2.895197873392829	1.7865610732780346	-10.578312438195455	3.433505551223977	3.8529512761474223	-1.5867825420936528	-1.1199177894223016	2.912013963544113
GIPR	Not-coupled	-	Coupled	-	Glucagon receptor family	classB	-16.50873069155185	89.37903422333055	47.512139717749164	-0.5922289875842213	-12.27012734507917	-15.904665142666156	-25.981872112942366	0.6408567479873856	6.269146165085726	3.3965153838539393	1.866548495308536	-13.507410943865466	1.0510423516265615	3.804916815599322	1.9473793724690194	-3.242927054848037	5.245553191378491
GLP1R	Not-coupled	-	Coupled	-	Glucagon receptor family	classB	-28.085729844358614	93.9219109894174	23.51627695772284	10.786473299306376	-14.066934472134895	6.408860302213865	-22.67363903184671	-5.292777661681227	28.002738379572037	1.9087563845487654	-5.023834670595392	-5.259085566060051	0.25130112573117325	5.694722727834217	-0.4245966259418661	3.088587688965826	8.868292340337584
GLP2R	Not-coupled	-	Coupled	-	Glucagon receptor family	classB	29.33761126324755	-13.672785267053746	17.401699503201264	-34.3881625214872	26.35588454082453	0.484961965140136	-19.523170957869578	4.7401081964108025	-19.175342679012584	-21.203987959974604	-12.06188362654055	-17.2043548806716	-24.60818818645629	10.25082559733227	-13.788843807458022	-4.172863473561181	11.035793712661341
GNRHR	Coupled	-	Not-coupled	-	Gonadotrophin-releasing hormone receptors	classA	-4.3052682947496095	21.90326183352035	-54.8242210157855	46.935789704504224	53.366155644548016	-7.326028219608291	-13.61701909359931	-24.592492929966454	16.33811981341702	-11.468053196596834	32.040566012870165	-10.950445631241589	-7.85109584639448	11.55863628159675	5.690860406814304	-7.752646057490359	3.4310301710135485
GPBAR1	Not-coupled	-	Not-coupled	-	Bile acid receptor	classA	71.2681594741079	7.3952276960020935	-13.68863116964253	-11.451033535175197	-29.61317559957184	-9.177615418573147	27.610448608304313	0.9678120558049389	-8.9610177737882	4.957362533990595	4.581294325513962	1.7276851798683526	-11.201818548017963	5.3974466793021225	0.2903950921079908	4.170172456886503	-4.9082239610856995
GPR183	Coupled	-	Coupled	-	Class A Orphans	classA	-7.912992477065692	-7.293368136537522	-25.38677317480368	-17.812622063502495	-11.527475662095002	36.55792975724319	-5.160728812831591	-19.55170606188122	12.363237173177207	24.132842848243495	16.523808701187352	-17.159458764066457	18.065867810145665	-6.8862355364968275	-20.470129286524664	-5.92422766143056	-3.9695417914762734
GPR39	Not-coupled	-	Coupled	-	Class A Orphans	classA	78.48164338554389	23.08253258506746	-9.78961211669995	18.92966578416166	-9.0846003938658	4.091017021115351	23.896878480108082	18.14329105097434	1.740221788992129	5.53292561505107	6.869299082011113	-1.4558568930314986	-8.993579311396056	-3.557134904416012	-9.038866409311838	10.93995135734234	-2.543542468751572
GPR4	Coupled	-	Not-coupled	-	Class A Orphans	classA	78.1280454147477	9.050823122390716	-4.806616863070092	-19.73320572613993	-24.127211106995528	-8.807435361264277	29.68824402462424	7.554527196365224	-9.77244774155854	-0.008078771811318736	12.383917685244809	-5.821848314500987	-11.2757870591482	0.0600586424081564	-4.967216067756484	2.320352523674048	4.461973165885904
GPR65	Not-coupled	-	Coupled	-	Class A Orphans	classA	76.81211667225425	27.986829736329618	-17.271103331710506	20.939345658709335	-13.27103762525377	5.432095277932644	27.367921295012493	11.838910579643965	10.781607273832616	8.382514698466526	9.521492053969032	-4.19848548686685	-8.855364414272486	-0.21507076947884912	-9.861923444796355	7.19237751774003	-1.646611689899094
GPR68	Coupled	-	Coupled	-	Class A Orphans	classA	-24.6849163137371	-8.317072453800288	-40.415845593382464	-22.939254727126183	6.224705578736488	13.549510209901861	-8.748457751309726	-7.780165282868047	8.685228506105513	-7.034195133208045	26.17341267318676	16.735739253461592	-2.8648308133076923	-4.567310111523311	0.7513503921607305	1.162249419723001	-3.8084805946618006
GPR84	Coupled	-	Not-coupled	-	Class A Orphans	classA	-37.18716131646752	5.654996514947985	85.54938881245867	-16.051767019905697	58.414917708636786	0.7558278010251688	54.84256593340256	-12.134343911032001	6.089456846914183	4.088521101944796	7.663838023239279	2.978807412240726	1.877559761841264	-2.392953799615043	2.422799230797774	0.17232025146194913	-4.320436302818959
GRM2	Coupled	-	Coupled	-	Metabotropic glutamate receptors	classC	-45.79265027444278	5.944683305566485	86.58570870348377	-22.706111022351	48.34404244127537	2.6492593788437477	54.86053585203465	-7.046971650598938	7.3217223439929855	4.097736129750864	-2.899200257643476	0.21008537413782288	3.6996254531284647	0.6703127017529305	-0.5245866303826734	2.5368370351877534	1.8473447324691266
GRM4	Coupled	-	Coupled	-	Metabotropic glutamate receptors	classC	-41.03853650506012	13.339535797379275	87.1661516325572	-5.808303117031836	60.90481678311465	0.0951294650157356	52.90898861327093	-8.650609530449701	2.0553135982623196	7.4121879882834065	-2.263892019614143	0.5317542688335694	1.5181825131652102	-1.298094924379083	2.0078938034296723	-0.9051189079452884	0.46325288389508323
GRM6	Coupled	-	Coupled	-	Metabotropic glutamate receptors	classC	-47.48180967791942	3.722168814749009	85.37533204196343	-32.50304331804363	40.86099381497211	-0.9489480881533009	57.110286122302	-9.925869065673627	4.952049968261206	4.413873448533957	-3.2741517099585047	4.297794436297356	3.9610117992427414	0.16868550749413508	0.4418529302214143	4.212642002047001	2.9338077062212475
GRM8	Coupled	-	Coupled	-	Metabotropic glutamate receptors	classC	52.33259049277788	22.35476962597225	-21.84895375213105	-16.462822284096053	-17.79639534250206	7.820614424592931	17.56682722455019	3.8558991773936704	-5.728513640379089	-13.396424407870272	5.470037409760753	7.258407476449233	12.342402898467876	-4.077493952763871	1.7436946008300056	2.900020294945962	8.879274619208326
HCAR2	Coupled	-	Coupled	-	Hydroxycarboxylic acid receptors	classA	43.668065939802396	28.61141867426145	-29.453100427753693	-14.353926617760905	-23.53338686431181	16.32920951070666	17.197859255374734	0.1812589214740154	1.897252456048509	-11.904755403855136	3.4626963258729617	10.49618904485073	13.011834247697163	-1.8973784945416734	0.22534275786668206	8.16162697938478	8.77470598425973
HCAR3	Coupled	-	Coupled	-	Hydroxycarboxylic acid receptors	classA	-8.907737026535054	-46.670833428246056	25.313992399115687	-22.230516467538486	-4.885963550383597	25.683607566694146	-20.042856911985258	-1.1184795022433907	-1.9312377554809559	14.36826788807962	2.85337552458446	-10.89374141380971	-1.642346248322034	6.348152456734063	-9.581233025682328	0.5186509075701373	-1.1051692874980297
HCRTR2	Coupled	-	Coupled	-	Orexin receptors	classA	-52.053682239712735	-30.519122646280763	-6.899492183752969	2.1191941048455862	-9.188035572705203	24.827537347888395	6.7891959319163675	27.29733655340059	24.669863802760133	-16.117885280803964	9.866356024305132	-9.562479824181098	-3.7805298486211383	-1.376716857197929	3.251460852690986	-4.581344596195834	1.6751404796177458
HRH1	Not-coupled	-	Coupled	-	Histamine receptors	classA	-30.361131069230755	-48.4043043492407	-1.6400772348059642	10.88163551085174	-9.707880929755607	-29.783876072021748	2.8499666535118666	-5.5599604749810885	-15.023981940280002	-1.364158694268575	20.65198218193766	-11.388698143900116	-1.8211416378344962	6.60466566413161	8.317247843779972	9.356311677717548	2.3891873673819286
HRH2	Not-coupled	-	Coupled	-	Histamine receptors	classA	-58.127458492345234	-25.739684571105244	4.659709193648472	26.503760776616573	-12.681537335763036	-8.641558967732204	9.05161647766103	0.45122795222943685	-5.631265605735584	-10.419014001594617	6.004372111197998	-3.334658801120215	-11.156638797690245	-5.715710323844276	-2.3095859609511358	1.8064202950731976	0.24076119394198017
HTR1A	Coupled	-	Coupled	-	5-Hydroxytryptamine receptors	classA	-47.39655380325794	-33.41273935763647	7.25726082273422	12.519795606413037	-9.175119027221726	-22.48063879302028	6.454142044395392	0.13625608646955711	-9.500824706616683	-9.295798071775259	6.036479702644842	-12.454805477988335	-19.233234396051465	-3.6877655461514127	3.063593431798596	-8.66981810550771	2.3252771156127126
HTR1B	Coupled	-	Coupled	-	5-Hydroxytryptamine receptors	classA	-46.82945866744614	-33.58961468575734	5.465860330504885	13.582005585495535	-14.082136344650062	-27.988684618438878	6.78035975986421	-5.063543174124702	-15.24255493578164	-12.505081224674866	7.365885297811407	-13.510818531159828	-14.567034184993844	-2.8366569541055657	3.1488807325592134	-4.552445076373763	2.4124828583521003
HTR1D	Coupled	-	Coupled	-	5-Hydroxytryptamine receptors	classA	-58.48969308986728	-25.60540649188533	2.4688775888655945	4.620520532317314	-35.58249618767228	0.6625642152242124	9.6108908933595	-26.264484311866735	-6.377633532262992	-3.8825282485027466	-6.457240517364062	-3.565262009048664	8.093752469067626	-0.9422501429640058	-8.26716906163172	-12.21266226167822	-5.090748265973802
HTR2A	Coupled	-	Coupled	-	5-Hydroxytryptamine receptors	classA	-60.63548571981454	-28.306471535038252	2.7829502690567827	-3.1138233637839052	-38.13054597138691	6.838659627548037	9.553306193485104	-28.46968433986672	-7.355661283153941	-8.29916575938962	5.348437689390669	-1.5095194038438347	10.07002299133024	-0.8485383329509452	-9.59939043204168	-12.722450527690361	-5.514790775705725
HTR2B	Not-coupled	-	Coupled	-	5-Hydroxytryptamine receptors	classA	-57.20983353786035	-31.976171042566637	6.449437679399005	3.273653788548107	-39.39760676399479	-7.7658118061222146	12.36144012022479	-25.86138960765466	-17.811343583928952	-1.3471998293580951	5.614479384471344	5.418174424282827	9.04273715205465	-1.006995357449579	-8.654904203405588	-5.086254008916501	1.8457427174382823
HTR2C	Coupled	-	Coupled	-	5-Hydroxytryptamine receptors	classA	-44.542792600759775	2.4572802112745924	-51.35124358202012	-35.23173264687957	12.632108448096808	-31.388879386789462	-1.9923320852505308	7.550223841529485	6.454259208159088	1.967787290329079	-6.92455440257157	13.02008160104091	-3.656563726036322	-5.849954514985172	-3.3757944067101624	-11.006304050805252	-11.67548976313887
LPAR1	Coupled	-	Not-coupled	-	Lysophospholipid (LPA) receptors	classA	-30.258923047770207	6.724273878265564	-50.113559025616745	-7.726755335611677	34.80955301124089	-27.094357917400895	-8.3450844611725	12.162637385081656	6.253721041678915	3.556276072281765	-4.297115178970436	11.151877369242154	2.742860243283662	-7.469577514738677	-12.417563575177905	-12.89223993898531	-11.182263106319141
LPAR2	Coupled	-	Coupled	-	Lysophospholipid (LPA) receptors	classA	70.35677465261182	-7.797933380983734	-9.230126633926435	34.2475955185691	28.661833678405966	8.738869820839648	-12.973292816189051	-8.796853679877188	-1.055338639174321	-4.783239062590246	17.332861511571778	11.026107282392537	7.516257355692782	-4.051346174892408	-1.5070928228630955	3.805889673655085	-2.1681224386419147
LTB4R	Coupled	-	Coupled	-	Leukotriene receptors	classA	70.65697138128802	11.79696913342062	-13.065229412978912	62.33949966683538	46.82173964000995	17.84658166495366	-13.314899530378234	-5.250843857845071	7.710136335149624	-3.257600209874832	16.707914965297096	6.804454935275789	5.393568067029679	-6.903794815352335	-5.71356156605105	-5.10205727235257	-2.6217496673370992
LTB4R2	Coupled	-	Coupled	-	Leukotriene receptors	classA	-31.57616755651179	15.042076687007812	-59.83275881950921	-17.554826443461067	9.852115035341532	-46.02950178707218	7.614474815066607	-3.1344529648216923	1.6945429743874438	9.345185745337435	-17.598060666399675	-11.150176935120598	-5.458537825110083	-0.2824582096557016	1.2542737081182185	-11.230890804465115	9.242460158524505
MC3R	Not-coupled	-	Coupled	-	Melanocortin receptors	classA	-33.88216136256509	16.816057786976454	-69.11142566164571	-19.123338189552474	2.734877632448539	-40.3892724724228	7.9623795733467775	-8.042093205856798	7.769521678521777	9.460655399016225	-20.070428609262464	-7.088911465481222	-5.82697725016886	-0.34229656177674184	5.2244204504821745	-7.72882871603957	7.327830188401587
MC4R	Not-coupled	-	Not-coupled	-	Melanocortin receptors	classA	-13.200954314497265	-29.80198144314862	-16.896731239654823	-32.311462565133205	18.95019637776128	-12.316034919555602	-17.89359804876431	5.190313912845038	-4.392945847238942	2.8982142563033486	12.986025710041218	-1.4287030512412284	-9.26417705702057	0.5928618097828242	2.0320896846063867	20.292665394937643	-8.498074758639312
MTNR1A	Coupled	-	Coupled	-	Melatonin receptors	classA	-3.6388619797544313	-19.04183276693976	-17.601380284988398	-6.562099052785011	26.268132923881346	-2.9066227583575217	-22.444954748183537	1.2667986064856191	2.284178826535338	3.592934077256357	10.024992654933392	-4.172323666683671	-14.544564463576066	-0.3936677772450477	3.886258619755644	16.345766223498863	-7.532885263609535
MTNR1B	Coupled	-	Coupled	-	Melatonin receptors	classA	-0.9658296132028739	-31.66730416629835	13.340209949647935	9.074432898447505	17.84272510777001	23.736857620524876	-24.797581748560642	0.29698546394336084	2.797485806666774	16.604743192976795	-5.2978930074772785	-6.056394627086618	-2.1476142792542414	6.754072958854386	-3.6287829906173945	10.72896584385539	-1.7123449541791007
NPFFR1	Coupled	-	Coupled	-	Neuropeptide FF/neuropeptide AF receptors	classA	-22.78548099480143	-26.234490073184922	-4.867372349897413	-13.576948583348095	-7.305573593993472	42.37114862611128	-20.25234269873996	-26.519715047152825	20.616312839416008	29.308784828533877	-17.7644267890268	20.43238224870399	-22.967380410295092	17.64954306637406	4.4891080729205095	15.195623035363205	32.184580652910036
NPFFR2	Coupled	-	Coupled	-	Neuropeptide FF/neuropeptide AF receptors	classA	7.466415401343015	-54.675022882832735	10.566089684301344	-44.64866977639374	2.1382445476206122	7.320373421854701	-17.7421955394445	-6.9057784606036545	-1.140410486056376	2.9612440381611718	11.652902633033623	-0.5519376829335286	-8.285247689898162	4.82393924104897	1.687054566683491	7.002049167057534	1.69093822901417
NPY1R	Coupled	-	Coupled	-	Neuropeptide Y receptors	classA	-10.07518413774459	-36.65690833119008	-4.9915805473230375	-35.89777344886451	-8.420596593995125	31.474677980130878	-12.345522401974817	-16.965932198727483	14.424848747497013	-12.412889513781268	17.370616846246385	-2.7607785305508545	-11.448763715487308	-3.630321108782407	-5.012912462079723	-2.079642671253681	5.159169430673502
NPY5R	Coupled	-	Coupled	-	Neuropeptide Y receptors	classA	42.78995052792516	-44.45527187997925	20.058875183951557	25.456934009113578	7.81862294287776	-4.727069965623169	-16.968725598133442	5.211708265245707	-5.259442378199013	22.538250355779113	-6.474289027054324	0.36059951697672027	-2.6400253633701034	-5.906400938479245	15.776519213504688	-5.9508436384637005	-9.797332230118675
OPRD1	Coupled	-	Coupled	-	Opioid receptors	classA	38.43974235986624	-45.872622660802975	18.751542402657474	8.590718401562748	-6.313325642954438	-5.088841564312025	-10.557904141141401	0.03430666672784624	4.704897095036602	17.42895421801204	-9.994657233438183	-8.045548412389635	0.19374222967975332	0.07007713833912144	17.48389682265643	-7.1981449917661475	-7.0515099263645835
OPRK1	Coupled	-	Coupled	-	Opioid receptors	classA	45.75405282712203	-44.218128498054526	17.320255932551593	21.545748497113497	2.9620618474271785	-6.723470718846747	-11.034196894496006	1.2761750028146996	2.3091889071038008	17.18337246984567	-5.485369012631434	-10.90464614912095	6.530853410464129	0.3098956753536719	14.172087396354224	-5.88203918099383	-6.867180167493051
OPRL1	Coupled	-	Coupled	-	Opioid receptors	classA	30.646488446305867	-44.916327199256365	19.026318912110565	6.564336936906625	-8.923820467693789	-0.20799926929730456	-9.463296314818583	4.5907865941661266	3.281320092793882	17.878668019192723	-15.8352891402989	-1.7327001427402016	1.2975070506779425	-2.2600247761010013	17.28398999223113	-2.5024368382084843	-11.725554725587761
OPRM1	Coupled	-	Coupled	-	Opioid receptors	classA	5.351175738458667	2.3427189523750633	19.537993109233067	-2.002441874428494	27.079897725231817	17.02609796744511	-28.46607215885955	2.335939312252007	-28.221847963685263	-13.698205675060072	-16.450744879311888	12.30596238070455	-7.297014142073981	14.748597126405704	-15.350804887373124	-1.7259687379091915	-6.107703868487136
OXTR	Coupled	-	Not-coupled	-	Vasopressin and oxytocin receptors	classA	78.92035424477419	20.00213228955853	-3.6162293278605784	26.321364806641142	-7.3019854504722375	12.24562892364499	11.1210995283203	5.013971410974488	1.0838552645244877	9.011611430396231	1.0361272340346879	14.104726026553259	-3.4784701158235234	0.8784785157131907	-7.939197891164769	-1.4409149056504884	-14.25759018981492
P2RY2	Coupled	-	Coupled	-	P2Y receptors	classA	-5.758298454234067	68.49426766062699	-54.144488765717746	25.080116013129558	29.43948776466882	47.13759169014317	-4.3575936071930155	-3.399775401742776	-32.01106957036427	0.8716121609755477	-2.7957928324961685	2.739063556309421	-0.537926896212932	-17.843734192585938	19.280062425799137	0.36299365306874104	-3.224037415105104
PTGER1	Coupled	-	Coupled	-	Prostanoid receptors	classA	-14.337976655015416	46.00968689742362	-44.72739740091316	-16.325594898229653	20.272791757103494	30.258866702606607	10.014663502149523	8.390509251666169	-30.35595915973134	-6.625145134964649	-4.032882179925828	-13.57352879754205	4.231691265117674	-14.531982437170214	1.7209362471697773	1.8240751854265698	0.4987226990778956
PTGER2	Not-coupled	-	Not-coupled	-	Prostanoid receptors	classA	-8.438619238158275	54.63176594456706	-55.01181719415921	-22.03548774081925	6.22236181401503	29.399240375041824	8.015570171414417	-5.653653663583363	-21.44510120638773	-0.7627728193119309	-11.926731377427501	-13.527017224143128	2.316696051673344	-7.560821013095774	16.21538574076476	-2.459940151770068	6.933285166621555
PTGER3	Coupled	-	Coupled	-	Prostanoid receptors	classA	-35.189972290277204	50.65738126037972	-48.90624671778652	-12.300210272157875	-4.307844348583801	58.67199716060598	7.982539865648216	1.667146812553603	0.42674995316278747	-3.456185160284371	-8.82893559456103	-4.534512533451118	11.082997438194077	-5.6161846557458786	3.1721261962069467	17.02694664924609	-5.9598327437667535
PTGER4	Coupled	-	Coupled	-	Prostanoid receptors	classA	-3.4032361468526737	50.24363128617809	-46.075091275002606	-37.103536158282665	-0.8159626417375363	15.763420975916079	15.838818048522272	5.797651367414816	-30.05030631028368	-4.919752250725198	-8.098013064600902	-14.689332249502895	12.467203851691254	-4.619896271930371	12.837050267398284	4.052093437140283	8.56187032326159
PTGFR	Not-coupled	-	Coupled	-	Prostanoid receptors	classA	-41.21347761617445	75.22598548220502	39.085665827120195	6.0345601642780045	-19.11754075255397	17.40487799883521	-15.795387490617758	-2.474469258609785	10.928465304118742	4.196958630830187	-7.085089743222625	3.9290092910473446	4.29357622755585	1.0150756185370722	0.19754026128172117	1.0644388008938932	-10.230081612959186
PTH1R	Not-coupled	-	Coupled	-	Parathyroid hormone receptors	classB	-45.604489760209454	0.1188196623346464	-51.66713436974128	-36.84520776364449	10.064054953861254	-17.451211236343	0.5798308056217808	10.268779816689008	12.540649122823046	-9.5526192728987	-12.302259832302822	14.957154182934765	3.226400905485825	-5.327660397637114	-7.269329849946822	-5.038488515692129	-10.73146345674854
S1PR1	Coupled	-	Coupled	-	Lysophospholipid (S1P) receptors	classA	37.50427016701978	-50.93134657568819	20.679457722507216	-5.964097130791029	-11.638946545008398	-12.920628240526504	-10.594534710908281	-5.147889401143472	-10.755584015900066	10.958630577071409	-3.870530064724943	5.7808757459714295	9.682513987099219	4.095275321323448	12.775376900802135	2.0968532220510907	-3.427583590625439
SSTR2	Coupled	-	Coupled	-	Somatostatin receptors	classA	-20.845361267183442	84.37529435345768	54.83135434722801	4.261017126931932	-15.526450549277907	-25.42663115528794	-23.215351035302614	1.435186241870944	-4.7423042538242415	1.9053539456737418	-3.2969094018223353	-1.3605721142354952	4.3314028097061845	2.6708096821744354	1.333203745915036	-3.5205971820934328	2.144867070282146
